fetched_at_utc,city,condition_id,question,active,closed,end_date_iso,start_date_iso,volume_usdc,volume_24h_usdc,liquidity_usdc,market_slug,book_ts,yes_best_bid,no_best_bid,yes_best_ask,no_best_ask,yes_ask_depth_usdc,no_ask_depth_usdc,yes_vwap_buy_100,no_vwap_buy_100,outcome_probs_json,clob_token_ids_json
2026-09-02T00:20:51.753494+00:00,Los Angeles,0x6a06be4e5ca877f1cf3c1d05176c1c477ac25817cab8b20af775d5ee25756676,Will the lowest temperature in Los Angeles be 57°F or below on September 1?,True,False,2026-09-01,2026-08-30,106.0,26.0,118.5445,,1788308857277,,0.961,0.039,,70.89,0.0,,,"{""Yes"": 0.0195, ""No"": 0.9805}","[""65808680614098158224876593084850827880701118219585969855489592751396290390325"", ""63015800598872361164108092916456845407586765993047255789880952429061452841737""]"
2026-09-02T00:20:51.753532+00:00,Los Angeles,0x58da3a37dd131fc23a288c6d012cf98c35ceeb40977d63b4d7c70c563d9cf5cd,Will the lowest temperature in Los Angeles be between 58-59°F on September 1?,True,False,2026-09-01,2026-08-30,90.0,0.0,13.0575,,1788308857277,,0.65,0.35,,29.09,0.0,,,"{""Yes"": 0.175, ""No"": 0.825}","[""60883134440338596435034040997491032570422925022557901695388022264806142706110"", ""20274946492340273936054320095893078004845214028682746667869318882413535847174""]"
2026-09-02T00:20:51.753550+00:00,Los Angeles,0x74d342e65f55350ea0fb61fc0d29940a24c24024ecfbff76b519b13b54cdc3f4,Will the lowest temperature in Los Angeles be between 60-61°F on September 1?,True,False,2026-09-01,2026-08-30,18.8,0.0,0.0,,1788305682000,,,,,0.0,0.0,,,"{""Yes"": 0.5, ""No"": 0.5}","[""42087157738786042390834992844673645298555788478681435392381013477544147567894"", ""91509694467461960047834783695373071724106779785868622670686764024764149291807""]"
2026-09-02T00:20:51.753573+00:00,Los Angeles,0xb3d6075c9899862006dab2b80eb7186a8faf4c2df12d41ece95e752bb21eba61,Will the lowest temperature in Los Angeles be between 62-63°F on September 1?,True,False,2026-09-01,2026-08-30,106.83691599999999,88.03691599999999,19.0677,,1788308857277,,0.66,0.34,,63.57,0.0,,,"{""Yes"": 0.17, ""No"": 0.83}","[""31822787163202537461155561864869939624681339611701126826725175383646825623149"", ""89792142425974305095477921451590564717394807660681087633351997809218506098873""]"
2026-09-02T00:20:51.753593+00:00,Los Angeles,0x28aeb3c118b230bdfbb80ad55b5561a63fdc3282415c9d52defb8292b8da565d,Will the lowest temperature in Los Angeles be between 64-65°F on September 1?,True,False,2026-09-01,2026-08-30,109.97863299999999,1.85,2.6055,,1788305598976,0.01,0.05,0.95,0.99,46.55,15.39,,,"{""Yes"": 0.48, ""No"": 0.52}","[""76815549232769631877633419401238601168764222038029601865815681997931890472388"", ""3182283984492853424919715245365720032082975902022671266830532448426620213048""]"
2026-09-02T00:20:51.753613+00:00,Los Angeles,0x343deb9f2881305459cc1ff32f68e55e1feba6dd9997d03193309714c256f256,Will the lowest temperature in Los Angeles be between 66-67°F on September 1?,True,False,2026-09-01,2026-08-30,62.92019,0.0,12.5,,1788305612732,0.25,,,0.75,0.0,37.5,,,"{""Yes"": 0.625, ""No"": 0.375}","[""93108569605153856109985289257571833655516581213458805890098108725282467169492"", ""26422999392660366773969207823777757964878707907979335809010935158752874630826""]"
2026-09-02T00:20:51.753631+00:00,Los Angeles,0x38305e2640d9ec215ac79773f7af54eb219d0d561b6a4d0c5ecc47ab61eaa759,Will the lowest temperature in Los Angeles be between 68-69°F on September 1?,True,False,2026-09-01,2026-08-30,38.8,20.0,1584.60639,,1788308847278,,0.999,0.001,,114.97,0.0,0.059588,,"{""Yes"": 0.0005, ""No"": 0.9995}","[""106344008926002071562005054639428032666624429487383233980791721020183585310507"", ""67096741519477775643778849234370863722645103805744807411273307125696731145414""]"
2026-09-02T00:20:51.753650+00:00,Los Angeles,0x6a64ea120c5252ccae399c0bfc7cebf7d7aceebe350299af3ff56be8aaf7f75d,Will the lowest temperature in Los Angeles be between 70-71°F on September 1?,True,False,2026-09-01,2026-08-30,139.2,85.2,3708.63609,,1788307387249,,0.999,0.001,,6487.47,0.0,0.027396,,"{""Yes"": 0.0005, ""No"": 0.9995}","[""96587248496371177404452069332708802286548125679481787484599280912771718693346"", ""82957514534626986779995554055126965240382436391143087783920143203574916992880""]"
2026-09-02T00:20:51.753670+00:00,Los Angeles,0xf4d2f01a8b35e95ead28fdec11dbf498ea6b84eb2dcbf0d1c66b8949513de4a5,Will the lowest temperature in Los Angeles be between 72-73°F on September 1?,True,False,2026-09-01,2026-08-30,105.0,35.0,3218.98819,,1788307507249,,0.999,0.001,,6444.67,0.0,0.031625,,"{""Yes"": 0.0005, ""No"": 0.9995}","[""99590435909596455214045167138295789252405037930581103313293563476431820351086"", ""68689720572312854265686666706803186167812090140820210031477433333673471351379""]"
2026-09-02T00:20:51.753690+00:00,Los Angeles,0x8d5fced440e9133750a5b1bbf076c3941aa2a8ad65ed9e58ce53f7099e5724f7,Will the lowest temperature in Los Angeles be between 74-75°F on September 1?,True,False,2026-09-01,2026-08-30,304.276938,154.286438,2922.29139,,1788307980000,,0.999,0.001,,6397.9,0.0,0.034894,,"{""Yes"": 0.0005, ""No"": 0.9995}","[""52819778710912388860376680883493943064385096678425095359761041063536633589811"", ""103499109116990272349638168864663943238123114006871730699709704905232874664480""]"
2026-09-02T00:20:51.753708+00:00,Los Angeles,0x7c849695cad186eadb5b562a24a0d41164025bacb8344ee04c4edfcca3d9f230,Will the lowest temperature in Los Angeles be 76°F or higher on September 1?,True,False,2026-09-01,2026-08-30,105.347163,0.0,2821.19643,,1788307387249,,0.999,0.001,,6402.55,0.0,0.036172,,"{""Yes"": 0.0005, ""No"": 0.9995}","[""54706488881462818610748229347492000121083370339252125130598225437605088754791"", ""34994022187158579739226099969330541273801551320323960361583290683156262818999""]"
2026-09-02T00:20:51.753728+00:00,Los Angeles,0xbecebc931aeb02da466758cf7623f558d413c2fb7ebafa8d1111f714b668a773,Will the highest temperature in Los Angeles be 65°F or below on September 1?,True,False,2026-09-01,2026-08-30,144.841,9.57,11767.22779,,1788308817387,,0.999,0.001,,6662.27,0.0,0.008562,,"{""Yes"": 0.0005, ""No"": 0.9995}","[""14600179545789925003894405671400256064852995524264004992711131104699406087725"", ""72090969096162133075089225803901514130624916093693910822791259886636113305209""]"
2026-09-02T00:20:51.753748+00:00,Los Angeles,0xfc2eb47265fa19239e9e00398798f6ac0ccd4ca5a0b5a52f30d1235708213e8d,Will the highest temperature in Los Angeles be between 66-67°F on September 1?,True,False,2026-09-01,2026-08-30,260.817,9.57,12626.39199,,1788308808386,,0.999,0.001,,6750.39,0.0,0.007979,,"{""Yes"": 0.0005, ""No"": 0.9995}","[""93578879121976173047748483310741201348413502089776680415711392951055665709565"", ""104074611367217268698434608102008590581164483155649994228722700219811959273484""]"
2026-09-02T00:20:51.753767+00:00,Los Angeles,0xbcded01afe49a55155417e3b0c9fd46be24602d77f1a6b1656d5451cd7c292be,Will the highest temperature in Los Angeles be between 68-69°F on September 1?,True,False,2026-09-01,2026-08-30,898.866,14.57,11062.63508,,1788308795382,,0.999,0.001,,6740.53,0.0,0.009112,,"{""Yes"": 0.0005, ""No"": 0.9995}","[""69755328957810051704605115853557204492979672759473911861913939552399594749215"", ""98941072059479720158936481471001200417183501164120847964358068795888226134579""]"
2026-09-02T00:20:51.753785+00:00,Los Angeles,0x31110c2af219a8d9769cad5fa5ebba7c09fa49506ff61e1e510f611c4bdec32f,Will the highest temperature in Los Angeles be between 70-71°F on September 1?,True,False,2026-09-01,2026-08-30,972.3349470000002,527.23667,17586.53545,,1788308688136,,0.999,0.001,,6879.48,0.0,0.005786,,"{""Yes"": 0.0005, ""No"": 0.9995}","[""43792320635468873986447190172466606800870268342727390898354144896655160716085"", ""48354356332791265407971683582029011549266425272940510008068900377347651551053""]"
2026-09-02T00:20:51.753804+00:00,Los Angeles,0xc580637434a8f9dabca35a4521b1885fce5302093fc364ff5f83a1a7da10d161,Will the highest temperature in Los Angeles be between 72-73°F on September 1?,True,False,2026-09-01,2026-08-30,5491.2569539999995,4959.726139,16574.81296,,1788308773331,,0.999,0.001,,7183.19,0.0,0.006165,,"{""Yes"": 0.0005, ""No"": 0.9995}","[""45960524134207150741723474198477526809985298159571761369655016012416544951993"", ""9063788537326947113178651421804900868833397040384764821915211200552226536014""]"
2026-09-02T00:20:51.753821+00:00,Los Angeles,0xa63a7ef6649eba8f6462bec406fdb649e562197c7dd5a953ff0d1b2a64bcbf38,Will the highest temperature in Los Angeles be between 74-75°F on September 1?,True,False,2026-09-01,2026-08-30,11896.260068999994,9520.690376000002,814.04002,,1788308843331,0.991,0.002,0.998,0.009,1162.36,7052.17,0.998875,0.127471,"{""Yes"": 0.9945, ""No"": 0.0055}","[""10843204410795784205067836470981597151335058125273336619522202989155385482667"", ""93989916350616388226378798133914609287027099854693526766840955248533449732871""]"
2026-09-02T00:20:51.753839+00:00,Los Angeles,0x92c48d2e843016d686c844fff5dd20a2abdad1dd3978ccce2c54b92706b9a721,Will the highest temperature in Los Angeles be between 76-77°F on September 1?,True,False,2026-09-01,2026-08-30,6864.255912999999,4285.9422049999985,267.7904,,1788308859541,0.002,0.992,0.008,0.998,739.95,288.95,0.211677,0.998903,"{""Yes"": 0.005, ""No"": 0.995}","[""17347296191908128751563301835286142894962553133812456839797392082058126862063"", ""95617326434241403385430731014620654066831538063652196490595914596070143162472""]"
2026-09-02T00:20:51.753856+00:00,Los Angeles,0xe37572ed49d28c2887837c2e3476b1db66e5ddd577a9ea651d962419a073cdf9,Will the highest temperature in Los Angeles be between 78-79°F on September 1?,True,False,2026-09-01,2026-08-30,3706.4630680000005,2588.549082,894.04308,,1788308774682,,0.999,0.001,,6630.67,0.0,0.13568,,"{""Yes"": 0.0015, ""No"": 0.9985}","[""86116259331748892567750674867738267511937827396783454641368781163949750158717"", ""55046878696978812062237270300835458233372406074868978095549187855858664663754""]"
2026-09-02T00:20:51.753876+00:00,Los Angeles,0x37178a70306077a0fa7922d4302213ad48cf7950d0ecb969f7d6a3f287d8b2ee,Will the highest temperature in Los Angeles be between 80-81°F on September 1?,True,False,2026-09-01,2026-08-30,3823.7610220000006,3094.562182999999,1813.89257,,1788308823076,,0.999,0.001,,6685.01,0.0,0.058043,,"{""Yes"": 0.0005, ""No"": 0.9995}","[""20907475501167482585739382027993087372073937720408545498258207806810864879035"", ""15943858459530351303890301020407099583241196666828444329719131473401762837468""]"
2026-09-02T00:20:51.753892+00:00,Los Angeles,0x25b176a2964a48c7fa9644d7427f150bcdcd845968b5df69b0f3848fb3e216cf,Will the highest temperature in Los Angeles be between 82-83°F on September 1?,True,False,2026-09-01,2026-08-30,4620.5007860000005,4386.207286,2253.02207,,1788308823442,,0.999,0.001,,6625.48,0.0,0.044931,,"{""Yes"": 0.0005, ""No"": 0.9995}","[""5162480257891710910090671225312019966948697082841369249678170024093516055263"", ""13427967954332445911707927088927622853924402457258135101377641041166348260761""]"
2026-09-02T00:20:51.753902+00:00,Los Angeles,0x0f574c9b21418266c95fe4fb746175fad7b490dd5b67402fb80be574ad46ecc8,Will the highest temperature in Los Angeles be 84°F or higher on September 1?,True,False,2026-09-01,2026-08-30,611.931,198.46,2580.40748,,1788308612389,,0.999,0.001,,6553.78,0.0,0.039755,,"{""Yes"": 0.0005, ""No"": 0.9995}","[""93869410994799017698841686246534020864632535227661850385414824142440100770023"", ""21415955042285020610750144637398020081201843365447138448962951114486384279370""]"
2026-09-02T00:20:51.753916+00:00,Los Angeles,0x18dcad59815a63e4b79bb32e1e0a6712b15839b985b6f0f8f2c8b13ef08fb14a,Will the lowest temperature in Los Angeles be 53°F or below on September 2?,True,False,2026-09-02,2026-08-31,5.0,0.0,96.31,,1788308766830,,0.17,0.83,,269.92,0.0,0.83,,"{""Yes"": 0.38, ""No"": 0.62}","[""98897444574775832618976774554453132456523030458004742519112465708321608334007"", ""19231553989296043120422919900391939972661719018819582695638685193287246577801""]"
2026-09-02T00:20:51.753929+00:00,Los Angeles,0xe28890648fecdc97068ae40a13bf50a5686d092d107d6162fae90d4b7f3c857b,Will the lowest temperature in Los Angeles be between 54-55°F on September 2?,True,False,2026-09-02,2026-08-31,5.0,0.0,25.975,,1788308766836,,0.33,0.67,,272.1,0.0,0.763159,,"{""Yes"": 0.35, ""No"": 0.65}","[""46069019759366158752906663106167117984634146249570461594191942590311697323800"", ""66296629211199418431222169900639618597253087655590291199201396677740567983875""]"
2026-09-02T00:20:51.753939+00:00,Los Angeles,0x0a9f3cab8ce1d7e9401a22ade02bf160324f1b15c699da4fc457909014c68076,Will the lowest temperature in Los Angeles be between 56-57°F on September 2?,True,False,2026-09-02,2026-08-31,15.0,0.0,34.396,,1788308766838,0.01,0.13,0.87,0.99,409.34,11.88,0.87,,"{""Yes"": 0.455, ""No"": 0.545}","[""111572449371695162122169387721829029829950357860616093558656804989407659823262"", ""79522918685096269789802421543114065866848573732281053867677831179834409694591""]"
2026-09-02T00:20:51.753948+00:00,Los Angeles,0x37de3d714f7602da3acfa3630c06a593b9fde5ea5d72cf45095e13160d83471f,Will the lowest temperature in Los Angeles be between 58-59°F on September 2?,True,False,2026-09-02,2026-08-31,0.0,0.0,71.4561,,1788308776937,0.01,0.17,0.83,0.99,393.59,11.88,0.831845,,"{""Yes"": 0.44, ""No"": 0.56}","[""6508636936702010956871266762260813466767006531391833056191220229331670638809"", ""53304962735083037198971016917308262707265595845378561118565541931796846316147""]"
2026-09-02T00:20:51.753957+00:00,Los Angeles,0x66933e25c31127ac360153958b19c91d0d350d2091ade3a3a5d37172eaa0290c,Will the lowest temperature in Los Angeles be between 60-61°F on September 2?,True,False,2026-09-02,2026-08-31,0.0,0.0,86.6551,,1788308776936,0.01,0.22,0.78,0.99,351.06,11.88,0.784061,,"{""Yes"": 0.41, ""No"": 0.59}","[""99086714109691169691075726725090781307561016540768527676010832744316827934805"", ""69129387356513875863057563017453512953720779253645998875823594592975823418811""]"
2026-09-02T00:20:51.753967+00:00,Los Angeles,0x3d1aec2ea193ee03dc0249c2d23a56e348e14ccdca650c71570b909e41874d6f,Will the lowest temperature in Los Angeles be between 62-63°F on September 2?,True,False,2026-09-02,2026-08-31,0.0,0.0,20.76,,1788308766831,0.02,0.4,0.6,0.98,319.01,16.78,0.785075,,"{""Yes"": 0.31, ""No"": 0.69}","[""85059443157964762938705495645605970386103796376345476452350446466305474317722"", ""93745699875978118425764904052868034748571735140529431382142769889706547053190""]"
2026-09-02T00:20:51.753977+00:00,Los Angeles,0xa918c05fcb2a885ac0af6b0fe2157af0eaec1c716098fb4ddc483734875c1ee3,Will the lowest temperature in Los Angeles be between 64-65°F on September 2?,True,False,2026-09-02,2026-08-31,1.886791,0.0,66.6456,,1788308776938,0.35,0.02,0.98,0.65,16.78,151.99,,0.656873,"{""Yes"": 0.655, ""No"": 0.345}","[""38838554678363235003524729310808127819853368805326657242592077183531724227765"", ""21439198382739990021982628402928403606465796703056593242040714458178538724808""]"
2026-09-02T00:20:51.753986+00:00,Los Angeles,0xdecf7255b97de17160ca58d76c856283b328cdf5c48bedd5b1d4669381713989,Will the lowest temperature in Los Angeles be between 66-67°F on September 2?,True,False,2026-09-02,2026-08-31,0.0,0.0,99.5465,,1788308766840,0.01,0.21,0.79,0.99,450.36,11.88,0.79,,"{""Yes"": 0.42, ""No"": 0.58}","[""11839119961077840279269696754485428012969487454878324888855770854930396270809"", ""107417268882148432696487002527436090954679013051401812678772835182365251525568""]"
2026-09-02T00:20:51.753995+00:00,Los Angeles,0x83b18db8461610cdca7c3ffc884b3e8026ea862eb18e7301eccd3a95c977dbf0,Will the lowest temperature in Los Angeles be between 68-69°F on September 2?,True,False,2026-09-02,2026-08-31,0.0,0.0,43.1463,,1788308766841,0.01,0.32,0.68,0.99,264.98,11.88,0.689396,,"{""Yes"": 0.36, ""No"": 0.64}","[""56369234080220170050506331118893742485428265448155929481534017934886694046399"", ""25851254285525382475898999783360859846389565986583231248099945835798140557050""]"
2026-09-02T00:20:51.754004+00:00,Los Angeles,0xe0fa57874bb2990ed9c8718309886c622ab7bd95711fa0f76596879e14534fcd,Will the lowest temperature in Los Angeles be between 70-71°F on September 2?,True,False,2026-09-02,2026-08-31,5.0,0.0,100.255,,1788308776933,0.01,0.34,0.66,0.99,272.39,21.78,0.753731,,"{""Yes"": 0.35, ""No"": 0.65}","[""101565296988962569559718333788249273551933776627649895996805627718723958666575"", ""77457660228792671966697709303615188091299964508701063986009892030037755097494""]"
2026-09-02T00:20:51.754013+00:00,Los Angeles,0x941548cda7dbfd688e28eef1d3041192ccac0b57424e6b391413d492f91862ac,Will the lowest temperature in Los Angeles be 72°F or higher on September 2?,True,False,2026-09-02,2026-08-31,5.0,0.0,39.6,,1788308766828,,0.05,0.95,,289.15,0.0,0.95,,"{""Yes"": 0.44, ""No"": 0.56}","[""58902536202165889106540411170319801483031703235133467433279229368911884551737"", ""63666622685510646079094638828423156982374935220310808758121067752825082852079""]"
2026-09-02T00:20:51.754025+00:00,Los Angeles,0xd2470384d3dae35ed250819100d561c059f09213a72f9d77c3b447e180f16ddb,Will the highest temperature in Los Angeles be 65°F or below on September 2?,True,False,2026-09-02,2026-08-31,998.0409999999999,71.99999999999999,3537.65195,,1788308828867,,0.999,0.001,,11474.13,0.0,0.048059,,"{""Yes"": 0.0005, ""No"": 0.9995}","[""11892588585714366837919305062066979983218551774565160147114133672015252460293"", ""68764023021024626327297915617489269143944336749889679849075709103202556486964""]"
2026-09-02T00:20:51.754036+00:00,Los Angeles,0x924f72e810bb5b58cc87e190551790843af80c7aa87a50f4d3299ca1797d838f,Will the highest temperature in Los Angeles be between 66-67°F on September 2?,True,False,2026-09-02,2026-08-31,592.9970000000001,80.0,3913.96063,,1788308828871,,0.999,0.001,,15820.47,0.0,0.047643,,"{""Yes"": 0.0005, ""No"": 0.9995}","[""46333083608388841075137670747887206561896362432743086724959814716640070417273"", ""67221733604885930396660168972092134503529041381044904791345856226118540725924""]"
2026-09-02T00:20:51.754046+00:00,Los Angeles,0xec795468cc7c5aae9262e49cf3c0236a3fa3b4ffd5a51f83c9dd3567eb1c5f75,Will the highest temperature in Los Angeles be between 68-69°F on September 2?,True,False,2026-09-02,2026-08-31,283.057,26.994,2683.16982,,1788308858736,,0.999,0.001,,11366.58,0.0,0.083158,,"{""Yes"": 0.0005, ""No"": 0.9995}","[""39842681029395499662287430357209925288092563314984431061039212474981793899619"", ""8376772573048868708347823630551033441310971047868313876371898124585120885689""]"
2026-09-02T00:20:51.754056+00:00,Los Angeles,0x2d97f58f5037a333c88b65bdc4b4766b1f5a1d9c97310e3338f7b5526c69628f,Will the highest temperature in Los Angeles be between 70-71°F on September 2?,True,False,2026-09-02,2026-08-31,630.2143130000001,548.6853130000001,2054.74631,,1788308858783,0.002,0.996,0.004,0.998,16053.33,268.08,0.105777,0.998,"{""Yes"": 0.003, ""No"": 0.997}","[""60825516923498199484985971882776777524169258224836219073343722543641905527924"", ""77118584245133780031857330324210507626449258419090822206054013306398081436716""]"
2026-09-02T00:20:51.754065+00:00,Los Angeles,0x3bb2d57ae340b2200526bcfe2f8002b4a6bde54f7e394cf6d30ee69b85b4c216,Will the highest temperature in Los Angeles be between 72-73°F on September 2?,True,False,2026-09-02,2026-08-31,834.470532,785.449492,1754.37058,,1788308850987,0.015,0.972,0.028,0.985,15339.77,317.62,0.104029,0.986596,"{""Yes"": 0.0215, ""No"": 0.9785}","[""59117340080293988265092199595023251235400526178961544881192635925120297551125"", ""3100898466025559135073902490603815585157257866991078803578223358672666934006""]"
2026-09-02T00:20:51.754075+00:00,Los Angeles,0x83051fd8030afe2ce69f2b8b80ecc1cb969b89c2b36fda7f9d2188651c3a94d5,Will the highest temperature in Los Angeles be between 74-75°F on September 2?,True,False,2026-09-02,2026-08-31,4021.7005110000005,3634.7234899999994,5135.5712,,1788308851006,0.17,0.82,0.18,0.83,2321.36,6466.34,0.236363,0.836493,"{""Yes"": 0.195, ""No"": 0.805}","[""100191311256270597997334612903598545436369110958251423600028040161607504669590"", ""60963121066982530942440508654085750699621911467536589542973573302499116703659""]"
2026-09-02T00:20:51.754085+00:00,Los Angeles,0xc789a3a465ead8e91b6b946c3ab1780c9689e7de212993b10e57684ebe066006,Will the highest temperature in Los Angeles be between 76-77°F on September 2?,True,False,2026-09-02,2026-08-31,3850.7763849999997,3434.5439389999997,7138.2062,,1788308858738,0.6,0.37,0.63,0.4,4231.67,3499.05,0.643041,0.412772,"{""Yes"": 0.615, ""No"": 0.385}","[""7387107937906734473413014940172844500221901536018822796259117092816302600965"", ""78893038663200583929760021672852319568968018952102058668922757918592563724325""]"
2026-09-02T00:20:51.754094+00:00,Los Angeles,0xbbb4a4188d9e7cdf5ee7aa3db4e1181f3964d722b73f9c3b8a68c66177fce2dd,Will the highest temperature in Los Angeles be between 78-79°F on September 2?,True,False,2026-09-02,2026-08-31,2834.3014130000006,2485.751927,2019.1676,,1788308851025,0.16,0.83,0.17,0.84,5478.8,9266.43,0.215373,0.84,"{""Yes"": 0.17, ""No"": 0.83}","[""113769203386089876438505723706452728353210684485231098725192785578872533754889"", ""83544498250572053664657419315797916386410459338851565058864432205856401364564""]"
2026-09-02T00:20:51.754105+00:00,Los Angeles,0x259c9d62bab2f6ce598a3a7dcb2567c2bbb996a73606e45a9f91bcb1f928f0b7,Will the highest temperature in Los Angeles be between 80-81°F on September 2?,True,False,2026-09-02,2026-08-31,759.46045,726.4604499999999,1582.4033,,1788308851002,,0.98,0.02,,5770.52,0.0,0.086265,,"{""Yes"": 0.01, ""No"": 0.99}","[""27246475745439145328439116736539734619947060195764862921369280419817516854351"", ""15462324346887019051717934119989305715596156173431695702692351457983350882385""]"
2026-09-02T00:20:51.754114+00:00,Los Angeles,0x84e51d522c5163b3c8da1967ceabd75c41cb1195f8f42a903257691e4573be33,Will the highest temperature in Los Angeles be between 82-83°F on September 2?,True,False,2026-09-02,2026-08-31,695.6736649999999,672.673665,2036.87835,,1788308858738,0.01,0.988,0.012,0.99,15580.7,600.74,0.094608,0.994098,"{""Yes"": 0.011, ""No"": 0.989}","[""83884750146123051956123703616251154915154291762681831167412524310423237932428"", ""66989785259613357013540000212769844426825318650256746762746898441346248896316""]"
2026-09-02T00:20:51.754124+00:00,Los Angeles,0xe60af95294b424a50ee6d0566a00f31d67b9edd744ae672130c0e3674cf124d1,Will the highest temperature in Los Angeles be 84°F or higher on September 2?,True,False,2026-09-02,2026-08-31,762.5115000000001,715.5115,1725.97729,,1788308851008,0.001,0.998,0.002,0.999,7621.78,2215.23,0.096451,0.999,"{""Yes"": 0.0015, ""No"": 0.9985}","[""71926674667692376056432575961747810866402100754937759183654087771546307731800"", ""2090400273533752190153567402021838867999036275921557133194943320520647302657""]"
2026-09-02T00:20:51.754134+00:00,Los Angeles,0x20c5f77f179dd56358484e61e84eb29d62131aaf96a76af9a86145a1befe55b9,Will the lowest temperature in Los Angeles be 55°F or below on September 3?,True,False,2026-09-03,2026-09-01,10.0,10.0,148.15,,1788308614272,,0.3,0.7,,411.13,0.0,0.757036,,"{""Yes"": 0.365, ""No"": 0.635}","[""29208800409802519816676970681751223523531873653409659653376400520328144437234"", ""31365275210572368402960807953309534256006925544344082209249761707351323446013""]"
2026-09-02T00:20:51.754144+00:00,Los Angeles,0xa241c24d6854d468e163c04c4867bf1148f8858e84816be61e135124a65cbc04,Will the lowest temperature in Los Angeles be between 56-57°F on September 3?,True,False,2026-09-03,2026-09-01,10.0,10.0,690.6878,,1788307892926,,0.51,0.49,,12111.79,0.0,0.615056,,"{""Yes"": 0.245, ""No"": 0.755}","[""40779136969927751343222973478739553588699707004692841603777675165447673710265"", ""110696914618952539725624701630073048364008615046008212385552116409432898039507""]"
2026-09-02T00:20:51.754153+00:00,Los Angeles,0x2abe6496a151eb1edd510b8af32bb320cfa51ce56300e25787e0b207e8a951c5,Will the lowest temperature in Los Angeles be between 58-59°F on September 3?,True,False,2026-09-03,2026-09-01,0.0,0.0,866.1978,,1788308699384,0.03,0.51,0.49,0.97,12503.82,67.71,0.608728,,"{""Yes"": 0.26, ""No"": 0.74}","[""77027972757130445517897660670862523111462533935635526836174863919338386835360"", ""64299041261793969867217184184515277171634119018863895350144223246845187956917""]"
2026-09-02T00:20:51.754163+00:00,Los Angeles,0x1408f59885f13a6c7200e71880cd5ffb0a1fde6f0b6617cf1c36218b0168a8d5,Will the lowest temperature in Los Angeles be between 60-61°F on September 3?,True,False,2026-09-03,2026-09-01,0.0,0.0,771.6478,,1788308578823,0.03,0.51,0.49,0.97,12273.42,861.66,0.608728,0.979412,"{""Yes"": 0.26, ""No"": 0.74}","[""65004067194948561382201306772499450178618058088817362259118933253178028012150"", ""37070192883000537767979175159368967009554837281234647311099727688343219187705""]"
2026-09-02T00:20:51.754172+00:00,Los Angeles,0x1b29eed41ad5b745f41a2f996cde565c376bc77488ac0f4c0ea6103fb7427dce,Will the lowest temperature in Los Angeles be between 62-63°F on September 3?,True,False,2026-09-03,2026-09-01,0.0,0.0,768.6378,,1788308618944,0.03,0.51,0.49,0.97,12253.93,861.66,0.608728,0.979412,"{""Yes"": 0.26, ""No"": 0.74}","[""106057192578709801677163644208081825063845205072436150555024159695980600750533"", ""7977224440513319817964017466827637536391057504243071806263856372293075009118""]"
2026-09-02T00:20:51.754182+00:00,Los Angeles,0x628900e52e2a806a367cf5156e497f393e816cbc4f5c94942ec74ed7417ff546,Will the lowest temperature in Los Angeles be between 64-65°F on September 3?,True,False,2026-09-03,2026-09-01,23.904755,23.904755,755.2623,,1788308620728,0.03,0.46,0.54,0.97,12122.18,2408.6,0.706204,0.97,"{""Yes"": 0.285, ""No"": 0.715}","[""1154149118934998867933970468471857489836281502103867261828552621859800673556"", ""70074058491625847076096314383802312309498642135023634090588924574915132872804""]"
2026-09-02T00:20:51.754191+00:00,Los Angeles,0x6d77052fc36cd2a2882ccb8e2d311db44c1e1d1cccf96feb305588b40a0b4cce,Will the lowest temperature in Los Angeles be between 66-67°F on September 3?,True,False,2026-09-03,2026-09-01,13.192043,13.192043,808.43,,1788308621161,0.23,0.49,0.51,0.77,12055.59,1794.15,0.68744,0.77,"{""Yes"": 0.355, ""No"": 0.645}","[""1218122445603700127331985889217137118635036336630062781466425562766594235604"", ""86006282123920127168486610048491991963048740299432038529456401964970425261904""]"
2026-09-02T00:20:51.754217+00:00,Los Angeles,0x785850cee70edd5d058d48bbf41d06912841b10b961497c9ebe2ae50459ef1b1,Will the lowest temperature in Los Angeles be between 68-69°F on September 3?,True,False,2026-09-03,2026-09-01,0.0,0.0,758.0478,,1788307892922,0.03,0.51,0.49,0.97,12157.53,60.9,0.608728,,"{""Yes"": 0.26, ""No"": 0.74}","[""60564035537532394287026569976430123838491725940456450356239207700307201924463"", ""20678572362869622191176862006187372213642016278546323874627015608047817842339""]"
2026-09-02T00:20:51.754227+00:00,Los Angeles,0xb9ba2a8dfa32365a1ecef5f7e8c389a2a6b2a89d6d57bb796032ea33557dbd63,Will the lowest temperature in Los Angeles be between 70-71°F on September 3?,True,False,2026-09-03,2026-09-01,10.0,10.0,740.9478,,1788307892927,,0.51,0.49,,12077.53,0.0,0.608728,,"{""Yes"": 0.245, ""No"": 0.755}","[""59474461571840378852186547561520548569569551605792472532404405294985496976675"", ""65899267999457759110097284668562542489909812327591645412178519989554845371988""]"
2026-09-02T00:20:51.754237+00:00,Los Angeles,0x98bf4d27c413719fedfc02651aff7d20b2c09d82ca22f747eb9a862d93d1b2d9,Will the lowest temperature in Los Angeles be between 72-73°F on September 3?,True,False,2026-09-03,2026-09-01,10.0,10.0,756.4078,,1788307892924,,0.51,0.49,,12169.07,0.0,0.608728,,"{""Yes"": 0.245, ""No"": 0.755}","[""11007332181248670483432594149101654451915318785895492454902610512110823001119"", ""60588777558566035652801142290826680666170767986040857157324811192747436621363""]"
2026-09-02T00:20:51.754246+00:00,Los Angeles,0xe2bd92c6f51243263c27d4b855d16b75640a7a1c30354eb903d7a832217e9562,Will the lowest temperature in Los Angeles be 74°F or higher on September 3?,True,False,2026-09-03,2026-09-01,10.0,10.0,109.23,,1788308614259,,0.19,0.81,,672.93,0.0,0.819181,,"{""Yes"": 0.415, ""No"": 0.585}","[""1848088550057880404080438533352376216284357576163005875383206716374844106832"", ""21643647049868122702314819201292876134292286293616273166534024519222782533549""]"
2026-09-02T00:20:51.754255+00:00,Los Angeles,0x065999f9ebb6fa6d700c21531c389736b1458e19b12db3c3cf62a642efda0e48,Will the highest temperature in Los Angeles be 65°F or below on September 3?,True,False,2026-09-03,2026-09-01,0.0,0.0,2391.11159,,1788308674677,0.001,0.99,0.01,0.999,1224.48,442.56,0.075788,0.999,"{""Yes"": 0.0055, ""No"": 0.9945}","[""91234532475243588875924785737469122003323429905410605568255930051825523187553"", ""36943691026352509301775593944889253621443380516323407888044954393209888629469""]"
2026-09-02T00:20:51.754265+00:00,Los Angeles,0x85931d0152e85e7d790ff2d8ddd4527b62ebb22cd44c3b7f8083ef46cffce177,Will the highest temperature in Los Angeles be between 66-67°F on September 3?,True,False,2026-09-03,2026-09-01,197.18699999999998,197.18699999999998,3579.34913,,1788308722835,0.001,0.998,0.002,0.999,24547.53,207.79,0.065669,0.999,"{""Yes"": 0.0015, ""No"": 0.9985}","[""46118442062631871144562416881853761269451959148638709489947652047364599262470"", ""62053642294846701303335676825603005441507482765823478897709429693928086364926""]"
2026-09-02T00:20:51.754275+00:00,Los Angeles,0x94571e770972a47a85436986e23581324ed93690a74c1a95bb4fd1d72bf21102,Will the highest temperature in Los Angeles be between 68-69°F on September 3?,True,False,2026-09-03,2026-09-01,13.013,13.013,2402.99388,,1788308762836,0.001,0.991,0.009,0.999,16097.63,429.55,0.128151,0.999,"{""Yes"": 0.005, ""No"": 0.995}","[""34304242338857602844353328163252753480616458585231624651422185756302205561683"", ""42311697937997094723679022428580786787662585929586070713718021971611167835348""]"
2026-09-02T00:20:51.754285+00:00,Los Angeles,0x4ef35c977a99cd4ca26b44a54f9046ef354ae0f5616339743e3ea8b2df75d897,Will the highest temperature in Los Angeles be between 70-71°F on September 3?,True,False,2026-09-03,2026-09-01,20.209,20.209,2218.4208,,1788308674677,0.001,0.991,0.009,0.999,15922.29,422.36,0.151365,0.999,"{""Yes"": 0.005, ""No"": 0.995}","[""58713143028899945234528734051943825376548395643728300831972701971553087781699"", ""17562193474496723251416053107497202536873766510110286391323166585692889321841""]"
2026-09-02T00:20:51.754294+00:00,Los Angeles,0xa7efe5f9253398a30daa7fe6c96f596a1e2709c24e7bac2cff9dc24297296386,Will the highest temperature in Los Angeles be between 72-73°F on September 3?,True,False,2026-09-03,2026-09-01,25.554633,25.554633,1966.3532,,1788308851851,0.02,0.96,0.04,0.98,14215.73,482.23,0.22212,0.98,"{""Yes"": 0.03, ""No"": 0.97}","[""103008337565796314234354910312160935725484874397306206266943653654266261002376"", ""43232662682111042535915093527713551272894146293523680136712034093801594101939""]"
2026-09-02T00:20:51.754304+00:00,Los Angeles,0x05635881579f26298f6cc35d46eb7f31aaa400be79f869610033ee14fcf6776c,Will the highest temperature in Los Angeles be between 74-75°F on September 3?,True,False,2026-09-03,2026-09-01,419.0554120000001,419.055412,2344.6526,,1788308853148,0.1,0.88,0.12,0.9,17203.01,2478.9,0.205224,0.904033,"{""Yes"": 0.11, ""No"": 0.89}","[""19034362652575128172144935134808481989084137618444129672529699207183092618261"", ""95146500129012002944140339796352389042145505919689528172262809285658439137027""]"
2026-09-02T00:20:51.754314+00:00,Los Angeles,0xf8d737194d94d8c23a4ed0ca75b5336fa1510d5dc51e87fa12df0b64bc477a85,Will the highest temperature in Los Angeles be between 76-77°F on September 3?,True,False,2026-09-03,2026-09-01,457.9665950000001,457.966595,5530.5585,,1788308847143,0.51,0.48,0.52,0.49,16355.58,3610.38,0.529735,0.49,"{""Yes"": 0.515, ""No"": 0.485}","[""65002754245080330792755966432338083025971859302098575273013869684348357019134"", ""72914765151127237751289261752314820771392311759102723598306157705009629472764""]"
2026-09-02T00:20:51.754324+00:00,Los Angeles,0x93c21c336350bf9ca2c52d7b2c4e36efd9bf40c8c5f4b8386c1b2b843a4b7fbe,Will the highest temperature in Los Angeles be between 78-79°F on September 3?,True,False,2026-09-03,2026-09-01,633.9851209999999,633.9851209999999,2274.3293,,1788308854001,0.28,0.68,0.32,0.72,17813.89,2551.76,0.32435,0.72,"{""Yes"": 0.31, ""No"": 0.69}","[""69646680368500220566918191163060140932143728885947841212520205119239892659527"", ""23964282218094766015584850774181031309224406320111883006765599503675771951604""]"
2026-09-02T00:20:51.754333+00:00,Los Angeles,0x5a3b330486e8cd383051fa78356eae36b85d78349068a7c39f57b5f22973e265,Will the highest temperature in Los Angeles be between 80-81°F on September 3?,True,False,2026-09-03,2026-09-01,15.72,15.72,1761.3984,,1788308772834,0.04,0.94,0.06,0.96,14229.82,417.7,0.270335,0.960301,"{""Yes"": 0.05, ""No"": 0.95}","[""99050256084136821886278083684633461984782905477783001439625238013048487312470"", ""23530784683148811567193992815186158509755583021071806475460574444209027843634""]"
2026-09-02T00:20:51.754343+00:00,Los Angeles,0x371548d70583544dc7ba05acd8f0a731aaca38fa60f9ef3060794b4050fe7b76,Will the highest temperature in Los Angeles be between 82-83°F on September 3?,True,False,2026-09-03,2026-09-01,0.0,0.0,2692.5244,,1788308764280,0.01,0.97,0.03,0.99,14259.13,299.97,0.113003,0.99,"{""Yes"": 0.02, ""No"": 0.98}","[""85646424738084720760409091674076699096582670279960322174700491040819139607378"", ""57303666002680664450304250969514255168434665728728601433283329514071752100819""]"
2026-09-02T00:20:51.754353+00:00,Los Angeles,0x132fe4a23af435c02acd83d16e35596cc33717257b1377266332210f59e3a366,Will the highest temperature in Los Angeles be 84°F or higher on September 3?,True,False,2026-09-03,2026-09-01,62.96,72.96,1828.9888,,1788308851464,,0.98,0.02,,845.44,0.0,0.138954,,"{""Yes"": 0.01, ""No"": 0.99}","[""110511394192357302198198943874132246325810513826018706147482318562141151664869"", ""85206518101571019263436053961835307074775981546521644849432418546217909736221""]"
2026-09-02T04:49:24.905675+00:00,Los Angeles,0x6a06be4e5ca877f1cf3c1d05176c1c477ac25817cab8b20af775d5ee25756676,Will the lowest temperature in Los Angeles be 57°F or below on September 1?,True,False,2026-09-01,2026-08-30,106.0,20.0,107.3245,,1788323527272,,0.961,0.039,,22.11,0.0,,,"{""Yes"": 0.0195, ""No"": 0.9805}","[""65808680614098158224876593084850827880701118219585969855489592751396290390325"", ""63015800598872361164108092916456845407586765993047255789880952429061452841737""]"
2026-09-02T04:49:24.905716+00:00,Los Angeles,0x58da3a37dd131fc23a288c6d012cf98c35ceeb40977d63b4d7c70c563d9cf5cd,Will the lowest temperature in Los Angeles be between 58-59°F on September 1?,True,False,2026-09-01,2026-08-30,90.0,0.0,3.9975,,1788323546551,,0.65,0.35,,2.15,0.0,,,"{""Yes"": 0.175, ""No"": 0.825}","[""60883134440338596435034040997491032570422925022557901695388022264806142706110"", ""20274946492340273936054320095893078004845214028682746667869318882413535847174""]"
2026-09-02T04:49:24.905732+00:00,Los Angeles,0x74d342e65f55350ea0fb61fc0d29940a24c24024ecfbff76b519b13b54cdc3f4,Will the lowest temperature in Los Angeles be between 60-61°F on September 1?,True,False,2026-09-01,2026-08-30,18.8,0.0,0.0,,1788305682000,,,,,0.0,0.0,,,"{""Yes"": 0.5, ""No"": 0.5}","[""42087157738786042390834992844673645298555788478681435392381013477544147567894"", ""91509694467461960047834783695373071724106779785868622670686764024764149291807""]"
2026-09-02T04:49:24.905746+00:00,Los Angeles,0xb3d6075c9899862006dab2b80eb7186a8faf4c2df12d41ece95e752bb21eba61,Will the lowest temperature in Los Angeles be between 62-63°F on September 1?,True,False,2026-09-01,2026-08-30,106.83691599999999,21.41,7.9677,,1788323546551,,0.66,0.34,,14.67,0.0,,,"{""Yes"": 0.17, ""No"": 0.83}","[""31822787163202537461155561864869939624681339611701126826725175383646825623149"", ""89792142425974305095477921451590564717394807660681087633351997809218506098873""]"
2026-09-02T04:49:24.905757+00:00,Los Angeles,0x28aeb3c118b230bdfbb80ad55b5561a63fdc3282415c9d52defb8292b8da565d,Will the lowest temperature in Los Angeles be between 64-65°F on September 1?,True,False,2026-09-01,2026-08-30,109.978633,1.85,2.6055,,1788305598976,0.01,0.05,0.95,0.99,46.55,15.39,,,"{""Yes"": 0.48, ""No"": 0.52}","[""76815549232769631877633419401238601168764222038029601865815681997931890472388"", ""3182283984492853424919715245365720032082975902022671266830532448426620213048""]"
2026-09-02T04:49:24.905768+00:00,Los Angeles,0x343deb9f2881305459cc1ff32f68e55e1feba6dd9997d03193309714c256f256,Will the lowest temperature in Los Angeles be between 66-67°F on September 1?,True,False,2026-09-01,2026-08-30,70.92018999999999,8.0,10.5,,1788311163395,0.25,,,0.75,0.0,31.5,,,"{""Yes"": 0.625, ""No"": 0.375}","[""93108569605153856109985289257571833655516581213458805890098108725282467169492"", ""26422999392660366773969207823777757964878707907979335809010935158752874630826""]"
2026-09-02T04:49:24.905801+00:00,Los Angeles,0x38305e2640d9ec215ac79773f7af54eb219d0d561b6a4d0c5ecc47ab61eaa759,Will the lowest temperature in Los Angeles be between 68-69°F on September 1?,True,False,2026-09-01,2026-08-30,38.8,20.0,1557.23639,,1788323517272,,0.999,0.001,,65.95,0.0,,,"{""Yes"": 0.0005, ""No"": 0.9995}","[""106344008926002071562005054639428032666624429487383233980791721020183585310507"", ""67096741519477775643778849234370863722645103805744807411273307125696731145414""]"
2026-09-02T04:49:24.905820+00:00,Los Angeles,0x6a64ea120c5252ccae399c0bfc7cebf7d7aceebe350299af3ff56be8aaf7f75d,Will the lowest temperature in Los Angeles be between 70-71°F on September 1?,True,False,2026-09-01,2026-08-30,139.2,85.2,3550.63609,,1788323867247,,0.999,0.001,,145.47,0.0,0.027396,,"{""Yes"": 0.0005, ""No"": 0.9995}","[""96587248496371177404452069332708802286548125679481787484599280912771718693346"", ""82957514534626986779995554055126965240382436391143087783920143203574916992880""]"
2026-09-02T04:49:24.905835+00:00,Los Angeles,0xf4d2f01a8b35e95ead28fdec11dbf498ea6b84eb2dcbf0d1c66b8949513de4a5,Will the lowest temperature in Los Angeles be between 72-73°F on September 1?,True,False,2026-09-01,2026-08-30,105.0,35.0,3059.28819,,1788323867247,,0.999,0.001,,54.37,0.0,,,"{""Yes"": 0.0005, ""No"": 0.9995}","[""99590435909596455214045167138295789252405037930581103313293563476431820351086"", ""68689720572312854265686666706803186167812090140820210031477433333673471351379""]"
2026-09-02T04:49:24.905852+00:00,Los Angeles,0x8d5fced440e9133750a5b1bbf076c3941aa2a8ad65ed9e58ce53f7099e5724f7,Will the lowest temperature in Los Angeles be between 74-75°F on September 1?,True,False,2026-09-01,2026-08-30,309.276938,43.066,2757.59639,,1788323867248,,0.999,0.001,,7.59,0.0,,,"{""Yes"": 0.0005, ""No"": 0.9995}","[""52819778710912388860376680883493943064385096678425095359761041063536633589811"", ""103499109116990272349638168864663943238123114006871730699709704905232874664480""]"
2026-09-02T04:49:24.905867+00:00,Los Angeles,0x7c849695cad186eadb5b562a24a0d41164025bacb8344ee04c4edfcca3d9f230,Will the lowest temperature in Los Angeles be 76°F or higher on September 1?,True,False,2026-09-01,2026-08-30,110.347163,5.0,2656.50143,,1788323867248,,0.999,0.001,,12.25,0.0,,,"{""Yes"": 0.0005, ""No"": 0.9995}","[""54706488881462818610748229347492000121083370339252125130598225437605088754791"", ""34994022187158579739226099969330541273801551320323960361583290683156262818999""]"
2026-09-02T04:49:24.905882+00:00,Los Angeles,0xbecebc931aeb02da466758cf7623f558d413c2fb7ebafa8d1111f714b668a773,Will the highest temperature in Los Angeles be 65°F or below on September 1?,True,False,2026-09-01,2026-08-30,144.841,9.57,10487.92966,,1788323527910,,0.999,0.001,,317.24,0.0,0.009463,,"{""Yes"": 0.0005, ""No"": 0.9995}","[""14600179545789925003894405671400256064852995524264004992711131104699406087725"", ""72090969096162133075089225803901514130624916093693910822791259886636113305209""]"
2026-09-02T04:49:24.905898+00:00,Los Angeles,0xfc2eb47265fa19239e9e00398798f6ac0ccd4ca5a0b5a52f30d1235708213e8d,Will the highest temperature in Los Angeles be between 66-67°F on September 1?,True,False,2026-09-01,2026-08-30,260.817,9.57,10956.12568,,1788323529389,,0.999,0.001,,367.52,0.0,0.009064,,"{""Yes"": 0.0005, ""No"": 0.9995}","[""93578879121976173047748483310741201348413502089776680415711392951055665709565"", ""104074611367217268698434608102008590581164483155649994228722700219811959273484""]"
2026-09-02T04:49:24.905913+00:00,Los Angeles,0xbcded01afe49a55155417e3b0c9fd46be24602d77f1a6b1656d5451cd7c292be,Will the highest temperature in Los Angeles be between 68-69°F on September 1?,True,False,2026-09-01,2026-08-30,898.866,9.57,9475.54197,,1788323531424,,0.999,0.001,,361.3,0.0,0.010465,,"{""Yes"": 0.0005, ""No"": 0.9995}","[""69755328957810051704605115853557204492979672759473911861913939552399594749215"", ""98941072059479720158936481471001200417183501164120847964358068795888226134579""]"
2026-09-02T04:49:24.905930+00:00,Los Angeles,0x31110c2af219a8d9769cad5fa5ebba7c09fa49506ff61e1e510f611c4bdec32f,Will the highest temperature in Los Angeles be between 70-71°F on September 1?,True,False,2026-09-01,2026-08-30,977.3349470000003,532.23667,16304.27385,,1788323527898,,0.999,0.001,,533.82,0.0,0.006143,,"{""Yes"": 0.0005, ""No"": 0.9995}","[""43792320635468873986447190172466606800870268342727390898354144896655160716085"", ""48354356332791265407971683582029011549266425272940510008068900377347651551053""]"
2026-09-02T04:49:24.905945+00:00,Los Angeles,0xc580637434a8f9dabca35a4521b1885fce5302093fc364ff5f83a1a7da10d161,Will the highest temperature in Los Angeles be between 72-73°F on September 1?,True,False,2026-09-01,2026-08-30,5491.2569539999995,4959.726139,15313.29279,,1788323516519,,0.999,0.001,,839.41,0.0,0.00657,,"{""Yes"": 0.0005, ""No"": 0.9995}","[""45960524134207150741723474198477526809985298159571761369655016012416544951993"", ""9063788537326947113178651421804900868833397040384764821915211200552226536014""]"
2026-09-02T04:49:24.905960+00:00,Los Angeles,0xa63a7ef6649eba8f6462bec406fdb649e562197c7dd5a953ff0d1b2a64bcbf38,Will the highest temperature in Los Angeles be between 74-75°F on September 1?,True,False,2026-09-01,2026-08-30,14161.470068999994,11642.287436000002,2815.74146,,1788323544865,0.999,,,0.001,0.0,439.69,,0.034331,"{""Yes"": 0.9995, ""No"": 0.0005}","[""10843204410795784205067836470981597151335058125273336619522202989155385482667"", ""93989916350616388226378798133914609287027099854693526766840955248533449732871""]"
2026-09-02T04:49:24.905977+00:00,Los Angeles,0x92c48d2e843016d686c844fff5dd20a2abdad1dd3978ccce2c54b92706b9a721,Will the highest temperature in Los Angeles be between 76-77°F on September 1?,True,False,2026-09-01,2026-08-30,7763.150913000001,4650.978200999997,1763.01515,,1788323578129,,0.999,0.001,,609.97,0.0,0.054059,,"{""Yes"": 0.0005, ""No"": 0.9995}","[""17347296191908128751563301835286142894962553133812456839797392082058126862063"", ""95617326434241403385430731014620654066831538063652196490595914596070143162472""]"
2026-09-02T04:49:24.905993+00:00,Los Angeles,0xe37572ed49d28c2887837c2e3476b1db66e5ddd577a9ea651d962419a073cdf9,Will the highest temperature in Los Angeles be between 78-79°F on September 1?,True,False,2026-09-01,2026-08-30,4013.9180910000005,2834.317763,1425.00734,,1788323953069,,0.999,0.001,,251.56,0.0,0.065749,,"{""Yes"": 0.0005, ""No"": 0.9995}","[""86116259331748892567750674867738267511937827396783454641368781163949750158717"", ""55046878696978812062237270300835458233372406074868978095549187855858664663754""]"
2026-09-02T04:49:24.906007+00:00,Los Angeles,0x37178a70306077a0fa7922d4302213ad48cf7950d0ecb969f7d6a3f287d8b2ee,Will the highest temperature in Los Angeles be between 80-81°F on September 1?,True,False,2026-09-01,2026-08-30,4121.677797,3366.968957999999,1586.26211,,1788323516514,,0.999,0.001,,268.7,0.0,0.059557,,"{""Yes"": 0.0005, ""No"": 0.9995}","[""20907475501167482585739382027993087372073937720408545498258207806810864879035"", ""15943858459530351303890301020407099583241196666828444329719131473401762837468""]"
2026-09-02T04:49:24.906023+00:00,Los Angeles,0x25b176a2964a48c7fa9644d7427f150bcdcd845968b5df69b0f3848fb3e216cf,Will the highest temperature in Los Angeles be between 82-83°F on September 1?,True,False,2026-09-01,2026-08-30,4620.5007860000005,4330.437285999999,2122.52193,,1788323516521,,0.999,0.001,,281.47,0.0,0.045069,,"{""Yes"": 0.0005, ""No"": 0.9995}","[""5162480257891710910090671225312019966948697082841369249678170024093516055263"", ""13427967954332445911707927088927622853924402457258135101377641041166348260761""]"
2026-09-02T04:49:24.906039+00:00,Los Angeles,0x0f574c9b21418266c95fe4fb746175fad7b490dd5b67402fb80be574ad46ecc8,Will the highest temperature in Los Angeles be 84°F or higher on September 1?,True,False,2026-09-01,2026-08-30,611.9309999999999,142.08,2442.59548,,1788323527894,,0.999,0.001,,210.34,0.0,0.039382,,"{""Yes"": 0.0005, ""No"": 0.9995}","[""93869410994799017698841686246534020864632535227661850385414824142440100770023"", ""21415955042285020610750144637398020081201843365447138448962951114486384279370""]"
2026-09-02T04:49:24.906054+00:00,Los Angeles,0x18dcad59815a63e4b79bb32e1e0a6712b15839b985b6f0f8f2c8b13ef08fb14a,Will the lowest temperature in Los Angeles be 53°F or below on September 2?,True,False,2026-09-02,2026-08-31,12.0,12.0,0.12,,1788323622269,,0.01,0.99,,11.88,0.0,,,"{""Yes"": 0.495, ""No"": 0.505}","[""98897444574775832618976774554453132456523030458004742519112465708321608334007"", ""19231553989296043120422919900391939972661719018819582695638685193287246577801""]"
2026-09-02T04:49:24.906069+00:00,Los Angeles,0xe28890648fecdc97068ae40a13bf50a5686d092d107d6162fae90d4b7f3c857b,Will the lowest temperature in Los Angeles be between 54-55°F on September 2?,True,False,2026-09-02,2026-08-31,12.0,12.0,0.12,,1788323622249,,0.01,0.99,,11.88,0.0,,,"{""Yes"": 0.495, ""No"": 0.505}","[""46069019759366158752906663106167117984634146249570461594191942590311697323800"", ""66296629211199418431222169900639618597253087655590291199201396677740567983875""]"
2026-09-02T04:49:24.906083+00:00,Los Angeles,0x0a9f3cab8ce1d7e9401a22ade02bf160324f1b15c699da4fc457909014c68076,Will the lowest temperature in Los Angeles be between 56-57°F on September 2?,True,False,2026-09-02,2026-08-31,15.0,0.0,0.24,,1788323622249,0.01,0.01,0.99,0.99,11.88,11.88,,,"{""Yes"": 0.5, ""No"": 0.5}","[""111572449371695162122169387721829029829950357860616093558656804989407659823262"", ""79522918685096269789802421543114065866848573732281053867677831179834409694591""]"
2026-09-02T04:49:24.906097+00:00,Los Angeles,0x37de3d714f7602da3acfa3630c06a593b9fde5ea5d72cf45095e13160d83471f,Will the lowest temperature in Los Angeles be between 58-59°F on September 2?,True,False,2026-09-02,2026-08-31,0.0,0.0,0.24,,1788323622312,0.01,0.01,0.99,0.99,11.88,11.88,,,"{""Yes"": 0.5, ""No"": 0.5}","[""6508636936702010956871266762260813466767006531391833056191220229331670638809"", ""53304962735083037198971016917308262707265595845378561118565541931796846316147""]"
2026-09-02T04:49:24.906112+00:00,Los Angeles,0x66933e25c31127ac360153958b19c91d0d350d2091ade3a3a5d37172eaa0290c,Will the lowest temperature in Los Angeles be between 60-61°F on September 2?,True,False,2026-09-02,2026-08-31,1.1111,1.1111,7.8288,,1788323697549,0.01,0.38,0.62,0.99,24.28,10.77,,,"{""Yes"": 0.315, ""No"": 0.685}","[""99086714109691169691075726725090781307561016540768527676010832744316827934805"", ""69129387356513875863057563017453512953720779253645998875823594592975823418811""]"
2026-09-02T04:49:24.906127+00:00,Los Angeles,0x3d1aec2ea193ee03dc0249c2d23a56e348e14ccdca650c71570b909e41874d6f,Will the lowest temperature in Los Angeles be between 62-63°F on September 2?,True,False,2026-09-02,2026-08-31,0.0,0.0,0.34,,1788323622383,0.02,0.01,0.99,0.98,11.88,16.78,,,"{""Yes"": 0.505, ""No"": 0.495}","[""85059443157964762938705495645605970386103796376345476452350446466305474317722"", ""93745699875978118425764904052868034748571735140529431382142769889706547053190""]"
2026-09-02T04:49:24.906143+00:00,Los Angeles,0xa918c05fcb2a885ac0af6b0fe2157af0eaec1c716098fb4ddc483734875c1ee3,Will the lowest temperature in Los Angeles be between 64-65°F on September 2?,True,False,2026-09-02,2026-08-31,1.886791,0.0,0.34,,1788324351036,0.01,0.01,0.99,0.99,11.88,11.88,,,"{""Yes"": 0.495, ""No"": 0.505}","[""38838554678363235003524729310808127819853368805326657242592077183531724227765"", ""21439198382739990021982628402928403606465796703056593242040714458178538724808""]"
2026-09-02T04:49:24.906153+00:00,Los Angeles,0xdecf7255b97de17160ca58d76c856283b328cdf5c48bedd5b1d4669381713989,Will the lowest temperature in Los Angeles be between 66-67°F on September 2?,True,False,2026-09-02,2026-08-31,0.0,0.0,0.24,,1788314086000,0.01,0.01,0.99,0.99,11.88,11.88,,,"{""Yes"": 0.5, ""No"": 0.5}","[""11839119961077840279269696754485428012969487454878324888855770854930396270809"", ""107417268882148432696487002527436090954679013051401812678772835182365251525568""]"
2026-09-02T04:49:24.906163+00:00,Los Angeles,0x83b18db8461610cdca7c3ffc884b3e8026ea862eb18e7301eccd3a95c977dbf0,Will the lowest temperature in Los Angeles be between 68-69°F on September 2?,True,False,2026-09-02,2026-08-31,0.0,0.0,0.24,,1788323622291,0.01,0.01,0.99,0.99,11.88,11.88,,,"{""Yes"": 0.5, ""No"": 0.5}","[""56369234080220170050506331118893742485428265448155929481534017934886694046399"", ""25851254285525382475898999783360859846389565986583231248099945835798140557050""]"
2026-09-02T04:49:24.906172+00:00,Los Angeles,0xe0fa57874bb2990ed9c8718309886c622ab7bd95711fa0f76596879e14534fcd,Will the lowest temperature in Los Angeles be between 70-71°F on September 2?,True,False,2026-09-02,2026-08-31,22.0,22.0,0.12,,1788323622354,,0.01,0.99,,11.88,0.0,,,"{""Yes"": 0.495, ""No"": 0.505}","[""101565296988962569559718333788249273551933776627649895996805627718723958666575"", ""77457660228792671966697709303615188091299964508701063986009892030037755097494""]"
2026-09-02T04:49:24.906182+00:00,Los Angeles,0x941548cda7dbfd688e28eef1d3041192ccac0b57424e6b391413d492f91862ac,Will the lowest temperature in Los Angeles be 72°F or higher on September 2?,True,False,2026-09-02,2026-08-31,12.0,12.0,0.32,,1788324346979,,0.01,0.99,,11.88,0.0,,,"{""Yes"": 0.48, ""No"": 0.52}","[""58902536202165889106540411170319801483031703235133467433279229368911884551737"", ""63666622685510646079094638828423156982374935220310808758121067752825082852079""]"
2026-09-02T04:49:24.906193+00:00,Los Angeles,0xd2470384d3dae35ed250819100d561c059f09213a72f9d77c3b447e180f16ddb,Will the highest temperature in Los Angeles be 65°F or below on September 2?,True,False,2026-09-02,2026-08-31,998.0409999999999,61.99999999999999,1545.60913,,1788324841809,,0.999,0.001,,4380.97,0.0,0.066418,,"{""Yes"": 0.0005, ""No"": 0.9995}","[""11892588585714366837919305062066979983218551774565160147114133672015252460293"", ""68764023021024626327297915617489269143944336749889679849075709103202556486964""]"
2026-09-02T04:49:24.906203+00:00,Los Angeles,0x924f72e810bb5b58cc87e190551790843af80c7aa87a50f4d3299ca1797d838f,Will the highest temperature in Los Angeles be between 66-67°F on September 2?,True,False,2026-09-02,2026-08-31,592.9970000000001,80.0,1672.02647,,1788323544328,,0.999,0.001,,5729.72,0.0,0.057678,,"{""Yes"": 0.0005, ""No"": 0.9995}","[""46333083608388841075137670747887206561896362432743086724959814716640070417273"", ""67221733604885930396660168972092134503529041381044904791345856226118540725924""]"
2026-09-02T04:49:24.906212+00:00,Los Angeles,0xec795468cc7c5aae9262e49cf3c0236a3fa3b4ffd5a51f83c9dd3567eb1c5f75,Will the highest temperature in Los Angeles be between 68-69°F on September 2?,True,False,2026-09-02,2026-08-31,283.057,26.994,797.66248,,1788323544325,,0.999,0.001,,3136.76,0.0,0.112783,,"{""Yes"": 0.0005, ""No"": 0.9995}","[""39842681029395499662287430357209925288092563314984431061039212474981793899619"", ""8376772573048868708347823630551033441310971047868313876371898124585120885689""]"
2026-09-02T04:49:24.906221+00:00,Los Angeles,0x2d97f58f5037a333c88b65bdc4b4766b1f5a1d9c97310e3338f7b5526c69628f,Will the highest temperature in Los Angeles be between 70-71°F on September 2?,True,False,2026-09-02,2026-08-31,642.2143130000001,555.6853130000001,519.81547,,1788323591169,0.002,0.996,0.004,0.998,4982.42,136.29,0.165704,0.998406,"{""Yes"": 0.003, ""No"": 0.997}","[""60825516923498199484985971882776777524169258224836219073343722543641905527924"", ""77118584245133780031857330324210507626449258419090822206054013306398081436716""]"
2026-09-02T04:49:24.906231+00:00,Los Angeles,0x3bb2d57ae340b2200526bcfe2f8002b4a6bde54f7e394cf6d30ee69b85b4c216,Will the highest temperature in Los Angeles be between 72-73°F on September 2?,True,False,2026-09-02,2026-08-31,906.4705319999999,857.449492,491.45678,,1788324346898,0.01,0.989,0.011,0.99,4934.07,195.8,0.173838,0.99,"{""Yes"": 0.0105, ""No"": 0.9895}","[""59117340080293988265092199595023251235400526178961544881192635925120297551125"", ""3100898466025559135073902490603815585157257866991078803578223358672666934006""]"
2026-09-02T04:49:24.906241+00:00,Los Angeles,0x83051fd8030afe2ce69f2b8b80ecc1cb969b89c2b36fda7f9d2188651c3a94d5,Will the highest temperature in Los Angeles be between 74-75°F on September 2?,True,False,2026-09-02,2026-08-31,4711.546623000001,3826.029602,105.1382,,1788324345919,0.17,0.72,0.28,0.83,1194.23,942.55,0.641573,0.891039,"{""Yes"": 0.225, ""No"": 0.775}","[""100191311256270597997334612903598545436369110958251423600028040161607504669590"", ""60963121066982530942440508654085750699621911467536589542973573302499116703659""]"
2026-09-02T04:49:24.906251+00:00,Los Angeles,0xc789a3a465ead8e91b6b946c3ab1780c9689e7de212993b10e57684ebe066006,Will the highest temperature in Los Angeles be between 76-77°F on September 2?,True,False,2026-09-02,2026-08-31,4260.145092000001,3779.9703399999994,458.351,,1788324736570,0.59,0.39,0.61,0.41,1262.46,696.18,0.658978,0.463578,"{""Yes"": 0.6, ""No"": 0.4}","[""7387107937906734473413014940172844500221901536018822796259117092816302600965"", ""78893038663200583929760021672852319568968018952102058668922757918592563724325""]"
2026-09-02T04:49:24.906261+00:00,Los Angeles,0xbbb4a4188d9e7cdf5ee7aa3db4e1181f3964d722b73f9c3b8a68c66177fce2dd,Will the highest temperature in Los Angeles be between 78-79°F on September 2?,True,False,2026-09-02,2026-08-31,2920.9742690000003,2546.9247829999995,364.2273,,1788324288914,0.15,0.83,0.17,0.85,1481.65,1077.19,0.31265,0.85,"{""Yes"": 0.16, ""No"": 0.84}","[""113769203386089876438505723706452728353210684485231098725192785578872533754889"", ""83544498250572053664657419315797916386410459338851565058864432205856401364564""]"
2026-09-02T04:49:24.906270+00:00,Los Angeles,0x259c9d62bab2f6ce598a3a7dcb2567c2bbb996a73606e45a9f91bcb1f928f0b7,Will the highest temperature in Los Angeles be between 80-81°F on September 2?,True,False,2026-09-02,2026-08-31,771.46045,728.96045,596.2593,,1788323544331,,0.98,0.02,,1268.33,0.0,0.146985,,"{""Yes"": 0.01, ""No"": 0.99}","[""27246475745439145328439116736539734619947060195764862921369280419817516854351"", ""15462324346887019051717934119989305715596156173431695702692351457983350882385""]"
2026-09-02T04:49:24.906280+00:00,Los Angeles,0x84e51d522c5163b3c8da1967ceabd75c41cb1195f8f42a903257691e4573be33,Will the highest temperature in Los Angeles be between 82-83°F on September 2?,True,False,2026-09-02,2026-08-31,707.6736649999999,684.673665,612.48116,,1788324822298,0.01,0.988,0.012,0.99,5420.62,165.98,0.145682,0.997324,"{""Yes"": 0.011, ""No"": 0.989}","[""83884750146123051956123703616251154915154291762681831167412524310423237932428"", ""66989785259613357013540000212769844426825318650256746762746898441346248896316""]"
2026-09-02T04:49:24.906290+00:00,Los Angeles,0xe60af95294b424a50ee6d0566a00f31d67b9edd744ae672130c0e3674cf124d1,Will the highest temperature in Los Angeles be 84°F or higher on September 2?,True,False,2026-09-02,2026-08-31,792.8295,745.8294999999999,329.4249,,1788324836531,0.001,0.998,0.002,0.999,212.47,2215.23,0.281665,0.999,"{""Yes"": 0.0015, ""No"": 0.9985}","[""71926674667692376056432575961747810866402100754937759183654087771546307731800"", ""2090400273533752190153567402021838867999036275921557133194943320520647302657""]"
2026-09-02T04:49:24.906300+00:00,Los Angeles,0x20c5f77f179dd56358484e61e84eb29d62131aaf96a76af9a86145a1befe55b9,Will the lowest temperature in Los Angeles be 55°F or below on September 3?,True,False,2026-09-03,2026-09-01,10.0,10.0,18.25,,1788323530903,,0.15,0.85,,114.75,0.0,0.85389,,"{""Yes"": 0.425, ""No"": 0.575}","[""29208800409802519816676970681751223523531873653409659653376400520328144437234"", ""31365275210572368402960807953309534256006925544344082209249761707351323446013""]"
2026-09-02T04:49:24.906309+00:00,Los Angeles,0xa241c24d6854d468e163c04c4867bf1148f8858e84816be61e135124a65cbc04,Will the lowest temperature in Los Angeles be between 56-57°F on September 3?,True,False,2026-09-03,2026-09-01,10.0,10.0,155.3461,,1788324560644,,0.5,0.5,,4348.78,0.0,0.673063,,"{""Yes"": 0.25, ""No"": 0.75}","[""40779136969927751343222973478739553588699707004692841603777675165447673710265"", ""110696914618952539725624701630073048364008615046008212385552116409432898039507""]"
2026-09-02T04:49:24.906318+00:00,Los Angeles,0x2abe6496a151eb1edd510b8af32bb320cfa51ce56300e25787e0b207e8a951c5,Will the lowest temperature in Los Angeles be between 58-59°F on September 3?,True,False,2026-09-03,2026-09-01,0.0,0.0,197.0361,,1788324560644,0.03,0.5,0.5,0.97,4401.64,67.71,0.673063,,"{""Yes"": 0.265, ""No"": 0.735}","[""77027972757130445517897660670862523111462533935635526836174863919338386835360"", ""64299041261793969867217184184515277171634119018863895350144223246845187956917""]"
2026-09-02T04:49:24.906327+00:00,Los Angeles,0x1408f59885f13a6c7200e71880cd5ffb0a1fde6f0b6617cf1c36218b0168a8d5,Will the lowest temperature in Los Angeles be between 60-61°F on September 3?,True,False,2026-09-03,2026-09-01,0.0,0.0,172.9861,,1788324560644,0.03,0.5,0.5,0.97,4401.64,861.66,0.673063,0.979412,"{""Yes"": 0.265, ""No"": 0.735}","[""65004067194948561382201306772499450178618058088817362259118933253178028012150"", ""37070192883000537767979175159368967009554837281234647311099727688343219187705""]"
2026-09-02T04:49:24.906336+00:00,Los Angeles,0x1b29eed41ad5b745f41a2f996cde565c376bc77488ac0f4c0ea6103fb7427dce,Will the lowest temperature in Los Angeles be between 62-63°F on September 3?,True,False,2026-09-03,2026-09-01,0.0,0.0,170.7261,,1788324560644,0.03,0.5,0.5,0.97,4383.64,861.66,0.673063,0.979412,"{""Yes"": 0.265, ""No"": 0.735}","[""106057192578709801677163644208081825063845205072436150555024159695980600750533"", ""7977224440513319817964017466827637536391057504243071806263856372293075009118""]"
2026-09-02T04:49:24.906345+00:00,Los Angeles,0x628900e52e2a806a367cf5156e497f393e816cbc4f5c94942ec74ed7417ff546,Will the lowest temperature in Los Angeles be between 64-65°F on September 3?,True,False,2026-09-03,2026-09-01,23.904755,23.904755,146.4623,,1788317941006,0.03,0.46,0.54,0.97,4472.08,885.7,0.706204,0.979412,"{""Yes"": 0.285, ""No"": 0.715}","[""1154149118934998867933970468471857489836281502103867261828552621859800673556"", ""70074058491625847076096314383802312309498642135023634090588924574915132872804""]"
2026-09-02T04:49:24.906354+00:00,Los Angeles,0x6d77052fc36cd2a2882ccb8e2d311db44c1e1d1cccf96feb305588b40a0b4cce,Will the lowest temperature in Los Angeles be between 66-67°F on September 3?,True,False,2026-09-03,2026-09-01,13.192043,13.192043,139.6946,,1788324560644,0.03,0.49,0.51,0.97,4460.57,78.5,0.695091,,"{""Yes"": 0.28, ""No"": 0.72}","[""1218122445603700127331985889217137118635036336630062781466425562766594235604"", ""86006282123920127168486610048491991963048740299432038529456401964970425261904""]"
2026-09-02T04:49:24.906362+00:00,Los Angeles,0x785850cee70edd5d058d48bbf41d06912841b10b961497c9ebe2ae50459ef1b1,Will the lowest temperature in Los Angeles be between 68-69°F on September 3?,True,False,2026-09-03,2026-09-01,0.0,0.0,159.3861,,1788324560644,0.03,0.5,0.5,0.97,4366.0,60.9,0.673063,,"{""Yes"": 0.265, ""No"": 0.735}","[""60564035537532394287026569976430123838491725940456450356239207700307201924463"", ""20678572362869622191176862006187372213642016278546323874627015608047817842339""]"
2026-09-02T04:49:24.906371+00:00,Los Angeles,0xb9ba2a8dfa32365a1ecef5f7e8c389a2a6b2a89d6d57bb796032ea33557dbd63,Will the lowest temperature in Los Angeles be between 70-71°F on September 3?,True,False,2026-09-03,2026-09-01,10.0,10.0,151.7861,,1788324560644,,0.5,0.5,,4330.78,0.0,0.673063,,"{""Yes"": 0.25, ""No"": 0.75}","[""59474461571840378852186547561520548569569551605792472532404405294985496976675"", ""65899267999457759110097284668562542489909812327591645412178519989554845371988""]"
2026-09-02T04:49:24.906380+00:00,Los Angeles,0x98bf4d27c413719fedfc02651aff7d20b2c09d82ca22f747eb9a862d93d1b2d9,Will the lowest temperature in Los Angeles be between 72-73°F on September 3?,True,False,2026-09-03,2026-09-01,10.0,10.0,158.2461,,1788324560644,,0.5,0.5,,4379.78,0.0,0.673063,,"{""Yes"": 0.25, ""No"": 0.75}","[""11007332181248670483432594149101654451915318785895492454902610512110823001119"", ""60588777558566035652801142290826680666170767986040857157324811192747436621363""]"
2026-09-02T04:49:24.906389+00:00,Los Angeles,0xe2bd92c6f51243263c27d4b855d16b75640a7a1c30354eb903d7a832217e9562,Will the lowest temperature in Los Angeles be 74°F or higher on September 3?,True,False,2026-09-03,2026-09-01,10.0,10.0,33.21,,1788324560644,,0.02,0.98,,53.95,0.0,,,"{""Yes"": 0.42, ""No"": 0.58}","[""1848088550057880404080438533352376216284357576163005875383206716374844106832"", ""21643647049868122702314819201292876134292286293616273166534024519222782533549""]"
2026-09-02T04:49:24.906399+00:00,Los Angeles,0x065999f9ebb6fa6d700c21531c389736b1458e19b12db3c3cf62a642efda0e48,Will the highest temperature in Los Angeles be 65°F or below on September 3?,True,False,2026-09-03,2026-09-01,0.0,0.0,1226.56059,,1788324696285,0.001,0.99,0.01,0.999,517.28,442.56,0.117903,0.999,"{""Yes"": 0.0055, ""No"": 0.9945}","[""91234532475243588875924785737469122003323429905410605568255930051825523187553"", ""36943691026352509301775593944889253621443380516323407888044954393209888629469""]"
2026-09-02T04:49:24.906408+00:00,Los Angeles,0x85931d0152e85e7d790ff2d8ddd4527b62ebb22cd44c3b7f8083ef46cffce177,Will the highest temperature in Los Angeles be between 66-67°F on September 3?,True,False,2026-09-03,2026-09-01,197.18699999999998,197.18699999999998,2014.04545,,1788324696969,0.001,0.998,0.002,0.999,17636.43,207.79,0.088303,0.999,"{""Yes"": 0.0015, ""No"": 0.9985}","[""46118442062631871144562416881853761269451959148638709489947652047364599262470"", ""62053642294846701303335676825603005441507482765823478897709429693928086364926""]"
2026-09-02T04:49:24.906417+00:00,Los Angeles,0x94571e770972a47a85436986e23581324ed93690a74c1a95bb4fd1d72bf21102,Will the highest temperature in Los Angeles be between 68-69°F on September 3?,True,False,2026-09-03,2026-09-01,13.013,13.013,1299.29731,,1788323544326,0.001,0.991,0.009,0.999,15737.76,429.55,0.135022,0.999,"{""Yes"": 0.005, ""No"": 0.995}","[""34304242338857602844353328163252753480616458585231624651422185756302205561683"", ""42311697937997094723679022428580786787662585929586070713718021971611167835348""]"
2026-09-02T04:49:24.906426+00:00,Los Angeles,0x4ef35c977a99cd4ca26b44a54f9046ef354ae0f5616339743e3ea8b2df75d897,Will the highest temperature in Los Angeles be between 70-71°F on September 3?,True,False,2026-09-03,2026-09-01,20.209,20.209,1100.83,,1788323544325,0.001,0.991,0.009,0.999,15722.05,422.36,0.180216,0.999,"{""Yes"": 0.005, ""No"": 0.995}","[""58713143028899945234528734051943825376548395643728300831972701971553087781699"", ""17562193474496723251416053107497202536873766510110286391323166585692889321841""]"
2026-09-02T04:49:24.906435+00:00,Los Angeles,0xa7efe5f9253398a30daa7fe6c96f596a1e2709c24e7bac2cff9dc24297296386,Will the highest temperature in Los Angeles be between 72-73°F on September 3?,True,False,2026-09-03,2026-09-01,32.706033,32.706033,915.1511,,1788323906532,0.02,0.96,0.04,0.98,13862.18,482.23,0.296497,0.98,"{""Yes"": 0.03, ""No"": 0.97}","[""103008337565796314234354910312160935725484874397306206266943653654266261002376"", ""43232662682111042535915093527713551272894146293523680136712034093801594101939""]"
2026-09-02T04:49:24.906445+00:00,Los Angeles,0x05635881579f26298f6cc35d46eb7f31aaa400be79f869610033ee14fcf6776c,Will the highest temperature in Los Angeles be between 74-75°F on September 3?,True,False,2026-09-03,2026-09-01,438.3411250000001,438.341125,863.3332,,1788324373759,0.1,0.82,0.18,0.9,13844.83,1298.38,0.44669,0.9,"{""Yes"": 0.11, ""No"": 0.89}","[""19034362652575128172144935134808481989084137618444129672529699207183092618261"", ""95146500129012002944140339796352389042145505919689528172262809285658439137027""]"
2026-09-02T04:49:24.906454+00:00,Los Angeles,0xf8d737194d94d8c23a4ed0ca75b5336fa1510d5dc51e87fa12df0b64bc477a85,Will the highest temperature in Los Angeles be between 76-77°F on September 3?,True,False,2026-09-03,2026-09-01,493.3698000000001,493.3698,1921.9752,,1788323942833,0.51,0.47,0.53,0.49,14767.73,845.0,0.544568,0.502893,"{""Yes"": 0.52, ""No"": 0.48}","[""65002754245080330792755966432338083025971859302098575273013869684348357019134"", ""72914765151127237751289261752314820771392311759102723598306157705009629472764""]"
2026-09-02T04:49:24.906464+00:00,Los Angeles,0x93c21c336350bf9ca2c52d7b2c4e36efd9bf40c8c5f4b8386c1b2b843a4b7fbe,Will the highest temperature in Los Angeles be between 78-79°F on September 3?,True,False,2026-09-03,2026-09-01,661.9851170000001,661.985117,958.1371,,1788324373759,0.28,0.71,0.29,0.72,13906.79,1020.75,0.410072,0.736025,"{""Yes"": 0.285, ""No"": 0.715}","[""69646680368500220566918191163060140932143728885947841212520205119239892659527"", ""23964282218094766015584850774181031309224406320111883006765599503675771951604""]"
2026-09-02T04:49:24.906473+00:00,Los Angeles,0x5a3b330486e8cd383051fa78356eae36b85d78349068a7c39f57b5f22973e265,Will the highest temperature in Los Angeles be between 80-81°F on September 3?,True,False,2026-09-03,2026-09-01,15.72,15.72,855.4683,,1788323946531,0.04,0.94,0.06,0.96,13847.02,409.16,0.36157,0.960301,"{""Yes"": 0.05, ""No"": 0.95}","[""99050256084136821886278083684633461984782905477783001439625238013048487312470"", ""23530784683148811567193992815186158509755583021071806475460574444209027843634""]"
2026-09-02T04:49:24.906481+00:00,Los Angeles,0x371548d70583544dc7ba05acd8f0a731aaca38fa60f9ef3060794b4050fe7b76,Will the highest temperature in Los Angeles be between 82-83°F on September 3?,True,False,2026-09-03,2026-09-01,0.0,0.0,1431.0394,,1788323544331,0.01,0.97,0.03,0.99,13859.9,299.97,0.121205,0.99,"{""Yes"": 0.02, ""No"": 0.98}","[""85646424738084720760409091674076699096582670279960322174700491040819139607378"", ""57303666002680664450304250969514255168434665728728601433283329514071752100819""]"
2026-09-02T04:49:24.906491+00:00,Los Angeles,0x132fe4a23af435c02acd83d16e35596cc33717257b1377266332210f59e3a366,Will the highest temperature in Los Angeles be 84°F or higher on September 3?,True,False,2026-09-03,2026-09-01,62.96,72.96,684.5602,,1788323544323,,0.98,0.02,,428.89,0.0,0.132611,,"{""Yes"": 0.01, ""No"": 0.99}","[""110511394192357302198198943874132246325810513826018706147482318562141151664869"", ""85206518101571019263436053961835307074775981546521644849432418546217909736221""]"
2026-09-02T09:45:55.356049+00:00,Los Angeles,0x18dcad59815a63e4b79bb32e1e0a6712b15839b985b6f0f8f2c8b13ef08fb14a,Will the lowest temperature in Los Angeles be 53°F or below on September 2?,True,False,2026-09-02,2026-08-31,12.0,12.0,0.72,,1788342714389,,0.01,0.99,,41.58,0.0,,,"{""Yes"": 0.49, ""No"": 0.51}","[""98897444574775832618976774554453132456523030458004742519112465708321608334007"", ""19231553989296043120422919900391939972661719018819582695638685193287246577801""]"
2026-09-02T09:45:55.356084+00:00,Los Angeles,0xe28890648fecdc97068ae40a13bf50a5686d092d107d6162fae90d4b7f3c857b,Will the lowest temperature in Los Angeles be between 54-55°F on September 2?,True,False,2026-09-02,2026-08-31,12.0,12.0,0.72,,1788342724368,,0.01,0.99,,41.58,0.0,,,"{""Yes"": 0.49, ""No"": 0.51}","[""46069019759366158752906663106167117984634146249570461594191942590311697323800"", ""66296629211199418431222169900639618597253087655590291199201396677740567983875""]"
2026-09-02T09:45:55.356104+00:00,Los Angeles,0x0a9f3cab8ce1d7e9401a22ade02bf160324f1b15c699da4fc457909014c68076,Will the lowest temperature in Los Angeles be between 56-57°F on September 2?,True,False,2026-09-02,2026-08-31,15.0,0.0,1.19,,1788341554373,0.01,0.04,0.96,0.99,50.93,11.88,,,"{""Yes"": 0.485, ""No"": 0.515}","[""111572449371695162122169387721829029829950357860616093558656804989407659823262"", ""79522918685096269789802421543114065866848573732281053867677831179834409694591""]"
2026-09-02T09:45:55.356122+00:00,Los Angeles,0x37de3d714f7602da3acfa3630c06a593b9fde5ea5d72cf45095e13160d83471f,Will the lowest temperature in Los Angeles be between 58-59°F on September 2?,True,False,2026-09-02,2026-08-31,0.0,0.0,0.54,,1788341544373,0.01,0.01,0.99,0.99,41.58,11.88,,,"{""Yes"": 0.5, ""No"": 0.5}","[""6508636936702010956871266762260813466767006531391833056191220229331670638809"", ""53304962735083037198971016917308262707265595845378561118565541931796846316147""]"
2026-09-02T09:45:55.356139+00:00,Los Angeles,0x66933e25c31127ac360153958b19c91d0d350d2091ade3a3a5d37172eaa0290c,Will the lowest temperature in Los Angeles be between 60-61°F on September 2?,True,False,2026-09-02,2026-08-31,1.1111,1.1111,0.5288,,1788341524397,0.01,0.01,0.99,0.99,41.58,10.77,,,"{""Yes"": 0.5, ""No"": 0.5}","[""99086714109691169691075726725090781307561016540768527676010832744316827934805"", ""69129387356513875863057563017453512953720779253645998875823594592975823418811""]"
2026-09-02T09:45:55.356158+00:00,Los Angeles,0x3d1aec2ea193ee03dc0249c2d23a56e348e14ccdca650c71570b909e41874d6f,Will the lowest temperature in Los Angeles be between 62-63°F on September 2?,True,False,2026-09-02,2026-08-31,1.0204,1.0204,0.6194,,1788341991039,0.02,0.02,0.98,0.98,51.38,15.77,,,"{""Yes"": 0.505, ""No"": 0.495}","[""85059443157964762938705495645605970386103796376345476452350446466305474317722"", ""93745699875978118425764904052868034748571735140529431382142769889706547053190""]"
2026-09-02T09:45:55.356175+00:00,Los Angeles,0xa918c05fcb2a885ac0af6b0fe2157af0eaec1c716098fb4ddc483734875c1ee3,Will the lowest temperature in Los Angeles be between 64-65°F on September 2?,True,False,2026-09-02,2026-08-31,1.886791,0.0,0.64,,1788341534375,0.01,0.01,0.99,0.99,41.58,21.78,,,"{""Yes"": 0.5, ""No"": 0.5}","[""38838554678363235003524729310808127819853368805326657242592077183531724227765"", ""21439198382739990021982628402928403606465796703056593242040714458178538724808""]"
2026-09-02T09:45:55.356192+00:00,Los Angeles,0xdecf7255b97de17160ca58d76c856283b328cdf5c48bedd5b1d4669381713989,Will the lowest temperature in Los Angeles be between 66-67°F on September 2?,True,False,2026-09-02,2026-08-31,0.0,0.0,1.09,,1788341534374,0.01,0.03,0.97,0.99,51.03,11.88,,,"{""Yes"": 0.49, ""No"": 0.51}","[""11839119961077840279269696754485428012969487454878324888855770854930396270809"", ""107417268882148432696487002527436090954679013051401812678772835182365251525568""]"
2026-09-02T09:45:55.356209+00:00,Los Angeles,0x83b18db8461610cdca7c3ffc884b3e8026ea862eb18e7301eccd3a95c977dbf0,Will the lowest temperature in Los Angeles be between 68-69°F on September 2?,True,False,2026-09-02,2026-08-31,0.0,0.0,0.54,,1788341544372,0.01,0.01,0.99,0.99,41.58,11.88,,,"{""Yes"": 0.5, ""No"": 0.5}","[""56369234080220170050506331118893742485428265448155929481534017934886694046399"", ""25851254285525382475898999783360859846389565986583231248099945835798140557050""]"
2026-09-02T09:45:55.356226+00:00,Los Angeles,0xe0fa57874bb2990ed9c8718309886c622ab7bd95711fa0f76596879e14534fcd,Will the lowest temperature in Los Angeles be between 70-71°F on September 2?,True,False,2026-09-02,2026-08-31,37.0,37.0,3909.7309,,1788342707468,,0.999,0.001,,134.94,0.0,0.025255,,"{""Yes"": 0.0005, ""No"": 0.9995}","[""101565296988962569559718333788249273551933776627649895996805627718723958666575"", ""77457660228792671966697709303615188091299964508701063986009892030037755097494""]"
2026-09-02T09:45:55.356242+00:00,Los Angeles,0x941548cda7dbfd688e28eef1d3041192ccac0b57424e6b391413d492f91862ac,Will the lowest temperature in Los Angeles be 72°F or higher on September 2?,True,False,2026-09-02,2026-08-31,52.0,52.0,3654.6164,,1788342741776,,0.999,0.001,,136.55,0.0,0.026994,,"{""Yes"": 0.0005, ""No"": 0.9995}","[""58902536202165889106540411170319801483031703235133467433279229368911884551737"", ""63666622685510646079094638828423156982374935220310808758121067752825082852079""]"
2026-09-02T09:45:55.356261+00:00,Los Angeles,0xd2470384d3dae35ed250819100d561c059f09213a72f9d77c3b447e180f16ddb,Will the highest temperature in Los Angeles be 65°F or below on September 2?,True,False,2026-09-02,2026-08-31,998.0409999999999,24.119999999999997,8249.3315,,1788342688029,,0.999,0.001,,7233.4,0.0,0.012618,,"{""Yes"": 0.0005, ""No"": 0.9995}","[""11892588585714366837919305062066979983218551774565160147114133672015252460293"", ""68764023021024626327297915617489269143944336749889679849075709103202556486964""]"
2026-09-02T09:45:55.356278+00:00,Los Angeles,0x924f72e810bb5b58cc87e190551790843af80c7aa87a50f4d3299ca1797d838f,Will the highest temperature in Los Angeles be between 66-67°F on September 2?,True,False,2026-09-02,2026-08-31,592.9970000000001,80.0,8690.25966,,1788342488869,,0.999,0.001,,8566.49,0.0,0.011656,,"{""Yes"": 0.0005, ""No"": 0.9995}","[""46333083608388841075137670747887206561896362432743086724959814716640070417273"", ""67221733604885930396660168972092134503529041381044904791345856226118540725924""]"
2026-09-02T09:45:55.356295+00:00,Los Angeles,0xec795468cc7c5aae9262e49cf3c0236a3fa3b4ffd5a51f83c9dd3567eb1c5f75,Will the highest temperature in Los Angeles be between 68-69°F on September 2?,True,False,2026-09-02,2026-08-31,283.057,26.994,1062.45537,,1788342567606,,0.999,0.001,,7682.65,0.0,0.100033,,"{""Yes"": 0.0005, ""No"": 0.9995}","[""39842681029395499662287430357209925288092563314984431061039212474981793899619"", ""8376772573048868708347823630551033441310971047868313876371898124585120885689""]"
2026-09-02T09:45:55.356313+00:00,Los Angeles,0x2d97f58f5037a333c88b65bdc4b4766b1f5a1d9c97310e3338f7b5526c69628f,Will the highest temperature in Los Angeles be between 70-71°F on September 2?,True,False,2026-09-02,2026-08-31,839.4843130000002,672.6553130000001,891.83782,,1788342760871,0.001,0.997,0.003,0.999,10329.35,6.99,0.134298,,"{""Yes"": 0.002, ""No"": 0.998}","[""60825516923498199484985971882776777524169258224836219073343722543641905527924"", ""77118584245133780031857330324210507626449258419090822206054013306398081436716""]"
2026-09-02T09:45:55.356332+00:00,Los Angeles,0x3bb2d57ae340b2200526bcfe2f8002b4a6bde54f7e394cf6d30ee69b85b4c216,Will the highest temperature in Los Angeles be between 72-73°F on September 2?,True,False,2026-09-02,2026-08-31,1118.379621,983.358581,820.10512,,1788342600451,0.003,0.989,0.011,0.997,22067.95,1121.97,0.151045,0.997,"{""Yes"": 0.007, ""No"": 0.993}","[""59117340080293988265092199595023251235400526178961544881192635925120297551125"", ""3100898466025559135073902490603815585157257866991078803578223358672666934006""]"
2026-09-02T09:45:55.356349+00:00,Los Angeles,0x83051fd8030afe2ce69f2b8b80ecc1cb969b89c2b36fda7f9d2188651c3a94d5,Will the highest temperature in Los Angeles be between 74-75°F on September 2?,True,False,2026-09-02,2026-08-31,5825.505917,4060.9260670000012,1153.0895,,1788342821618,0.1,0.89,0.11,0.9,9582.99,1544.21,0.157394,0.906158,"{""Yes"": 0.085, ""No"": 0.915}","[""100191311256270597997334612903598545436369110958251423600028040161607504669590"", ""60963121066982530942440508654085750699621911467536589542973573302499116703659""]"
2026-09-02T09:45:55.356367+00:00,Los Angeles,0xc789a3a465ead8e91b6b946c3ab1780c9689e7de212993b10e57684ebe066006,Will the highest temperature in Los Angeles be between 76-77°F on September 2?,True,False,2026-09-02,2026-08-31,5367.906279000001,4562.970694,1829.73,,1788342790297,0.7,0.27,0.73,0.3,8256.0,7696.44,0.73817,0.308044,"{""Yes"": 0.68, ""No"": 0.32}","[""7387107937906734473413014940172844500221901536018822796259117092816302600965"", ""78893038663200583929760021672852319568968018952102058668922757918592563724325""]"
2026-09-02T09:45:55.356385+00:00,Los Angeles,0xbbb4a4188d9e7cdf5ee7aa3db4e1181f3964d722b73f9c3b8a68c66177fce2dd,Will the highest temperature in Los Angeles be between 78-79°F on September 2?,True,False,2026-09-02,2026-08-31,3630.436012,3059.564622,2189.5559,,1788342710866,0.16,0.81,0.19,0.84,8290.14,1898.96,0.199797,0.849553,"{""Yes"": 0.175, ""No"": 0.825}","[""113769203386089876438505723706452728353210684485231098725192785578872533754889"", ""83544498250572053664657419315797916386410459338851565058864432205856401364564""]"
2026-09-02T09:45:55.356402+00:00,Los Angeles,0x259c9d62bab2f6ce598a3a7dcb2567c2bbb996a73606e45a9f91bcb1f928f0b7,Will the highest temperature in Los Angeles be between 80-81°F on September 2?,True,False,2026-09-02,2026-08-31,830.96045,708.1604500000002,1065.924,,1788342600489,,0.98,0.02,,6223.04,0.0,0.149791,,"{""Yes"": 0.01, ""No"": 0.99}","[""27246475745439145328439116736539734619947060195764862921369280419817516854351"", ""15462324346887019051717934119989305715596156173431695702692351457983350882385""]"
2026-09-02T09:45:55.356419+00:00,Los Angeles,0x84e51d522c5163b3c8da1967ceabd75c41cb1195f8f42a903257691e4573be33,Will the highest temperature in Los Angeles be between 82-83°F on September 2?,True,False,2026-09-02,2026-08-31,719.673665,615.161565,1026.48659,,1788342672380,0.003,0.99,0.01,0.997,10771.97,4198.45,0.113487,0.997501,"{""Yes"": 0.0065, ""No"": 0.9935}","[""83884750146123051956123703616251154915154291762681831167412524310423237932428"", ""66989785259613357013540000212769844426825318650256746762746898441346248896316""]"
2026-09-02T09:45:55.356438+00:00,Los Angeles,0xe60af95294b424a50ee6d0566a00f31d67b9edd744ae672130c0e3674cf124d1,Will the highest temperature in Los Angeles be 84°F or higher on September 2?,True,False,2026-09-02,2026-08-31,1090.8195,957.5195000000001,1145.5954,,1788342771971,0.001,0.998,0.002,0.999,20985.41,1885.5,0.151418,0.999,"{""Yes"": 0.0015, ""No"": 0.9985}","[""71926674667692376056432575961747810866402100754937759183654087771546307731800"", ""2090400273533752190153567402021838867999036275921557133194943320520647302657""]"
2026-09-02T09:45:55.356458+00:00,Los Angeles,0x20c5f77f179dd56358484e61e84eb29d62131aaf96a76af9a86145a1befe55b9,Will the lowest temperature in Los Angeles be 55°F or below on September 3?,True,False,2026-09-03,2026-09-01,10.0,10.0,18.164,,1788342817028,,0.15,0.85,,584.02,0.0,0.906521,,"{""Yes"": 0.425, ""No"": 0.575}","[""29208800409802519816676970681751223523531873653409659653376400520328144437234"", ""31365275210572368402960807953309534256006925544344082209249761707351323446013""]"
2026-09-02T09:45:55.356468+00:00,Los Angeles,0xa241c24d6854d468e163c04c4867bf1148f8858e84816be61e135124a65cbc04,Will the lowest temperature in Los Angeles be between 56-57°F on September 3?,True,False,2026-09-03,2026-09-01,10.0,10.0,160.0828,,1788342156071,,0.51,0.49,,4656.75,0.0,0.597485,,"{""Yes"": 0.245, ""No"": 0.755}","[""40779136969927751343222973478739553588699707004692841603777675165447673710265"", ""110696914618952539725624701630073048364008615046008212385552116409432898039507""]"
2026-09-02T09:45:55.356477+00:00,Los Angeles,0x2abe6496a151eb1edd510b8af32bb320cfa51ce56300e25787e0b207e8a951c5,Will the lowest temperature in Los Angeles be between 58-59°F on September 3?,True,False,2026-09-03,2026-09-01,0.0,0.0,158.9778,,1788342155552,0.03,0.51,0.49,0.97,4654.64,67.71,0.597485,,"{""Yes"": 0.26, ""No"": 0.74}","[""77027972757130445517897660670862523111462533935635526836174863919338386835360"", ""64299041261793969867217184184515277171634119018863895350144223246845187956917""]"
2026-09-02T09:45:55.356486+00:00,Los Angeles,0x1408f59885f13a6c7200e71880cd5ffb0a1fde6f0b6617cf1c36218b0168a8d5,Will the lowest temperature in Los Angeles be between 60-61°F on September 3?,True,False,2026-09-03,2026-09-01,0.0,0.0,167.2778,,1788342155575,0.03,0.51,0.49,0.97,4657.09,861.66,0.597485,0.979412,"{""Yes"": 0.26, ""No"": 0.74}","[""65004067194948561382201306772499450178618058088817362259118933253178028012150"", ""37070192883000537767979175159368967009554837281234647311099727688343219187705""]"
2026-09-02T09:45:55.356495+00:00,Los Angeles,0x1b29eed41ad5b745f41a2f996cde565c376bc77488ac0f4c0ea6103fb7427dce,Will the lowest temperature in Los Angeles be between 62-63°F on September 3?,True,False,2026-09-03,2026-09-01,0.0,0.0,167.7278,,1788342155577,0.03,0.51,0.49,0.97,4657.09,861.66,0.597485,0.979412,"{""Yes"": 0.26, ""No"": 0.74}","[""106057192578709801677163644208081825063845205072436150555024159695980600750533"", ""7977224440513319817964017466827637536391057504243071806263856372293075009118""]"
2026-09-02T09:45:55.356504+00:00,Los Angeles,0x628900e52e2a806a367cf5156e497f393e816cbc4f5c94942ec74ed7417ff546,Will the lowest temperature in Los Angeles be between 64-65°F on September 3?,True,False,2026-09-03,2026-09-01,23.904755,23.904755,159.4273,,1788342155604,0.03,0.46,0.54,0.97,5328.99,885.7,0.701042,0.979412,"{""Yes"": 0.285, ""No"": 0.715}","[""1154149118934998867933970468471857489836281502103867261828552621859800673556"", ""70074058491625847076096314383802312309498642135023634090588924574915132872804""]"
2026-09-02T09:45:55.356514+00:00,Los Angeles,0x6d77052fc36cd2a2882ccb8e2d311db44c1e1d1cccf96feb305588b40a0b4cce,Will the lowest temperature in Los Angeles be between 66-67°F on September 3?,True,False,2026-09-03,2026-09-01,13.192043,13.192043,165.4996,,1788342155625,0.03,0.49,0.51,0.97,5334.33,867.5,0.675299,0.978923,"{""Yes"": 0.27, ""No"": 0.73}","[""1218122445603700127331985889217137118635036336630062781466425562766594235604"", ""86006282123920127168486610048491991963048740299432038529456401964970425261904""]"
2026-09-02T09:45:55.356524+00:00,Los Angeles,0x785850cee70edd5d058d48bbf41d06912841b10b961497c9ebe2ae50459ef1b1,Will the lowest temperature in Los Angeles be between 68-69°F on September 3?,True,False,2026-09-03,2026-09-01,0.0,0.0,158.2778,,1788342155574,0.03,0.51,0.49,0.97,4637.0,60.9,0.597485,,"{""Yes"": 0.26, ""No"": 0.74}","[""60564035537532394287026569976430123838491725940456450356239207700307201924463"", ""20678572362869622191176862006187372213642016278546323874627015608047817842339""]"
2026-09-02T09:45:55.356534+00:00,Los Angeles,0xb9ba2a8dfa32365a1ecef5f7e8c389a2a6b2a89d6d57bb796032ea33557dbd63,Will the lowest temperature in Los Angeles be between 70-71°F on September 3?,True,False,2026-09-03,2026-09-01,10.0,10.0,160.2328,,1788342155603,,0.51,0.49,,4656.75,0.0,0.597485,,"{""Yes"": 0.245, ""No"": 0.755}","[""59474461571840378852186547561520548569569551605792472532404405294985496976675"", ""65899267999457759110097284668562542489909812327591645412178519989554845371988""]"
2026-09-02T09:45:55.356543+00:00,Los Angeles,0x98bf4d27c413719fedfc02651aff7d20b2c09d82ca22f747eb9a862d93d1b2d9,Will the lowest temperature in Los Angeles be between 72-73°F on September 3?,True,False,2026-09-03,2026-09-01,10.0,10.0,163.9661,,1788342594435,,0.57,0.43,,4703.79,0.0,0.583548,,"{""Yes"": 0.225, ""No"": 0.775}","[""11007332181248670483432594149101654451915318785895492454902610512110823001119"", ""60588777558566035652801142290826680666170767986040857157324811192747436621363""]"
2026-09-02T09:45:55.356551+00:00,Los Angeles,0xe2bd92c6f51243263c27d4b855d16b75640a7a1c30354eb903d7a832217e9562,Will the lowest temperature in Los Angeles be 74°F or higher on September 3?,True,False,2026-09-03,2026-09-01,10.0,10.0,23.685,,1788342426654,,0.18,0.82,,416.12,0.0,0.908037,,"{""Yes"": 0.415, ""No"": 0.585}","[""1848088550057880404080438533352376216284357576163005875383206716374844106832"", ""21643647049868122702314819201292876134292286293616273166534024519222782533549""]"
2026-09-02T09:45:55.356561+00:00,Los Angeles,0x065999f9ebb6fa6d700c21531c389736b1458e19b12db3c3cf62a642efda0e48,Will the highest temperature in Los Angeles be 65°F or below on September 3?,True,False,2026-09-03,2026-09-01,138.08280000000002,138.0828,3614.69165,,1788342821113,0.001,0.991,0.009,0.999,10027.66,464.39,0.053469,0.999,"{""Yes"": 0.005, ""No"": 0.995}","[""91234532475243588875924785737469122003323429905410605568255930051825523187553"", ""36943691026352509301775593944889253621443380516323407888044954393209888629469""]"
2026-09-02T09:45:55.356570+00:00,Los Angeles,0x85931d0152e85e7d790ff2d8ddd4527b62ebb22cd44c3b7f8083ef46cffce177,Will the highest temperature in Los Angeles be between 66-67°F on September 3?,True,False,2026-09-03,2026-09-01,405.187,405.187,4151.77275,,1788342811828,,0.999,0.001,,28103.51,0.0,0.054551,,"{""Yes"": 0.0005, ""No"": 0.9995}","[""46118442062631871144562416881853761269451959148638709489947652047364599262470"", ""62053642294846701303335676825603005441507482765823478897709429693928086364926""]"
2026-09-02T09:45:55.356579+00:00,Los Angeles,0x94571e770972a47a85436986e23581324ed93690a74c1a95bb4fd1d72bf21102,Will the highest temperature in Los Angeles be between 68-69°F on September 3?,True,False,2026-09-03,2026-09-01,155.5375,155.53750000000002,3924.69649,,1788342811785,0.002,0.991,0.009,0.998,26226.4,643.64,0.070241,0.998,"{""Yes"": 0.0055, ""No"": 0.9945}","[""34304242338857602844353328163252753480616458585231624651422185756302205561683"", ""42311697937997094723679022428580786787662585929586070713718021971611167835348""]"
2026-09-02T09:45:55.356588+00:00,Los Angeles,0x4ef35c977a99cd4ca26b44a54f9046ef354ae0f5616339743e3ea8b2df75d897,Will the highest temperature in Los Angeles be between 70-71°F on September 3?,True,False,2026-09-03,2026-09-01,151.81220000000002,151.81220000000002,3152.06508,,1788342811777,0.002,0.991,0.009,0.998,26077.42,643.34,0.083681,0.998,"{""Yes"": 0.0055, ""No"": 0.9945}","[""58713143028899945234528734051943825376548395643728300831972701971553087781699"", ""17562193474496723251416053107497202536873766510110286391323166585692889321841""]"
2026-09-02T09:45:55.356597+00:00,Los Angeles,0xa7efe5f9253398a30daa7fe6c96f596a1e2709c24e7bac2cff9dc24297296386,Will the highest temperature in Los Angeles be between 72-73°F on September 3?,True,False,2026-09-03,2026-09-01,90.797833,90.797833,2788.6922,,1788342811772,0.02,0.96,0.04,0.98,20724.85,317.61,0.097134,0.98,"{""Yes"": 0.025, ""No"": 0.975}","[""103008337565796314234354910312160935725484874397306206266943653654266261002376"", ""43232662682111042535915093527713551272894146293523680136712034093801594101939""]"
2026-09-02T09:45:55.356606+00:00,Los Angeles,0x05635881579f26298f6cc35d46eb7f31aaa400be79f869610033ee14fcf6776c,Will the highest temperature in Los Angeles be between 74-75°F on September 3?,True,False,2026-09-03,2026-09-01,543.2969310000001,543.296931,2998.0472,,1788342812748,0.11,0.87,0.13,0.89,27440.86,4876.0,0.161286,0.89955,"{""Yes"": 0.115, ""No"": 0.885}","[""19034362652575128172144935134808481989084137618444129672529699207183092618261"", ""95146500129012002944140339796352389042145505919689528172262809285658439137027""]"
2026-09-02T09:45:55.356615+00:00,Los Angeles,0xf8d737194d94d8c23a4ed0ca75b5336fa1510d5dc51e87fa12df0b64bc477a85,Will the highest temperature in Los Angeles be between 76-77°F on September 3?,True,False,2026-09-03,2026-09-01,2003.67281,2003.6728099999998,2523.5524,,1788342812864,0.61,0.36,0.64,0.39,19967.66,3985.28,0.64,0.39,"{""Yes"": 0.625, ""No"": 0.375}","[""65002754245080330792755966432338083025971859302098575273013869684348357019134"", ""72914765151127237751289261752314820771392311759102723598306157705009629472764""]"
2026-09-02T09:45:55.356641+00:00,Los Angeles,0x93c21c336350bf9ca2c52d7b2c4e36efd9bf40c8c5f4b8386c1b2b843a4b7fbe,Will the highest temperature in Los Angeles be between 78-79°F on September 3?,True,False,2026-09-03,2026-09-01,990.3439389999999,990.3439389999998,3511.8138,,1788342821500,0.21,0.77,0.23,0.79,21910.66,5231.85,0.238393,0.79,"{""Yes"": 0.22, ""No"": 0.78}","[""69646680368500220566918191163060140932143728885947841212520205119239892659527"", ""23964282218094766015584850774181031309224406320111883006765599503675771951604""]"
2026-09-02T09:45:55.356652+00:00,Los Angeles,0x5a3b330486e8cd383051fa78356eae36b85d78349068a7c39f57b5f22973e265,Will the highest temperature in Los Angeles be between 80-81°F on September 3?,True,False,2026-09-03,2026-09-01,258.83272900000003,258.832729,3545.3044,,1788342812143,0.03,0.95,0.05,0.97,20439.62,718.79,0.086414,0.975556,"{""Yes"": 0.04, ""No"": 0.96}","[""99050256084136821886278083684633461984782905477783001439625238013048487312470"", ""23530784683148811567193992815186158509755583021071806475460574444209027843634""]"
2026-09-02T09:45:55.356660+00:00,Los Angeles,0x371548d70583544dc7ba05acd8f0a731aaca38fa60f9ef3060794b4050fe7b76,Will the highest temperature in Los Angeles be between 82-83°F on September 3?,True,False,2026-09-03,2026-09-01,63.0909,63.0909,3441.5833,,1788342812185,0.01,0.98,0.02,0.99,15501.5,178.1,0.076027,0.99,"{""Yes"": 0.015, ""No"": 0.985}","[""85646424738084720760409091674076699096582670279960322174700491040819139607378"", ""57303666002680664450304250969514255168434665728728601433283329514071752100819""]"
2026-09-02T09:45:55.356669+00:00,Los Angeles,0x132fe4a23af435c02acd83d16e35596cc33717257b1377266332210f59e3a366,Will the highest temperature in Los Angeles be 84°F or higher on September 3?,True,False,2026-09-03,2026-09-01,121.053,131.053,3133.97409,,1788342771221,0.001,0.991,0.009,0.999,11495.06,414.49,0.05968,0.999,"{""Yes"": 0.005, ""No"": 0.995}","[""110511394192357302198198943874132246325810513826018706147482318562141151664869"", ""85206518101571019263436053961835307074775981546521644849432418546217909736221""]"
