fetched_at_utc,city,ticker,yes_best_bid,yes_best_ask,yes_ask_depth_usdc,yes_vwap_buy_100,no_best_bid,no_best_ask,no_ask_depth_usdc,no_vwap_buy_100
2026-08-03T20:47:29.428490+00:00,Atlanta,KXHIGHTATL-26AUG04-T91,,0.02,1363.53,0.093444,0.98,,0.0,
2026-08-03T20:47:29.428490+00:00,Atlanta,KXHIGHTATL-26AUG04-T84,0.08,0.1,1546.43,0.153026,0.9,0.92,2935.4,0.95144
2026-08-03T20:47:29.428490+00:00,Atlanta,KXHIGHTATL-26AUG04-B90.5,0.06,0.07,1571.38,0.147667,0.93,0.94,1331.23,0.947899
2026-08-03T20:47:29.428490+00:00,Atlanta,KXHIGHTATL-26AUG04-B88.5,0.17,0.19,1583.28,0.21608,0.81,0.83,1866.83,0.841556
2026-08-03T20:47:29.428490+00:00,Atlanta,KXHIGHTATL-26AUG04-B86.5,0.35,0.38,1794.6,0.406446,0.62,0.65,2397.88,0.703972
2026-08-03T20:47:29.428490+00:00,Atlanta,KXHIGHTATL-26AUG04-B84.5,0.29,0.31,1564.47,0.33615,0.69,0.71,2197.9,0.718302
2026-08-03T20:47:29.428490+00:00,Atlanta,KXHIGHTATL-26AUG03-T91,,0.01,1097.87,0.01,0.99,,0.0,
2026-08-03T20:47:29.428490+00:00,Atlanta,KXHIGHTATL-26AUG03-T84,,0.01,2522.64,0.01,0.99,,0.0,
2026-08-03T20:47:29.428490+00:00,Atlanta,KXHIGHTATL-26AUG03-B90.5,,0.03,1086.59,0.153192,0.97,,0.0,
2026-08-03T20:47:29.428490+00:00,Atlanta,KXHIGHTATL-26AUG03-B88.5,0.15,0.17,1550.32,0.264651,0.83,0.85,223.36,0.858714
2026-08-03T20:47:29.428490+00:00,Atlanta,KXHIGHTATL-26AUG03-B86.5,0.86,0.87,661.45,0.87,0.13,0.14,789.16,0.34997
2026-08-03T20:47:29.428490+00:00,Atlanta,KXHIGHTATL-26AUG03-B84.5,,0.01,2540.76,0.01,0.99,,0.0,
2026-08-03T21:03:52.245799+00:00,Atlanta,KXHIGHTATL-26AUG04-T91,,0.02,1490.91,0.090002,0.98,,0.0,
2026-08-03T21:03:52.245799+00:00,Atlanta,KXHIGHTATL-26AUG04-T84,0.08,0.12,1572.69,0.154843,0.88,0.92,2932.44,0.951723
2026-08-03T21:03:52.245799+00:00,Atlanta,KXHIGHTATL-26AUG04-B90.5,0.06,0.07,1808.63,0.146769,0.93,0.94,1323.11,0.942243
2026-08-03T21:03:52.245799+00:00,Atlanta,KXHIGHTATL-26AUG04-B88.5,0.17,0.19,2516.94,0.21608,0.81,0.83,1868.15,0.841306
2026-08-03T21:03:52.245799+00:00,Atlanta,KXHIGHTATL-26AUG04-B86.5,0.35,0.38,1868.67,0.402811,0.62,0.65,2634.82,0.710559
2026-08-03T21:03:52.245799+00:00,Atlanta,KXHIGHTATL-26AUG04-B84.5,0.29,0.3,1606.92,0.335936,0.7,0.71,2457.49,0.718302
2026-08-03T21:03:52.245799+00:00,Atlanta,KXHIGHTATL-26AUG03-T91,,0.01,1041.32,0.01,0.99,,0.0,
2026-08-03T21:03:52.245799+00:00,Atlanta,KXHIGHTATL-26AUG03-T84,,0.01,2416.78,0.01,0.99,,0.0,
2026-08-03T21:03:52.245799+00:00,Atlanta,KXHIGHTATL-26AUG03-B90.5,,0.03,1080.13,0.221104,0.97,,0.0,
2026-08-03T21:03:52.245799+00:00,Atlanta,KXHIGHTATL-26AUG03-B88.5,0.09,0.12,1337.9,0.356614,0.88,0.91,225.15,0.91954
2026-08-03T21:03:52.245799+00:00,Atlanta,KXHIGHTATL-26AUG03-B86.5,0.91,0.92,692.97,0.927033,0.08,0.09,771.99,0.34911
2026-08-03T21:03:52.245799+00:00,Atlanta,KXHIGHTATL-26AUG03-B84.5,,0.01,2525.76,0.01,0.99,,0.0,
2026-08-04T13:13:22.773018+00:00,Atlanta,KXHIGHTATL-26AUG05-T91,,,0.0,,,,0.0,
2026-08-04T13:13:22.773018+00:00,Atlanta,KXHIGHTATL-26AUG05-T84,,,0.0,,,,0.0,
2026-08-04T13:13:22.773018+00:00,Atlanta,KXHIGHTATL-26AUG05-B90.5,,,0.0,,,,0.0,
2026-08-04T13:13:22.773018+00:00,Atlanta,KXHIGHTATL-26AUG05-B88.5,,,0.0,,,,0.0,
2026-08-04T13:13:22.773018+00:00,Atlanta,KXHIGHTATL-26AUG05-B86.5,,,0.0,,,,0.0,
2026-08-04T13:13:22.773018+00:00,Atlanta,KXHIGHTATL-26AUG05-B84.5,,,0.0,,,,0.0,
2026-08-04T13:13:22.773018+00:00,Atlanta,KXHIGHTATL-26AUG04-T91,,0.01,924.73,0.078959,0.99,,0.0,
2026-08-04T13:13:22.773018+00:00,Atlanta,KXHIGHTATL-26AUG04-T84,0.08,0.09,905.59,0.162239,0.91,0.92,579.07,0.944125
2026-08-04T13:13:22.773018+00:00,Atlanta,KXHIGHTATL-26AUG04-B90.5,0.08,0.09,956.81,0.147022,0.91,0.92,724.6,0.941971
2026-08-04T13:13:22.773018+00:00,Atlanta,KXHIGHTATL-26AUG04-B88.5,0.25,0.26,1401.32,0.295075,0.74,0.75,1374.9,0.769189
2026-08-04T13:13:22.773018+00:00,Atlanta,KXHIGHTATL-26AUG04-B86.5,0.35,0.36,1194.98,0.389872,0.64,0.65,1186.51,0.686819
2026-08-04T13:13:22.773018+00:00,Atlanta,KXHIGHTATL-26AUG04-B84.5,0.22,0.23,1401.31,0.269092,0.77,0.78,1142.32,0.797744
2026-08-04T15:40:46.717612+00:00,Atlanta,KXHIGHTATL-26AUG05-T91,0.01,0.03,1402.49,0.099305,0.97,0.99,169.29,0.99
2026-08-04T15:40:46.717612+00:00,Atlanta,KXHIGHTATL-26AUG05-T84,0.09,0.1,1456.25,0.170412,0.9,0.91,3100.86,0.92951
2026-08-04T15:40:46.717612+00:00,Atlanta,KXHIGHTATL-26AUG05-B90.5,0.08,0.11,1675.12,0.149485,0.89,0.92,1551.54,0.929373
2026-08-04T15:40:46.717612+00:00,Atlanta,KXHIGHTATL-26AUG05-B88.5,0.25,0.28,1744.72,0.316657,0.72,0.75,1988.14,0.759987
2026-08-04T15:40:46.717612+00:00,Atlanta,KXHIGHTATL-26AUG05-B86.5,0.3,0.32,1584.82,0.327586,0.68,0.7,2089.23,0.719893
2026-08-04T15:40:46.717612+00:00,Atlanta,KXHIGHTATL-26AUG05-B84.5,0.19,0.2,1470.52,0.222958,0.8,0.81,2140.13,0.83644
2026-08-04T15:40:46.717612+00:00,Atlanta,KXHIGHTATL-26AUG04-T91,,0.01,925.76,0.076766,0.99,,0.0,
2026-08-04T15:40:46.717612+00:00,Atlanta,KXHIGHTATL-26AUG04-T84,,0.01,1471.69,0.01,0.99,,0.0,
2026-08-04T15:40:46.717612+00:00,Atlanta,KXHIGHTATL-26AUG04-B90.5,0.01,0.02,1183.0,0.094485,0.98,0.99,464.5,0.99
2026-08-04T15:40:46.717612+00:00,Atlanta,KXHIGHTATL-26AUG04-B88.5,0.23,0.24,1582.06,0.27514,0.76,0.77,1239.6,0.795292
2026-08-04T15:40:46.717612+00:00,Atlanta,KXHIGHTATL-26AUG04-B86.5,0.42,0.43,1182.61,0.480665,0.57,0.58,1182.84,0.61003
2026-08-04T15:40:46.717612+00:00,Atlanta,KXHIGHTATL-26AUG04-B84.5,0.36,0.38,1231.75,0.423118,0.62,0.64,1573.39,0.646502
2026-08-04T18:09:24.965625+00:00,Atlanta,KXHIGHTATL-26AUG05-T91,0.01,0.02,1495.51,0.1006,0.98,0.99,23.76,
2026-08-04T18:09:24.965625+00:00,Atlanta,KXHIGHTATL-26AUG05-T84,0.09,0.1,1543.26,0.14021,0.9,0.91,2268.43,0.949084
2026-08-04T18:09:24.965625+00:00,Atlanta,KXHIGHTATL-26AUG05-B90.5,0.06,0.07,1668.17,0.15541,0.93,0.94,1007.26,0.946816
2026-08-04T18:09:24.965625+00:00,Atlanta,KXHIGHTATL-26AUG05-B88.5,0.27,0.28,1949.35,0.324627,0.72,0.73,2131.35,0.73
2026-08-04T18:09:24.965625+00:00,Atlanta,KXHIGHTATL-26AUG05-B86.5,0.31,0.32,1741.02,0.348155,0.68,0.69,2331.25,0.706997
2026-08-04T18:09:24.965625+00:00,Atlanta,KXHIGHTATL-26AUG05-B84.5,0.18,0.19,1681.38,0.217388,0.81,0.82,2257.79,0.823244
2026-08-04T18:09:24.965625+00:00,Atlanta,KXHIGHTATL-26AUG04-T91,,0.01,975.92,0.012607,0.99,,0.0,
2026-08-04T18:09:24.965625+00:00,Atlanta,KXHIGHTATL-26AUG04-T84,,0.01,1563.71,0.01,0.99,,0.0,
2026-08-04T18:09:24.965625+00:00,Atlanta,KXHIGHTATL-26AUG04-B90.5,,0.01,1151.38,0.013298,0.99,,0.0,
2026-08-04T18:09:24.965625+00:00,Atlanta,KXHIGHTATL-26AUG04-B88.5,0.01,0.03,1267.46,0.166233,0.97,0.99,9.9,
2026-08-04T18:09:24.965625+00:00,Atlanta,KXHIGHTATL-26AUG04-B86.5,0.02,0.05,1196.4,0.187587,0.95,0.98,124.49,0.98
2026-08-04T18:09:24.965625+00:00,Atlanta,KXHIGHTATL-26AUG04-B84.5,0.95,0.96,1135.42,0.96876,0.04,0.05,1545.61,0.068461
2026-08-04T20:02:48.460515+00:00,Atlanta,KXHIGHTATL-26AUG05-T91,0.01,0.02,1459.15,0.10104,0.98,0.99,5.94,
2026-08-04T20:02:48.460515+00:00,Atlanta,KXHIGHTATL-26AUG05-T84,0.06,0.07,1550.01,0.136025,0.93,0.94,2526.37,0.953421
2026-08-04T20:02:48.460515+00:00,Atlanta,KXHIGHTATL-26AUG05-B90.5,0.06,0.07,1646.04,0.155398,0.93,0.94,1011.76,0.94
2026-08-04T20:02:48.460515+00:00,Atlanta,KXHIGHTATL-26AUG05-B88.5,0.28,0.29,1894.22,0.326206,0.71,0.72,2233.78,0.723127
2026-08-04T20:02:48.460515+00:00,Atlanta,KXHIGHTATL-26AUG05-B86.5,0.32,0.33,1729.31,0.361404,0.67,0.68,2305.81,0.68048
2026-08-04T20:02:48.460515+00:00,Atlanta,KXHIGHTATL-26AUG05-B84.5,0.18,0.19,1625.3,0.230215,0.81,0.82,2806.28,0.82
2026-08-04T20:02:48.460515+00:00,Atlanta,KXHIGHTATL-26AUG04-T91,,0.01,970.15,0.012631,0.99,,0.0,
2026-08-04T20:02:48.460515+00:00,Atlanta,KXHIGHTATL-26AUG04-T84,,0.01,2815.11,0.01,0.99,,0.0,
2026-08-04T20:02:48.460515+00:00,Atlanta,KXHIGHTATL-26AUG04-B90.5,,0.01,1145.49,0.01331,0.99,,0.0,
2026-08-04T20:02:48.460515+00:00,Atlanta,KXHIGHTATL-26AUG04-B88.5,,0.02,1296.55,0.18493,0.98,,0.0,
2026-08-04T20:02:48.460515+00:00,Atlanta,KXHIGHTATL-26AUG04-B86.5,0.06,0.07,1017.17,0.207327,0.93,0.94,27.67,
2026-08-04T20:02:48.460515+00:00,Atlanta,KXHIGHTATL-26AUG04-B84.5,0.92,0.93,1157.76,0.934252,0.07,0.08,1137.82,0.340318
2026-08-04T23:25:19.740726+00:00,Atlanta,KXHIGHTATL-26AUG05-T91,0.01,0.02,1380.26,0.094876,0.98,0.99,422.73,0.99
2026-08-04T23:25:19.740726+00:00,Atlanta,KXHIGHTATL-26AUG05-T84,0.09,0.1,1358.11,0.174682,0.9,0.91,2977.65,0.921972
2026-08-04T23:25:19.740726+00:00,Atlanta,KXHIGHTATL-26AUG05-B90.5,0.06,0.07,1555.41,0.149442,0.93,0.94,1033.07,0.953815
2026-08-04T23:25:19.740726+00:00,Atlanta,KXHIGHTATL-26AUG05-B88.5,0.25,0.26,1651.73,0.298771,0.74,0.75,2196.74,0.787526
2026-08-04T23:25:19.740726+00:00,Atlanta,KXHIGHTATL-26AUG05-B86.5,0.34,0.35,1628.52,0.377991,0.65,0.66,2062.03,0.682934
2026-08-04T23:25:19.740726+00:00,Atlanta,KXHIGHTATL-26AUG05-B84.5,0.22,0.23,1548.39,0.277155,0.77,0.78,2703.57,0.783482
2026-08-04T23:25:19.740726+00:00,Atlanta,KXHIGHTATL-26AUG04-T91,,0.01,925.4,0.011499,0.99,,0.0,
2026-08-04T23:25:19.740726+00:00,Atlanta,KXHIGHTATL-26AUG04-T84,,0.01,2693.58,0.01,0.99,,0.0,
2026-08-04T23:25:19.740726+00:00,Atlanta,KXHIGHTATL-26AUG04-B90.5,,0.01,1056.54,0.023911,0.99,,0.0,
2026-08-04T23:25:19.740726+00:00,Atlanta,KXHIGHTATL-26AUG04-B88.5,,0.01,1407.37,0.014083,0.99,,0.0,
2026-08-04T23:25:19.740726+00:00,Atlanta,KXHIGHTATL-26AUG04-B86.5,0.99,,0.0,,,0.01,2457.13,0.010956
2026-08-04T23:25:19.740726+00:00,Atlanta,KXHIGHTATL-26AUG04-B84.5,,0.01,6697.66,0.01,0.99,,0.0,
2026-08-05T03:40:18.253294+00:00,Atlanta,KXHIGHTATL-26AUG05-T91,0.01,0.02,1453.0,0.139722,0.98,0.99,0.99,
2026-08-05T03:40:18.253294+00:00,Atlanta,KXHIGHTATL-26AUG05-T84,0.06,0.07,1729.84,0.129894,0.93,0.94,895.68,0.948181
2026-08-05T03:40:18.253294+00:00,Atlanta,KXHIGHTATL-26AUG05-B90.5,0.07,0.09,1609.85,0.199626,0.91,0.93,1281.81,0.940171
2026-08-05T03:40:18.253294+00:00,Atlanta,KXHIGHTATL-26AUG05-B88.5,0.29,0.31,1860.4,0.376521,0.69,0.71,2400.03,0.72144
2026-08-05T03:40:18.253294+00:00,Atlanta,KXHIGHTATL-26AUG05-B86.5,0.34,0.35,1738.27,0.388519,0.65,0.66,2665.15,0.666553
2026-08-05T03:40:18.253294+00:00,Atlanta,KXHIGHTATL-26AUG05-B84.5,0.21,0.22,1680.84,0.232656,0.78,0.79,2461.06,0.792954
2026-08-05T03:40:18.253294+00:00,Atlanta,KXHIGHTATL-26AUG04-T91,,0.01,934.84,0.011969,0.99,,0.0,
2026-08-05T03:40:18.253294+00:00,Atlanta,KXHIGHTATL-26AUG04-T84,,0.01,2726.88,0.01,0.99,,0.0,
2026-08-05T03:40:18.253294+00:00,Atlanta,KXHIGHTATL-26AUG04-B90.5,,0.01,1048.81,0.027313,0.99,,0.0,
2026-08-05T03:40:18.253294+00:00,Atlanta,KXHIGHTATL-26AUG04-B88.5,,0.01,1380.55,0.01579,0.99,,0.0,
2026-08-05T03:40:18.253294+00:00,Atlanta,KXHIGHTATL-26AUG04-B86.5,0.99,,0.0,,,0.01,2466.51,0.011232
2026-08-05T03:40:18.253294+00:00,Atlanta,KXHIGHTATL-26AUG04-B84.5,,0.01,6633.15,0.01,0.99,,0.0,
2026-08-05T06:47:52.597262+00:00,Atlanta,KXHIGHTATL-26AUG05-T91,0.01,0.02,1483.21,0.066891,0.98,0.99,3.96,
2026-08-05T06:47:52.597262+00:00,Atlanta,KXHIGHTATL-26AUG05-T84,0.06,0.07,1636.15,0.133591,0.93,0.94,777.9,0.951747
2026-08-05T06:47:52.597262+00:00,Atlanta,KXHIGHTATL-26AUG05-B90.5,0.05,0.09,1508.29,0.147173,0.91,0.95,1226.72,0.958951
2026-08-05T06:47:52.597262+00:00,Atlanta,KXHIGHTATL-26AUG05-B88.5,0.3,0.31,1630.36,0.342241,0.69,0.7,2373.47,0.7
2026-08-05T06:47:52.597262+00:00,Atlanta,KXHIGHTATL-26AUG05-B86.5,0.38,0.39,1766.12,0.425072,0.61,0.62,2480.46,0.646149
2026-08-05T06:47:52.597262+00:00,Atlanta,KXHIGHTATL-26AUG05-B84.5,0.21,0.22,1626.6,0.238606,0.78,0.79,2172.27,0.793726
2026-08-05T09:57:41.888983+00:00,Atlanta,KXHIGHTATL-26AUG06-T93,,,0.0,,,,0.0,
2026-08-05T09:57:41.888983+00:00,Atlanta,KXHIGHTATL-26AUG06-T86,,,0.0,,,,0.0,
2026-08-05T09:57:41.888983+00:00,Atlanta,KXHIGHTATL-26AUG06-B92.5,,,0.0,,,,0.0,
2026-08-05T09:57:41.888983+00:00,Atlanta,KXHIGHTATL-26AUG06-B90.5,,,0.0,,,,0.0,
2026-08-05T09:57:41.888983+00:00,Atlanta,KXHIGHTATL-26AUG06-B88.5,,,0.0,,,,0.0,
2026-08-05T09:57:41.888983+00:00,Atlanta,KXHIGHTATL-26AUG06-B86.5,,,0.0,,,,0.0,
2026-08-05T09:57:41.888983+00:00,Atlanta,KXHIGHTATL-26AUG05-T91,0.01,0.02,1359.04,0.066349,0.98,0.99,3.96,
2026-08-05T09:57:41.888983+00:00,Atlanta,KXHIGHTATL-26AUG05-T84,0.05,0.06,1667.28,0.132295,0.94,0.95,745.06,0.955354
2026-08-05T09:57:41.888983+00:00,Atlanta,KXHIGHTATL-26AUG05-B90.5,0.06,0.07,1644.39,0.144137,0.93,0.94,614.25,0.958214
2026-08-05T09:57:41.888983+00:00,Atlanta,KXHIGHTATL-26AUG05-B88.5,0.31,0.32,1550.91,0.360432,0.68,0.69,1744.06,0.696073
2026-08-05T09:57:41.888983+00:00,Atlanta,KXHIGHTATL-26AUG05-B86.5,0.41,0.44,1664.31,0.452102,0.56,0.59,1876.77,0.642677
2026-08-05T09:57:41.888983+00:00,Atlanta,KXHIGHTATL-26AUG05-B84.5,0.18,0.19,1688.5,0.231807,0.81,0.82,1736.37,0.82
2026-08-05T15:33:02.242925+00:00,Atlanta,KXHIGHTATL-26AUG06-T93,0.01,0.02,1366.08,0.123642,0.98,0.99,39.61,
2026-08-05T15:33:02.242925+00:00,Atlanta,KXHIGHTATL-26AUG06-T86,0.11,0.12,1447.7,0.188949,0.88,0.89,1395.27,0.893543
2026-08-05T15:33:02.242925+00:00,Atlanta,KXHIGHTATL-26AUG06-B92.5,0.04,0.06,1444.49,0.195114,0.94,0.96,996.11,0.978532
2026-08-05T15:33:02.242925+00:00,Atlanta,KXHIGHTATL-26AUG06-B90.5,0.19,0.2,1819.69,0.284167,0.8,0.81,2358.76,0.81
2026-08-05T15:33:02.242925+00:00,Atlanta,KXHIGHTATL-26AUG06-B88.5,0.3,0.33,1696.46,0.412331,0.67,0.7,2326.36,0.719299
2026-08-05T15:33:02.242925+00:00,Atlanta,KXHIGHTATL-26AUG06-B86.5,0.24,0.28,1497.97,0.283475,0.72,0.76,1745.98,0.761999
2026-08-05T15:33:02.242925+00:00,Atlanta,KXHIGHTATL-26AUG05-T91,,0.01,966.54,0.062638,0.99,,0.0,
2026-08-05T15:33:02.242925+00:00,Atlanta,KXHIGHTATL-26AUG05-T84,0.02,0.03,1226.64,0.103513,0.97,0.98,203.79,0.988717
2026-08-05T15:33:02.242925+00:00,Atlanta,KXHIGHTATL-26AUG05-B90.5,0.1,0.11,1261.7,0.144831,0.89,0.9,1336.87,0.9
2026-08-05T15:33:02.242925+00:00,Atlanta,KXHIGHTATL-26AUG05-B88.5,0.35,0.36,1342.47,0.390733,0.64,0.65,1533.87,0.65
2026-08-05T15:33:02.242925+00:00,Atlanta,KXHIGHTATL-26AUG05-B86.5,0.38,0.39,1300.62,0.446488,0.61,0.62,1297.81,0.637177
2026-08-05T15:33:02.242925+00:00,Atlanta,KXHIGHTATL-26AUG05-B84.5,0.14,0.15,1206.49,0.195181,0.85,0.86,890.11,0.880945
2026-08-05T18:00:32.983215+00:00,Atlanta,KXHIGHTATL-26AUG06-T93,,0.01,1341.53,0.117041,0.99,,0.0,
2026-08-05T18:00:32.983215+00:00,Atlanta,KXHIGHTATL-26AUG06-T86,0.11,0.12,1553.13,0.186771,0.88,0.89,1491.77,0.89
2026-08-05T18:00:32.983215+00:00,Atlanta,KXHIGHTATL-26AUG06-B92.5,0.03,0.04,1376.17,0.173344,0.96,0.97,879.38,0.981983
2026-08-05T18:00:32.983215+00:00,Atlanta,KXHIGHTATL-26AUG06-B90.5,0.19,0.2,1968.84,0.27,0.8,0.81,2539.2,0.81
2026-08-05T18:00:32.983215+00:00,Atlanta,KXHIGHTATL-26AUG06-B88.5,0.33,0.35,1817.22,0.399842,0.65,0.67,2446.91,0.690636
2026-08-05T18:00:32.983215+00:00,Atlanta,KXHIGHTATL-26AUG06-B86.5,0.25,0.26,1644.98,0.263282,0.74,0.75,1929.46,0.764843
2026-08-05T18:00:32.983215+00:00,Atlanta,KXHIGHTATL-26AUG05-T91,,0.01,847.79,0.169768,0.99,,0.0,
2026-08-05T18:00:32.983215+00:00,Atlanta,KXHIGHTATL-26AUG05-T84,,0.01,2846.82,0.01,0.99,,0.0,
2026-08-05T18:00:32.983215+00:00,Atlanta,KXHIGHTATL-26AUG05-B90.5,0.04,0.05,906.27,0.190495,0.95,0.96,333.23,0.962206
2026-08-05T18:00:32.983215+00:00,Atlanta,KXHIGHTATL-26AUG05-B88.5,0.32,0.37,1216.8,0.440919,0.63,0.68,850.32,0.730215
2026-08-05T18:00:32.983215+00:00,Atlanta,KXHIGHTATL-26AUG05-B86.5,0.57,0.63,1134.06,0.667692,0.37,0.43,725.13,0.523515
2026-08-05T18:00:32.983215+00:00,Atlanta,KXHIGHTATL-26AUG05-B84.5,,0.01,2818.2,0.01,0.99,,0.0,
2026-08-05T20:00:40.937876+00:00,Atlanta,KXHIGHTATL-26AUG06-T93,,0.01,1294.32,0.125573,0.99,,0.0,
2026-08-05T20:00:40.937876+00:00,Atlanta,KXHIGHTATL-26AUG06-T86,0.12,0.13,1552.63,0.203015,0.87,0.88,1506.29,0.915733
2026-08-05T20:00:40.937876+00:00,Atlanta,KXHIGHTATL-26AUG06-B92.5,0.03,0.04,1404.34,0.219169,0.96,0.97,1043.61,0.97
2026-08-05T20:00:40.937876+00:00,Atlanta,KXHIGHTATL-26AUG06-B90.5,0.24,0.25,1857.5,0.30501,0.75,0.76,2420.67,0.76
2026-08-05T20:00:40.937876+00:00,Atlanta,KXHIGHTATL-26AUG06-B88.5,0.31,0.33,1718.83,0.398795,0.67,0.69,2505.3,0.762139
2026-08-05T20:00:40.937876+00:00,Atlanta,KXHIGHTATL-26AUG06-B86.5,0.26,0.27,1629.6,0.291038,0.73,0.74,2096.75,0.817608
2026-08-05T20:00:40.937876+00:00,Atlanta,KXHIGHTATL-26AUG05-T91,,0.04,924.06,0.267077,0.96,,0.0,
2026-08-05T20:00:40.937876+00:00,Atlanta,KXHIGHTATL-26AUG05-T84,,0.01,21119.07,0.01,0.99,,0.0,
2026-08-05T20:00:40.937876+00:00,Atlanta,KXHIGHTATL-26AUG05-B90.5,0.46,0.5,5259.07,0.580983,0.5,0.54,5312.24,0.60871
2026-08-05T20:00:40.937876+00:00,Atlanta,KXHIGHTATL-26AUG05-B88.5,0.48,0.52,5835.32,0.537039,0.48,0.52,4698.19,0.605159
2026-08-05T20:00:40.937876+00:00,Atlanta,KXHIGHTATL-26AUG05-B86.5,,0.01,2330.06,0.01,0.99,,0.0,
2026-08-05T20:00:40.937876+00:00,Atlanta,KXHIGHTATL-26AUG05-B84.5,,0.01,12122.86,0.01,0.99,,0.0,
2026-08-05T21:38:35.507441+00:00,Atlanta,KXHIGHTATL-26AUG06-T93,,0.01,1246.29,0.115936,0.99,,0.0,
2026-08-05T21:38:35.507441+00:00,Atlanta,KXHIGHTATL-26AUG06-T86,0.11,0.12,1439.81,0.173094,0.88,0.89,1936.09,0.916894
2026-08-05T21:38:35.507441+00:00,Atlanta,KXHIGHTATL-26AUG06-B92.5,0.03,0.04,1435.51,0.191351,0.96,0.97,1139.04,0.97
2026-08-05T21:38:35.507441+00:00,Atlanta,KXHIGHTATL-26AUG06-B90.5,0.25,0.26,1733.48,0.301593,0.74,0.75,2346.71,0.75
2026-08-05T21:38:35.507441+00:00,Atlanta,KXHIGHTATL-26AUG06-B88.5,0.33,0.34,1609.3,0.364718,0.66,0.67,2317.07,0.695548
2026-08-05T21:38:35.507441+00:00,Atlanta,KXHIGHTATL-26AUG06-B86.5,0.27,0.28,1506.28,0.28,0.72,0.73,2161.26,0.766294
2026-08-05T21:38:35.507441+00:00,Atlanta,KXHIGHTATL-26AUG05-T91,,0.01,974.08,0.01,0.99,,0.0,
2026-08-05T21:38:35.507441+00:00,Atlanta,KXHIGHTATL-26AUG05-T84,,0.01,21068.88,0.01,0.99,,0.0,
2026-08-05T21:38:35.507441+00:00,Atlanta,KXHIGHTATL-26AUG05-B90.5,0.99,,0.0,,,0.01,485.97,0.01
2026-08-05T21:38:35.507441+00:00,Atlanta,KXHIGHTATL-26AUG05-B88.5,,0.01,2080.91,0.01,0.99,,0.0,
2026-08-05T21:38:35.507441+00:00,Atlanta,KXHIGHTATL-26AUG05-B86.5,,0.01,2357.99,0.01,0.99,,0.0,
2026-08-05T21:38:35.507441+00:00,Atlanta,KXHIGHTATL-26AUG05-B84.5,,0.01,12084.53,0.01,0.99,,0.0,
2026-08-05T23:24:24.320128+00:00,Atlanta,KXHIGHTATL-26AUG06-T93,,0.01,1315.01,0.131046,0.99,,0.0,
2026-08-05T23:24:24.320128+00:00,Atlanta,KXHIGHTATL-26AUG06-T86,0.11,0.12,1529.53,0.24726,0.88,0.89,1971.06,0.918164
2026-08-05T23:24:24.320128+00:00,Atlanta,KXHIGHTATL-26AUG06-B92.5,0.03,0.04,1323.63,0.189504,0.96,0.97,973.78,0.970591
2026-08-05T23:24:24.320128+00:00,Atlanta,KXHIGHTATL-26AUG06-B90.5,0.25,0.26,1644.56,0.295447,0.74,0.75,2119.95,0.776816
2026-08-05T23:24:24.320128+00:00,Atlanta,KXHIGHTATL-26AUG06-B88.5,0.33,0.34,1628.91,0.385423,0.66,0.67,2259.57,0.692864
2026-08-05T23:24:24.320128+00:00,Atlanta,KXHIGHTATL-26AUG06-B86.5,0.27,0.28,1524.39,0.328623,0.72,0.73,2378.85,0.762558
2026-08-05T23:24:24.320128+00:00,Atlanta,KXHIGHTATL-26AUG05-T91,,0.01,979.49,0.01,0.99,,0.0,
2026-08-05T23:24:24.320128+00:00,Atlanta,KXHIGHTATL-26AUG05-T84,,0.01,21021.83,0.01,0.99,,0.0,
2026-08-05T23:24:24.320128+00:00,Atlanta,KXHIGHTATL-26AUG05-B90.5,0.99,,0.0,,,0.01,541.44,0.01
2026-08-05T23:24:24.320128+00:00,Atlanta,KXHIGHTATL-26AUG05-B88.5,,0.01,1911.63,0.01,0.99,,0.0,
2026-08-05T23:24:24.320128+00:00,Atlanta,KXHIGHTATL-26AUG05-B86.5,,0.01,2415.37,0.01,0.99,,0.0,
2026-08-05T23:24:24.320128+00:00,Atlanta,KXHIGHTATL-26AUG05-B84.5,,0.01,12036.63,0.01,0.99,,0.0,
2026-08-06T03:42:30.894314+00:00,Atlanta,KXHIGHTATL-26AUG06-T93,,0.01,1440.51,0.119634,0.99,,0.0,
2026-08-06T03:42:30.894314+00:00,Atlanta,KXHIGHTATL-26AUG06-T86,0.09,0.1,1585.0,0.149085,0.9,0.91,1368.16,0.918964
2026-08-06T03:42:30.894314+00:00,Atlanta,KXHIGHTATL-26AUG06-B92.5,0.02,0.03,1501.52,0.175305,0.97,0.98,649.67,0.98
2026-08-06T03:42:30.894314+00:00,Atlanta,KXHIGHTATL-26AUG06-B90.5,0.26,0.27,1880.38,0.309373,0.73,0.74,2042.58,0.748948
2026-08-06T03:42:30.894314+00:00,Atlanta,KXHIGHTATL-26AUG06-B88.5,0.36,0.37,1776.08,0.385411,0.63,0.64,2241.49,0.679131
2026-08-06T03:42:30.894314+00:00,Atlanta,KXHIGHTATL-26AUG06-B86.5,0.25,0.26,1640.43,0.31062,0.74,0.75,2115.21,0.776615
2026-08-06T03:42:30.894314+00:00,Atlanta,KXHIGHTATL-26AUG05-T91,,0.01,1003.98,0.01,0.99,,0.0,
2026-08-06T03:42:30.894314+00:00,Atlanta,KXHIGHTATL-26AUG05-T84,,0.01,21048.17,0.01,0.99,,0.0,
2026-08-06T03:42:30.894314+00:00,Atlanta,KXHIGHTATL-26AUG05-B90.5,0.99,,0.0,,,0.01,442.84,0.01
2026-08-06T03:42:30.894314+00:00,Atlanta,KXHIGHTATL-26AUG05-B88.5,,0.01,2482.1,0.01,0.99,,0.0,
2026-08-06T03:42:30.894314+00:00,Atlanta,KXHIGHTATL-26AUG05-B86.5,,0.01,2383.27,0.01,0.99,,0.0,
2026-08-06T03:42:30.894314+00:00,Atlanta,KXHIGHTATL-26AUG05-B84.5,,0.01,12047.41,0.01,0.99,,0.0,
2026-08-06T06:52:38.706074+00:00,Atlanta,KXHIGHTATL-26AUG06-T93,,0.01,1267.65,0.125336,0.99,,0.0,
2026-08-06T06:52:38.706074+00:00,Atlanta,KXHIGHTATL-26AUG06-T86,0.1,0.11,1489.7,0.170164,0.89,0.9,1321.9,0.908184
2026-08-06T06:52:38.706074+00:00,Atlanta,KXHIGHTATL-26AUG06-B92.5,0.02,0.03,1323.37,0.146514,0.97,0.98,418.24,0.984583
2026-08-06T06:52:38.706074+00:00,Atlanta,KXHIGHTATL-26AUG06-B90.5,0.2,0.21,1572.27,0.272583,0.79,0.8,1751.59,0.815058
2026-08-06T06:52:38.706074+00:00,Atlanta,KXHIGHTATL-26AUG06-B88.5,0.41,0.42,1643.17,0.442906,0.58,0.59,2168.78,0.601002
2026-08-06T06:52:38.706074+00:00,Atlanta,KXHIGHTATL-26AUG06-B86.5,0.24,0.25,1674.38,0.287391,0.75,0.76,2367.57,0.763877
2026-08-06T09:58:12.669320+00:00,Atlanta,KXHIGHTATL-26AUG07-T94,,,0.0,,,,0.0,
2026-08-06T09:58:12.669320+00:00,Atlanta,KXHIGHTATL-26AUG07-T87,,,0.0,,,,0.0,
2026-08-06T09:58:12.669320+00:00,Atlanta,KXHIGHTATL-26AUG07-B93.5,,,0.0,,,,0.0,
2026-08-06T09:58:12.669320+00:00,Atlanta,KXHIGHTATL-26AUG07-B91.5,,,0.0,,,,0.0,
2026-08-06T09:58:12.669320+00:00,Atlanta,KXHIGHTATL-26AUG07-B89.5,,,0.0,,,,0.0,
2026-08-06T09:58:12.669320+00:00,Atlanta,KXHIGHTATL-26AUG07-B87.5,,,0.0,,,,0.0,
2026-08-06T09:58:12.669320+00:00,Atlanta,KXHIGHTATL-26AUG06-T93,0.01,0.02,1315.58,0.081764,0.98,0.99,6.93,
2026-08-06T09:58:12.669320+00:00,Atlanta,KXHIGHTATL-26AUG06-T86,0.08,0.11,1421.02,0.247844,0.89,0.92,1576.15,0.92
2026-08-06T09:58:12.669320+00:00,Atlanta,KXHIGHTATL-26AUG06-B92.5,0.02,0.03,1299.55,0.153777,0.97,0.98,383.91,0.987925
2026-08-06T09:58:12.669320+00:00,Atlanta,KXHIGHTATL-26AUG06-B90.5,0.19,0.2,1583.33,0.247184,0.8,0.81,1421.81,0.83004
2026-08-06T09:58:12.669320+00:00,Atlanta,KXHIGHTATL-26AUG06-B88.5,0.5,0.51,1535.51,0.516722,0.49,0.5,1803.39,0.596779
2026-08-06T09:58:12.669320+00:00,Atlanta,KXHIGHTATL-26AUG06-B86.5,0.24,0.26,1595.25,0.298352,0.74,0.76,3031.98,0.76
2026-08-06T12:25:42.769537+00:00,Atlanta,KXHIGHTATL-26AUG07-T94,,,0.0,,,,0.0,
2026-08-06T12:25:42.769537+00:00,Atlanta,KXHIGHTATL-26AUG07-T87,,,0.0,,,,0.0,
2026-08-06T12:25:42.769537+00:00,Atlanta,KXHIGHTATL-26AUG07-B93.5,,,0.0,,,,0.0,
2026-08-06T12:25:42.769537+00:00,Atlanta,KXHIGHTATL-26AUG07-B91.5,,,0.0,,,,0.0,
2026-08-06T12:25:42.769537+00:00,Atlanta,KXHIGHTATL-26AUG07-B89.5,,,0.0,,,,0.0,
2026-08-06T12:25:42.769537+00:00,Atlanta,KXHIGHTATL-26AUG07-B87.5,,,0.0,,,,0.0,
2026-08-06T12:25:42.769537+00:00,Atlanta,KXHIGHTATL-26AUG06-T93,0.01,0.02,1328.93,0.174724,0.98,0.99,0.99,
2026-08-06T12:25:42.769537+00:00,Atlanta,KXHIGHTATL-26AUG06-T86,0.04,0.07,1464.28,0.220857,0.93,0.96,1096.29,0.96
2026-08-06T12:25:42.769537+00:00,Atlanta,KXHIGHTATL-26AUG06-B92.5,0.03,0.07,1262.02,0.169152,0.93,0.97,452.73,0.973643
2026-08-06T12:25:42.769537+00:00,Atlanta,KXHIGHTATL-26AUG06-B90.5,0.23,0.25,1596.81,0.312672,0.75,0.77,1582.31,0.790848
2026-08-06T12:25:42.769537+00:00,Atlanta,KXHIGHTATL-26AUG06-B88.5,0.37,0.39,1946.07,0.425175,0.61,0.63,1727.4,0.674289
2026-08-06T12:25:42.769537+00:00,Atlanta,KXHIGHTATL-26AUG06-B86.5,0.24,0.25,1616.05,0.292474,0.75,0.76,3009.5,0.760102
2026-08-06T15:33:51.435867+00:00,Atlanta,KXHIGHTATL-26AUG07-T94,0.01,0.02,1421.24,0.083379,0.98,0.99,14.42,
2026-08-06T15:33:51.435867+00:00,Atlanta,KXHIGHTATL-26AUG07-T87,0.15,0.16,1517.73,0.232993,0.84,0.85,1904.34,0.874319
2026-08-06T15:33:51.435867+00:00,Atlanta,KXHIGHTATL-26AUG07-B93.5,0.02,0.04,1415.67,0.171304,0.96,0.98,592.19,0.981948
2026-08-06T15:33:51.435867+00:00,Atlanta,KXHIGHTATL-26AUG07-B91.5,0.2,0.21,1771.61,0.240535,0.79,0.8,2020.14,0.814362
2026-08-06T15:33:51.435867+00:00,Atlanta,KXHIGHTATL-26AUG07-B89.5,0.32,0.36,1849.25,0.410949,0.64,0.68,2369.93,0.685535
2026-08-06T15:33:51.435867+00:00,Atlanta,KXHIGHTATL-26AUG07-B87.5,0.26,0.28,1623.52,0.359153,0.72,0.74,2310.29,0.753669
2026-08-06T15:33:51.435867+00:00,Atlanta,KXHIGHTATL-26AUG06-T93,,0.01,973.69,0.105477,0.99,,0.0,
2026-08-06T15:33:51.435867+00:00,Atlanta,KXHIGHTATL-26AUG06-T86,0.04,0.08,1092.46,0.205813,0.92,0.96,200.4,0.986812
2026-08-06T15:33:51.435867+00:00,Atlanta,KXHIGHTATL-26AUG06-B92.5,0.02,0.04,4942.61,0.162031,0.96,0.98,454.04,0.98151
2026-08-06T15:33:51.435867+00:00,Atlanta,KXHIGHTATL-26AUG06-B90.5,0.29,0.3,5066.34,0.339944,0.7,0.71,2363.89,0.715645
2026-08-06T15:33:51.435867+00:00,Atlanta,KXHIGHTATL-26AUG06-B88.5,0.4,0.43,5394.51,0.448966,0.57,0.6,982.54,0.65236
2026-08-06T15:33:51.435867+00:00,Atlanta,KXHIGHTATL-26AUG06-B86.5,0.23,0.24,5040.79,0.292656,0.76,0.77,936.73,0.818039
2026-08-07T00:20:31.368288+00:00,Atlanta,KXHIGHTATL-26AUG07-T94,,0.02,1503.32,0.082834,0.98,,0.0,
2026-08-07T00:20:31.368288+00:00,Atlanta,KXHIGHTATL-26AUG07-T87,0.2,0.21,1726.66,0.23728,0.79,0.8,1976.91,0.800521
2026-08-07T00:20:31.368288+00:00,Atlanta,KXHIGHTATL-26AUG07-B93.5,0.02,0.04,1738.55,0.091265,0.96,0.98,564.03,0.987334
2026-08-07T00:20:31.368288+00:00,Atlanta,KXHIGHTATL-26AUG07-B91.5,0.12,0.13,1820.08,0.218806,0.87,0.88,1567.32,0.906967
2026-08-07T00:20:31.368288+00:00,Atlanta,KXHIGHTATL-26AUG07-B89.5,0.33,0.36,2009.53,0.385446,0.64,0.67,2337.26,0.694246
2026-08-07T00:20:31.368288+00:00,Atlanta,KXHIGHTATL-26AUG07-B87.5,0.27,0.28,1914.11,0.318417,0.72,0.73,2544.55,0.737827
2026-08-07T00:20:31.368288+00:00,Atlanta,KXHIGHTATL-26AUG06-T93,,0.01,747.76,0.01,0.99,,0.0,
2026-08-07T00:20:31.368288+00:00,Atlanta,KXHIGHTATL-26AUG06-T86,,0.01,2556.81,0.01,0.99,,0.0,
2026-08-07T00:20:31.368288+00:00,Atlanta,KXHIGHTATL-26AUG06-B92.5,,0.01,978.37,0.01,0.99,,0.0,
2026-08-07T00:20:31.368288+00:00,Atlanta,KXHIGHTATL-26AUG06-B90.5,,0.01,1442.8,0.01,0.99,,0.0,
2026-08-07T00:20:31.368288+00:00,Atlanta,KXHIGHTATL-26AUG06-B88.5,0.99,,0.0,,,0.01,1187.21,0.01
2026-08-07T00:20:31.368288+00:00,Atlanta,KXHIGHTATL-26AUG06-B86.5,,0.01,2626.09,0.01,0.99,,0.0,
2026-08-07T04:12:44.836520+00:00,Atlanta,KXHIGHTATL-26AUG07-T94,,0.01,1515.88,0.081792,0.99,,0.0,
2026-08-07T04:12:44.836520+00:00,Atlanta,KXHIGHTATL-26AUG07-T87,0.21,0.23,1748.07,0.263326,0.77,0.79,1804.89,0.807373
2026-08-07T04:12:44.836520+00:00,Atlanta,KXHIGHTATL-26AUG07-B93.5,0.02,0.03,1657.43,0.089761,0.97,0.98,618.2,0.987164
2026-08-07T04:12:44.836520+00:00,Atlanta,KXHIGHTATL-26AUG07-B91.5,0.09,0.11,1675.77,0.185745,0.89,0.91,826.49,0.935369
2026-08-07T04:12:44.836520+00:00,Atlanta,KXHIGHTATL-26AUG07-B89.5,0.33,0.35,2015.37,0.394919,0.65,0.67,2116.87,0.679918
2026-08-07T04:12:44.836520+00:00,Atlanta,KXHIGHTATL-26AUG07-B87.5,0.39,0.4,2085.98,0.416971,0.6,0.61,2484.81,0.666198
2026-08-07T04:12:44.836520+00:00,Atlanta,KXHIGHTATL-26AUG06-T93,,0.01,780.66,0.01,0.99,,0.0,
2026-08-07T04:12:44.836520+00:00,Atlanta,KXHIGHTATL-26AUG06-T86,,0.01,2525.28,0.01,0.99,,0.0,
2026-08-07T04:12:44.836520+00:00,Atlanta,KXHIGHTATL-26AUG06-B92.5,,0.01,1007.15,0.01,0.99,,0.0,
2026-08-07T04:12:44.836520+00:00,Atlanta,KXHIGHTATL-26AUG06-B90.5,,0.01,1143.85,0.01,0.99,,0.0,
2026-08-07T04:12:44.836520+00:00,Atlanta,KXHIGHTATL-26AUG06-B88.5,0.99,,0.0,,,0.01,837.94,0.01
2026-08-07T04:12:44.836520+00:00,Atlanta,KXHIGHTATL-26AUG06-B86.5,,0.01,2604.88,0.01,0.99,,0.0,
