ticker,status,result,yes_bid,yes_ask,yes_bid_size,yes_ask_size,no_bid,no_ask,last_price,previous_price,volume,volume_24h,open_interest,liquidity,fetched_at_utc,expiration_value,expiration_value_f,settlement_ts,settlement_value,previous_yes_bid,previous_yes_ask,updated_time,occurrence_datetime,can_close_early
KXHIGHTHOU-26AUG04-T95,active,,0.1,0.12,0.01,16.01,0.88,0.9,0.16,0.0,398.79,398.79,397.26,0.0,2026-08-03T21:03:52.245799+00:00,,,,,,,,,
KXHIGHTHOU-26AUG04-T102,active,,0.0,0.01,0.0,495.54,0.99,1.0,0.01,0.0,201.03,201.03,201.03,0.0,2026-08-03T21:03:52.245799+00:00,,,,,,,,,
KXHIGHTHOU-26AUG04-B99.5,active,,0.1,0.11,5.0,71.11,0.89,0.9,0.11,0.0,947.35,947.35,825.55,0.0,2026-08-03T21:03:52.245799+00:00,,,,,,,,,
KXHIGHTHOU-26AUG04-B97.5,active,,0.4,0.41,104.0,104.39,0.59,0.6,0.43,0.0,707.86,707.86,638.81,0.0,2026-08-03T21:03:52.245799+00:00,,,,,,,,,
KXHIGHTHOU-26AUG04-B95.5,active,,0.39,0.4,110.81,15.95,0.6,0.61,0.39,0.0,558.59,558.59,478.38,0.0,2026-08-03T21:03:52.245799+00:00,,,,,,,,,
KXHIGHTHOU-26AUG04-B101.5,active,,0.0,0.02,0.0,436.54,0.98,1.0,0.02,0.0,254.46,254.46,254.46,0.0,2026-08-03T21:03:52.245799+00:00,,,,,,,,,
KXHIGHTHOU-26AUG03-T97,active,,0.0,0.01,0.0,146248.23,0.99,1.0,0.01,0.23,17421.01,15280.0,10842.27,0.0,2026-08-03T21:03:52.245799+00:00,,,,,,,,,
KXHIGHTHOU-26AUG03-T104,active,,0.0,0.01,0.0,18891.62,0.99,1.0,0.01,0.02,343.0,113.0,342.0,0.0,2026-08-03T21:03:52.245799+00:00,,,,,,,,,
KXHIGHTHOU-26AUG03-B99.5,active,,0.01,0.02,261.13,1.61,0.98,0.99,0.01,0.27,7142.11,6534.85,4848.34,0.0,2026-08-03T21:03:52.245799+00:00,,,,,,,,,
KXHIGHTHOU-26AUG03-B97.5,active,,0.94,0.98,6.0,210.75,0.02,0.06,0.94,0.51,14696.11,13638.99,10939.92,0.0,2026-08-03T21:03:52.245799+00:00,,,,,,,,,
KXHIGHTHOU-26AUG03-B103.5,active,,0.0,0.01,0.0,10978.62,0.99,1.0,0.01,0.02,383.0,113.0,382.0,0.0,2026-08-03T21:03:52.245799+00:00,,,,,,,,,
KXHIGHTHOU-26AUG03-B101.5,active,,0.0,0.01,0.0,10477.88,0.99,1.0,0.01,0.04,1154.55,1124.52,949.54,0.0,2026-08-03T21:03:52.245799+00:00,,,,,,,,,
KXHIGHTHOU-26AUG02-T97,finalized,no,0.0,1.0,0.0,0.0,0.0,1.0,0.01,0.01,11794.13,1659.79,7363.33,0.0,2026-08-03T21:03:52.245799+00:00,,,,,,,,,
KXHIGHTHOU-26AUG02-T104,finalized,no,0.0,1.0,0.0,0.0,0.0,1.0,0.01,0.01,492.88,37.66,492.88,0.0,2026-08-03T21:03:52.245799+00:00,,,,,,,,,
KXHIGHTHOU-26AUG02-B99.5,finalized,no,0.0,1.0,0.0,0.0,0.0,1.0,0.01,0.38,20737.2,12941.91,8868.89,0.0,2026-08-03T21:03:52.245799+00:00,,,,,,,,,
KXHIGHTHOU-26AUG02-B97.5,finalized,yes,0.0,1.0,0.0,0.0,0.0,1.0,0.99,0.61,25455.88,17033.3,10897.28,0.0,2026-08-03T21:03:52.245799+00:00,,,,,,,,,
KXHIGHTHOU-26AUG02-B103.5,finalized,no,0.0,1.0,0.0,0.0,0.0,1.0,0.01,0.02,984.17,37.66,945.16,0.0,2026-08-03T21:03:52.245799+00:00,,,,,,,,,
KXHIGHTHOU-26AUG02-B101.5,finalized,no,0.0,1.0,0.0,0.0,0.0,1.0,0.01,0.03,3688.69,1995.55,3103.22,0.0,2026-08-03T21:03:52.245799+00:00,,,,,,,,,
KXHIGHTHOU-26AUG01-T97,finalized,yes,0.0,1.0,0.0,0.0,0.0,1.0,0.99,0.99,16441.96,0.0,9030.72,0.0,2026-08-03T21:03:52.245799+00:00,,,,,,,,,
KXHIGHTHOU-26AUG01-T104,finalized,no,0.0,1.0,0.0,0.0,0.0,1.0,0.01,0.01,1290.89,0.0,1014.28,0.0,2026-08-03T21:03:52.245799+00:00,,,,,,,,,
KXHIGHTHOU-26AUG01-B99.5,finalized,no,0.0,1.0,0.0,0.0,0.0,1.0,0.01,0.01,7162.19,0.0,3615.66,0.0,2026-08-03T21:03:52.245799+00:00,,,,,,,,,
KXHIGHTHOU-26AUG01-B97.5,finalized,no,0.0,1.0,0.0,0.0,0.0,1.0,0.01,0.01,12789.53,0.0,6986.44,0.0,2026-08-03T21:03:52.245799+00:00,,,,,,,,,
KXHIGHTHOU-26AUG01-B103.5,finalized,no,0.0,1.0,0.0,0.0,0.0,1.0,0.01,0.01,1182.66,0.0,980.74,0.0,2026-08-03T21:03:52.245799+00:00,,,,,,,,,
KXHIGHTHOU-26AUG01-B101.5,finalized,no,0.0,1.0,0.0,0.0,0.0,1.0,0.01,0.01,3195.06,0.0,2905.55,0.0,2026-08-03T21:03:52.245799+00:00,,,,,,,,,
KXHIGHTHOU-26JUL31-T94,finalized,no,0.0,1.0,0.0,0.0,0.0,1.0,0.01,0.01,1536.77,0.0,1419.41,0.0,2026-08-03T21:03:52.245799+00:00,,,,,,,,,
KXHIGHTHOU-26JUL31-T101,finalized,no,0.0,1.0,0.0,0.0,0.0,1.0,0.01,0.01,518.66,0.0,511.66,0.0,2026-08-03T21:03:52.245799+00:00,,,,,,,,,
KXHIGHTHOU-26JUL31-B98.5,finalized,no,0.0,1.0,0.0,0.0,0.0,1.0,0.01,0.01,10903.27,0.0,8245.99,0.0,2026-08-03T21:03:52.245799+00:00,,,,,,,,,
KXHIGHTHOU-26JUL31-B96.5,finalized,yes,0.0,1.0,0.0,0.0,0.0,1.0,0.99,0.99,11653.12,0.0,6984.57,0.0,2026-08-03T21:03:52.245799+00:00,,,,,,,,,
KXHIGHTHOU-26JUL31-B94.5,finalized,no,0.0,1.0,0.0,0.0,0.0,1.0,0.01,0.01,6020.89,0.0,4184.24,0.0,2026-08-03T21:03:52.245799+00:00,,,,,,,,,
KXHIGHTHOU-26JUL31-B100.5,finalized,no,0.0,1.0,0.0,0.0,0.0,1.0,0.01,0.01,1804.21,0.0,1664.37,0.0,2026-08-03T21:03:52.245799+00:00,,,,,,,,,
KXHIGHTHOU-26JUL30-T96,finalized,no,0.0,1.0,0.0,0.0,0.0,1.0,0.01,0.01,10571.88,0.0,6374.52,0.0,2026-08-03T21:03:52.245799+00:00,,,,,,,,,
KXHIGHTHOU-26JUL30-T103,finalized,no,0.0,1.0,0.0,0.0,0.0,1.0,0.01,0.01,226.35,0.0,224.35,0.0,2026-08-03T21:03:52.245799+00:00,,,,,,,,,
KXHIGHTHOU-26JUL30-B98.5,finalized,no,0.0,1.0,0.0,0.0,0.0,1.0,0.01,0.01,11885.47,0.0,7648.14,0.0,2026-08-03T21:03:52.245799+00:00,,,,,,,,,
KXHIGHTHOU-26JUL30-B96.5,finalized,yes,0.0,1.0,0.0,0.0,0.0,1.0,0.99,0.99,12831.0,0.0,7828.74,0.0,2026-08-03T21:03:52.245799+00:00,,,,,,,,,
KXHIGHTHOU-26JUL30-B102.5,finalized,no,0.0,1.0,0.0,0.0,0.0,1.0,0.01,0.01,440.69,0.0,410.69,0.0,2026-08-03T21:03:52.245799+00:00,,,,,,,,,
KXHIGHTHOU-26JUL30-B100.5,finalized,no,0.0,1.0,0.0,0.0,0.0,1.0,0.01,0.01,1592.28,0.0,1147.01,0.0,2026-08-03T21:03:52.245799+00:00,,,,,,,,,
KXHIGHTHOU-26JUL29-T97,finalized,yes,0.0,1.0,0.0,0.0,0.0,1.0,0.99,0.99,24918.9,0.0,14031.11,0.0,2026-08-03T21:03:52.245799+00:00,,,,,,,,,
KXHIGHTHOU-26JUL29-T104,finalized,no,0.0,1.0,0.0,0.0,0.0,1.0,0.01,0.01,361.82,0.0,336.82,0.0,2026-08-03T21:03:52.245799+00:00,,,,,,,,,
KXHIGHTHOU-26JUL29-B99.5,finalized,no,0.0,1.0,0.0,0.0,0.0,1.0,0.01,0.01,3208.92,0.0,2719.14,0.0,2026-08-03T21:03:52.245799+00:00,,,,,,,,,
KXHIGHTHOU-26JUL29-B97.5,finalized,no,0.0,1.0,0.0,0.0,0.0,1.0,0.01,0.01,15251.53,0.0,9359.73,0.0,2026-08-03T21:03:52.245799+00:00,,,,,,,,,
KXHIGHTHOU-26JUL29-B103.5,finalized,no,0.0,1.0,0.0,0.0,0.0,1.0,0.01,0.01,277.03,0.0,248.03,0.0,2026-08-03T21:03:52.245799+00:00,,,,,,,,,
KXHIGHTHOU-26JUL29-B101.5,finalized,no,0.0,1.0,0.0,0.0,0.0,1.0,0.01,0.01,373.62,0.0,342.62,0.0,2026-08-03T21:03:52.245799+00:00,,,,,,,,,
KXHIGHTHOU-26JUL28-T97,finalized,yes,0.0,1.0,0.0,0.0,0.0,1.0,0.99,0.99,12331.58,0.0,7564.42,0.0,2026-08-03T21:03:52.245799+00:00,,,,,,,,,
KXHIGHTHOU-26JUL28-T104,finalized,no,0.0,1.0,0.0,0.0,0.0,1.0,0.01,0.01,1029.0,0.0,1018.0,0.0,2026-08-03T21:03:52.245799+00:00,,,,,,,,,
KXHIGHTHOU-26JUL28-B99.5,finalized,no,0.0,1.0,0.0,0.0,0.0,1.0,0.01,0.01,3494.15,0.0,2550.13,0.0,2026-08-03T21:03:52.245799+00:00,,,,,,,,,
KXHIGHTHOU-26JUL28-B97.5,finalized,no,0.0,1.0,0.0,0.0,0.0,1.0,0.01,0.01,8734.36,0.0,4269.87,0.0,2026-08-03T21:03:52.245799+00:00,,,,,,,,,
KXHIGHTHOU-26JUL28-B103.5,finalized,no,0.0,1.0,0.0,0.0,0.0,1.0,0.01,0.01,200.0,0.0,196.0,0.0,2026-08-03T21:03:52.245799+00:00,,,,,,,,,
KXHIGHTHOU-26JUL28-B101.5,finalized,no,0.0,1.0,0.0,0.0,0.0,1.0,0.01,0.01,1141.49,0.0,1119.49,0.0,2026-08-03T21:03:52.245799+00:00,,,,,,,,,
KXHIGHTHOU-26JUL27-T96,finalized,yes,0.0,1.0,0.0,0.0,0.0,1.0,0.99,0.99,22597.37,0.0,12492.22,0.0,2026-08-03T21:03:52.245799+00:00,,,,,,,,,
KXHIGHTHOU-26JUL27-T103,finalized,no,0.0,1.0,0.0,0.0,0.0,1.0,0.01,0.01,544.0,0.0,544.0,0.0,2026-08-03T21:03:52.245799+00:00,,,,,,,,,
KXHIGHTHOU-26JUL27-B98.5,finalized,no,0.0,1.0,0.0,0.0,0.0,1.0,0.01,0.01,5625.75,0.0,3855.36,0.0,2026-08-03T21:03:52.245799+00:00,,,,,,,,,
KXHIGHTHOU-26JUL27-B96.5,finalized,no,0.0,1.0,0.0,0.0,0.0,1.0,0.01,0.01,15336.32,0.0,8919.79,0.0,2026-08-03T21:03:52.245799+00:00,,,,,,,,,
KXHIGHTHOU-26JUL27-B102.5,finalized,no,0.0,1.0,0.0,0.0,0.0,1.0,0.01,0.01,216.2,0.0,212.2,0.0,2026-08-03T21:03:52.245799+00:00,,,,,,,,,
KXHIGHTHOU-26JUL27-B100.5,finalized,no,0.0,1.0,0.0,0.0,0.0,1.0,0.01,0.01,3997.15,0.0,3676.43,0.0,2026-08-03T21:03:52.245799+00:00,,,,,,,,,
KXHIGHTHOU-26JUL26-T94,finalized,no,0.0,1.0,0.0,0.0,0.0,1.0,0.01,0.01,12309.01,0.0,7804.26,0.0,2026-08-03T21:03:52.245799+00:00,,,,,,,,,
KXHIGHTHOU-26JUL26-T101,finalized,no,0.0,1.0,0.0,0.0,0.0,1.0,0.01,0.01,801.6,0.0,801.6,0.0,2026-08-03T21:03:52.245799+00:00,,,,,,,,,
KXHIGHTHOU-26JUL26-B98.5,finalized,no,0.0,1.0,0.0,0.0,0.0,1.0,0.01,0.01,2803.16,0.0,2343.17,0.0,2026-08-03T21:03:52.245799+00:00,,,,,,,,,
KXHIGHTHOU-26JUL26-B96.5,finalized,no,0.0,1.0,0.0,0.0,0.0,1.0,0.01,0.01,9005.65,0.0,5568.51,0.0,2026-08-03T21:03:52.245799+00:00,,,,,,,,,
KXHIGHTHOU-26JUL26-B94.5,finalized,yes,0.0,1.0,0.0,0.0,0.0,1.0,0.99,0.99,10539.93,0.0,6979.66,0.0,2026-08-03T21:03:52.245799+00:00,,,,,,,,,
KXHIGHTHOU-26JUL26-B100.5,finalized,no,0.0,1.0,0.0,0.0,0.0,1.0,0.01,0.01,923.48,0.0,922.48,0.0,2026-08-03T21:03:52.245799+00:00,,,,,,,,,
KXHIGHTHOU-26JUL25-T93,finalized,yes,0.0,1.0,0.0,0.0,0.0,1.0,0.99,0.99,14368.74,0.0,8223.1,0.0,2026-08-03T21:03:52.245799+00:00,,,,,,,,,
KXHIGHTHOU-26JUL25-T100,finalized,no,0.0,1.0,0.0,0.0,0.0,1.0,0.01,0.01,300.63,0.0,289.63,0.0,2026-08-03T21:03:52.245799+00:00,,,,,,,,,
KXHIGHTHOU-26JUL25-B99.5,finalized,no,0.0,1.0,0.0,0.0,0.0,1.0,0.01,0.01,242.26,0.0,161.72,0.0,2026-08-03T21:03:52.245799+00:00,,,,,,,,,
KXHIGHTHOU-26JUL25-B97.5,finalized,no,0.0,1.0,0.0,0.0,0.0,1.0,0.01,0.01,2443.7,0.0,1884.62,0.0,2026-08-03T21:03:52.245799+00:00,,,,,,,,,
KXHIGHTHOU-26JUL25-B95.5,finalized,no,0.0,1.0,0.0,0.0,0.0,1.0,0.07,0.07,20583.33,0.0,14486.27,0.0,2026-08-03T21:03:52.245799+00:00,,,,,,,,,
KXHIGHTHOU-26JUL25-B93.5,finalized,no,0.0,1.0,0.0,0.0,0.0,1.0,0.01,0.01,16604.23,0.0,8623.75,0.0,2026-08-03T21:03:52.245799+00:00,,,,,,,,,
KXHIGHTHOU-26JUL24-T98,finalized,no,0.0,1.0,0.0,0.0,0.0,1.0,0.02,0.02,946.28,0.0,937.26,0.0,2026-08-03T21:03:52.245799+00:00,,,,,,,,,
KXHIGHTHOU-26JUL24-T91,finalized,no,0.0,1.0,0.0,0.0,0.0,1.0,0.01,0.01,906.27,0.0,862.1,0.0,2026-08-03T21:03:52.245799+00:00,,,,,,,,,
KXHIGHTHOU-26JUL24-B97.5,finalized,no,0.0,1.0,0.0,0.0,0.0,1.0,0.01,0.01,1389.65,0.0,1278.14,0.0,2026-08-03T21:03:52.245799+00:00,,,,,,,,,
KXHIGHTHOU-26JUL24-B95.5,finalized,no,0.0,1.0,0.0,0.0,0.0,1.0,0.01,0.01,9517.82,0.0,5236.64,0.0,2026-08-03T21:03:52.245799+00:00,,,,,,,,,
KXHIGHTHOU-26JUL24-B93.5,finalized,yes,0.0,1.0,0.0,0.0,0.0,1.0,0.99,0.99,8500.08,0.0,4501.13,0.0,2026-08-03T21:03:52.245799+00:00,,,,,,,,,
KXHIGHTHOU-26JUL24-B91.5,finalized,no,0.0,1.0,0.0,0.0,0.0,1.0,0.01,0.01,3531.32,0.0,3018.41,0.0,2026-08-03T21:03:52.245799+00:00,,,,,,,,,
KXHIGHTHOU-26JUL23-T99,finalized,no,0.0,1.0,0.0,0.0,0.0,1.0,0.01,0.01,2917.98,0.0,2806.06,0.0,2026-08-03T21:03:52.245799+00:00,,,,,,,,,
KXHIGHTHOU-26JUL23-T92,finalized,yes,0.0,1.0,0.0,0.0,0.0,1.0,0.99,0.99,12342.03,0.0,6546.61,0.0,2026-08-03T21:03:52.245799+00:00,,,,,,,,,
KXHIGHTHOU-26JUL23-B98.5,finalized,no,0.0,1.0,0.0,0.0,0.0,1.0,0.01,0.01,547.06,0.0,463.6,0.0,2026-08-03T21:03:52.245799+00:00,,,,,,,,,
KXHIGHTHOU-26JUL23-B96.5,finalized,no,0.0,1.0,0.0,0.0,0.0,1.0,0.01,0.01,1067.02,0.0,986.49,0.0,2026-08-03T21:03:52.245799+00:00,,,,,,,,,
KXHIGHTHOU-26JUL23-B94.5,finalized,no,0.0,1.0,0.0,0.0,0.0,1.0,0.01,0.01,2067.1,0.0,1579.35,0.0,2026-08-03T21:03:52.245799+00:00,,,,,,,,,
KXHIGHTHOU-26JUL23-B92.5,finalized,no,0.0,1.0,0.0,0.0,0.0,1.0,0.01,0.01,8279.17,0.0,5274.7,0.0,2026-08-03T21:03:52.245799+00:00,,,,,,,,,
KXHIGHTHOU-26JUL22-T108,finalized,no,0.0,1.0,0.0,0.0,0.0,1.0,0.01,0.01,359.05,0.0,357.05,0.0,2026-08-03T21:03:52.245799+00:00,,,,,,,,,
KXHIGHTHOU-26JUL22-T101,finalized,no,0.0,1.0,0.0,0.0,0.0,1.0,0.01,0.01,13999.84,0.0,10059.67,0.0,2026-08-03T21:03:52.245799+00:00,,,,,,,,,
KXHIGHTHOU-26JUL22-B107.5,finalized,no,0.0,1.0,0.0,0.0,0.0,1.0,0.01,0.01,604.4,0.0,566.4,0.0,2026-08-03T21:03:52.245799+00:00,,,,,,,,,
KXHIGHTHOU-26JUL22-B105.5,finalized,no,0.0,1.0,0.0,0.0,0.0,1.0,0.01,0.01,5892.31,0.0,3578.64,0.0,2026-08-03T21:03:52.245799+00:00,,,,,,,,,
KXHIGHTHOU-26JUL22-B103.5,finalized,no,0.0,1.0,0.0,0.0,0.0,1.0,0.01,0.01,15319.01,0.0,7738.58,0.0,2026-08-03T21:03:52.245799+00:00,,,,,,,,,
KXHIGHTHOU-26JUL22-B101.5,finalized,yes,0.0,1.0,0.0,0.0,0.0,1.0,0.99,0.99,20288.87,0.0,8891.08,0.0,2026-08-03T21:03:52.245799+00:00,,,,,,,,,
KXHIGHTHOU-26JUL21-T98,finalized,no,0.0,1.0,0.0,0.0,0.0,1.0,0.01,0.01,21922.53,0.0,17020.16,0.0,2026-08-03T21:03:52.245799+00:00,,,,,,,,,
KXHIGHTHOU-26JUL21-T105,finalized,no,0.0,1.0,0.0,0.0,0.0,1.0,0.01,0.01,161.75,0.0,138.75,0.0,2026-08-03T21:03:52.245799+00:00,,,,,,,,,
KXHIGHTHOU-26JUL21-B98.5,finalized,yes,0.0,1.0,0.0,0.0,0.0,1.0,0.99,0.99,13300.13,0.0,9748.78,0.0,2026-08-03T21:03:52.245799+00:00,,,,,,,,,
KXHIGHTHOU-26JUL21-B104.5,finalized,no,0.0,1.0,0.0,0.0,0.0,1.0,0.01,0.01,528.61,0.0,429.61,0.0,2026-08-03T21:03:52.245799+00:00,,,,,,,,,
KXHIGHTHOU-26JUL21-B102.5,finalized,no,0.0,1.0,0.0,0.0,0.0,1.0,0.01,0.01,2005.84,0.0,1639.78,0.0,2026-08-03T21:03:52.245799+00:00,,,,,,,,,
KXHIGHTHOU-26JUL21-B100.5,finalized,no,0.0,1.0,0.0,0.0,0.0,1.0,0.01,0.01,7364.98,0.0,4364.83,0.0,2026-08-03T21:03:52.245799+00:00,,,,,,,,,
KXHIGHTHOU-26JUL20-T95,finalized,no,0.0,1.0,0.0,0.0,0.0,1.0,0.01,0.01,3551.98,0.0,3467.25,0.0,2026-08-03T21:03:52.245799+00:00,,,,,,,,,
KXHIGHTHOU-26JUL20-T102,finalized,no,0.0,1.0,0.0,0.0,0.0,1.0,0.01,0.01,603.76,0.0,589.09,0.0,2026-08-03T21:03:52.245799+00:00,,,,,,,,,
KXHIGHTHOU-26JUL20-B99.5,finalized,no,0.0,1.0,0.0,0.0,0.0,1.0,0.01,0.01,6518.18,0.0,3754.95,0.0,2026-08-03T21:03:52.245799+00:00,,,,,,,,,
KXHIGHTHOU-26JUL20-B97.5,finalized,no,0.0,1.0,0.0,0.0,0.0,1.0,0.01,0.01,10222.83,0.0,5962.35,0.0,2026-08-03T21:03:52.245799+00:00,,,,,,,,,
KXHIGHTHOU-26JUL20-B95.5,finalized,yes,0.0,1.0,0.0,0.0,0.0,1.0,0.99,0.99,14071.74,0.0,6892.47,0.0,2026-08-03T21:03:52.245799+00:00,,,,,,,,,
KXHIGHTHOU-26JUL20-B101.5,finalized,no,0.0,1.0,0.0,0.0,0.0,1.0,0.01,0.01,3763.01,0.0,3503.45,0.0,2026-08-03T21:03:52.245799+00:00,,,,,,,,,
KXHIGHTHOU-26JUL19-T94,finalized,no,0.0,1.0,0.0,0.0,0.0,1.0,0.01,0.01,1441.19,0.0,1040.73,0.0,2026-08-03T21:03:52.245799+00:00,,,,,,,,,
KXHIGHTHOU-26JUL19-T101,finalized,no,0.0,1.0,0.0,0.0,0.0,1.0,0.01,0.01,1312.3,0.0,1261.28,0.0,2026-08-03T21:03:52.245799+00:00,,,,,,,,,
KXHIGHTHOU-26JUL19-B98.5,finalized,no,0.0,1.0,0.0,0.0,0.0,1.0,0.01,0.01,3283.27,0.0,2766.1,0.0,2026-08-03T21:03:52.245799+00:00,,,,,,,,,
KXHIGHTHOU-26JUL19-B96.5,finalized,no,0.0,1.0,0.0,0.0,0.0,1.0,0.01,0.01,10118.79,0.0,5787.27,0.0,2026-08-03T21:03:52.245799+00:00,,,,,,,,,
KXHIGHTHOU-26JUL19-B94.5,finalized,yes,0.0,1.0,0.0,0.0,0.0,1.0,0.99,0.99,9989.5,0.0,5186.26,0.0,2026-08-03T21:03:52.245799+00:00,,,,,,,,,
KXHIGHTHOU-26JUL19-B100.5,finalized,no,0.0,1.0,0.0,0.0,0.0,1.0,0.04,0.04,1987.59,0.0,1777.75,0.0,2026-08-03T21:03:52.245799+00:00,,,,,,,,,
KXHIGHTHOU-26JUL18-T93,finalized,no,0.0,1.0,0.0,0.0,0.0,1.0,0.01,0.01,1410.53,0.0,1230.64,0.0,2026-08-03T21:03:52.245799+00:00,,,,,,,,,
KXHIGHTHOU-26JUL18-T100,finalized,no,0.0,1.0,0.0,0.0,0.0,1.0,0.01,0.01,1480.02,0.0,1441.02,0.0,2026-08-03T21:03:52.245799+00:00,,,,,,,,,
KXHIGHTHOU-26JUL18-B99.5,finalized,no,0.0,1.0,0.0,0.0,0.0,1.0,0.01,0.01,523.85,0.0,463.85,0.0,2026-08-03T21:03:52.245799+00:00,,,,,,,,,
KXHIGHTHOU-26JUL18-B97.5,finalized,no,0.0,1.0,0.0,0.0,0.0,1.0,0.01,0.01,1774.26,0.0,1217.32,0.0,2026-08-03T21:03:52.245799+00:00,,,,,,,,,
KXHIGHTHOU-26JUL18-B95.5,finalized,no,0.0,1.0,0.0,0.0,0.0,1.0,0.01,0.01,26747.07,0.0,24776.71,0.0,2026-08-03T21:03:52.245799+00:00,,,,,,,,,
KXHIGHTHOU-26JUL18-B93.5,finalized,yes,0.0,1.0,0.0,0.0,0.0,1.0,0.99,0.99,6830.6,0.0,4531.76,0.0,2026-08-03T21:03:52.245799+00:00,,,,,,,,,
KXHIGHTHOU-26JUL17-T98,finalized,no,0.0,1.0,0.0,0.0,0.0,1.0,0.01,0.01,914.31,0.0,862.79,0.0,2026-08-03T21:03:52.245799+00:00,,,,,,,,,
KXHIGHTHOU-26JUL17-T91,finalized,no,0.0,1.0,0.0,0.0,0.0,1.0,0.01,0.01,1394.67,0.0,1378.51,0.0,2026-08-03T21:03:52.245799+00:00,,,,,,,,,
KXHIGHTHOU-26JUL17-B97.5,finalized,no,0.0,1.0,0.0,0.0,0.0,1.0,0.01,0.01,2373.68,0.0,2195.14,0.0,2026-08-03T21:03:52.245799+00:00,,,,,,,,,
KXHIGHTHOU-26JUL17-B95.5,finalized,no,0.0,1.0,0.0,0.0,0.0,1.0,0.01,0.01,6386.51,0.0,4896.67,0.0,2026-08-03T21:03:52.245799+00:00,,,,,,,,,
KXHIGHTHOU-26JUL17-B93.5,finalized,yes,0.0,1.0,0.0,0.0,0.0,1.0,0.99,0.99,9070.15,0.0,5728.89,0.0,2026-08-03T21:03:52.245799+00:00,,,,,,,,,
KXHIGHTHOU-26JUL17-B91.5,finalized,no,0.0,1.0,0.0,0.0,0.0,1.0,0.01,0.01,5480.61,0.0,4961.04,0.0,2026-08-03T21:03:52.245799+00:00,,,,,,,,,
KXHIGHTHOU-26JUL16-T96,finalized,no,0.0,1.0,0.0,0.0,0.0,1.0,0.01,0.01,1291.93,0.0,1283.91,0.0,2026-08-03T21:03:52.245799+00:00,,,,,,,,,
KXHIGHTHOU-26JUL16-T89,finalized,no,0.0,1.0,0.0,0.0,0.0,1.0,0.01,0.01,1108.96,0.0,922.92,0.0,2026-08-03T21:03:52.245799+00:00,,,,,,,,,
KXHIGHTHOU-26JUL16-B95.5,finalized,no,0.0,1.0,0.0,0.0,0.0,1.0,0.02,0.02,3085.82,0.0,1444.45,0.0,2026-08-03T21:03:52.245799+00:00,,,,,,,,,
KXHIGHTHOU-26JUL16-B93.5,finalized,no,0.0,1.0,0.0,0.0,0.0,1.0,0.01,0.01,6884.48,0.0,4470.28,0.0,2026-08-03T21:03:52.245799+00:00,,,,,,,,,
KXHIGHTHOU-26JUL16-B91.5,finalized,yes,0.0,1.0,0.0,0.0,0.0,1.0,0.99,0.99,9712.74,0.0,4516.74,0.0,2026-08-03T21:03:52.245799+00:00,,,,,,,,,
KXHIGHTHOU-26JUL16-B89.5,finalized,no,0.0,1.0,0.0,0.0,0.0,1.0,0.01,0.01,2332.04,0.0,1792.19,0.0,2026-08-03T21:03:52.245799+00:00,,,,,,,,,
KXHIGHTHOU-26JUL15-T91,finalized,no,0.0,1.0,0.0,0.0,0.0,1.0,0.01,0.01,2464.05,1445.85,2273.66,0.0,2026-08-03T21:03:52.245799+00:00,,,,,,,,,
KXHIGHTHOU-26JUL15-T84,finalized,no,0.0,1.0,0.0,0.0,0.0,1.0,0.01,0.3,18675.1,17827.59,10488.75,0.0,2026-08-03T21:03:52.245799+00:00,,,,,,,,,
KXHIGHTHOU-26JUL15-B90.5,finalized,no,0.0,1.0,0.0,0.0,0.0,1.0,0.01,0.01,3538.68,3504.66,2739.94,0.0,2026-08-03T21:03:52.245799+00:00,,,,,,,,,
KXHIGHTHOU-26JUL15-B88.5,finalized,no,0.0,1.0,0.0,0.0,0.0,1.0,0.01,0.14,18533.16,18302.81,15684.98,0.0,2026-08-03T21:03:52.245799+00:00,,,,,,,,,
KXHIGHTHOU-26JUL15-B86.5,finalized,yes,0.0,1.0,0.0,0.0,0.0,1.0,0.99,0.29,31111.32,30784.45,25868.43,0.0,2026-08-03T21:03:52.245799+00:00,,,,,,,,,
KXHIGHTHOU-26JUL15-B84.5,finalized,no,0.0,1.0,0.0,0.0,0.0,1.0,0.01,0.31,26737.56,26483.82,23754.79,0.0,2026-08-03T21:03:52.245799+00:00,,,,,,,,,
KXHIGHTHOU-26JUL14-T89,finalized,no,0.0,1.0,0.0,0.0,0.0,1.0,0.01,0.01,1859.79,0.0,1805.79,0.0,2026-08-03T21:03:52.245799+00:00,,,,,,,,,
KXHIGHTHOU-26JUL14-T82,finalized,yes,0.0,1.0,0.0,0.0,0.0,1.0,0.99,0.99,17897.9,0.0,8656.36,0.0,2026-08-03T21:03:52.245799+00:00,,,,,,,,,
KXHIGHTHOU-26JUL14-B88.5,finalized,no,0.0,1.0,0.0,0.0,0.0,1.0,0.01,0.01,358.42,0.0,284.49,0.0,2026-08-03T21:03:52.245799+00:00,,,,,,,,,
KXHIGHTHOU-26JUL14-B86.5,finalized,no,0.0,1.0,0.0,0.0,0.0,1.0,0.01,0.01,2782.93,0.0,2381.33,0.0,2026-08-03T21:03:52.245799+00:00,,,,,,,,,
KXHIGHTHOU-26JUL14-B84.5,finalized,no,0.0,1.0,0.0,0.0,0.0,1.0,0.01,0.01,3358.19,0.0,1947.27,0.0,2026-08-03T21:03:52.245799+00:00,,,,,,,,,
KXHIGHTHOU-26JUL14-B82.5,finalized,no,0.0,1.0,0.0,0.0,0.0,1.0,0.01,0.01,9108.8,0.0,4304.7,0.0,2026-08-03T21:03:52.245799+00:00,,,,,,,,,
KXHIGHTHOU-26JUL13-T93,finalized,no,0.0,1.0,0.0,0.0,0.0,1.0,0.01,0.01,1055.1,0.0,1049.1,0.0,2026-08-03T21:03:52.245799+00:00,,,,,,,,,
KXHIGHTHOU-26JUL13-T86,finalized,yes,0.0,1.0,0.0,0.0,0.0,1.0,0.99,0.99,23497.26,0.0,16831.64,0.0,2026-08-03T21:03:52.245799+00:00,,,,,,,,,
KXHIGHTHOU-26JUL13-B92.5,finalized,no,0.0,1.0,0.0,0.0,0.0,1.0,0.01,0.01,6381.22,0.0,4682.88,0.0,2026-08-03T21:03:52.245799+00:00,,,,,,,,,
KXHIGHTHOU-26JUL13-B90.5,finalized,no,0.0,1.0,0.0,0.0,0.0,1.0,0.01,0.01,2764.96,0.0,1997.7,0.0,2026-08-03T21:03:52.245799+00:00,,,,,,,,,
KXHIGHTHOU-26JUL13-B88.5,finalized,no,0.0,1.0,0.0,0.0,0.0,1.0,0.01,0.01,14268.18,0.0,11084.95,0.0,2026-08-03T21:03:52.245799+00:00,,,,,,,,,
KXHIGHTHOU-26JUL13-B86.5,finalized,no,0.0,1.0,0.0,0.0,0.0,1.0,0.01,0.01,10183.91,0.0,7584.73,0.0,2026-08-03T21:03:52.245799+00:00,,,,,,,,,
KXHIGHTHOU-26JUL12-T98,finalized,no,0.0,1.0,0.0,0.0,0.0,1.0,0.01,0.01,727.0,0.0,726.0,0.0,2026-08-03T21:03:52.245799+00:00,,,,,,,,,
KXHIGHTHOU-26JUL12-T91,finalized,no,0.0,1.0,0.0,0.0,0.0,1.0,0.01,0.01,11987.77,0.0,9468.75,0.0,2026-08-03T21:03:52.245799+00:00,,,,,,,,,
KXHIGHTHOU-26JUL12-B97.5,finalized,no,0.0,1.0,0.0,0.0,0.0,1.0,0.01,0.01,507.0,0.0,459.85,0.0,2026-08-03T21:03:52.245799+00:00,,,,,,,,,
KXHIGHTHOU-26JUL12-B95.5,finalized,no,0.0,1.0,0.0,0.0,0.0,1.0,0.01,0.01,3843.02,0.0,2904.97,0.0,2026-08-03T21:03:52.245799+00:00,,,,,,,,,
KXHIGHTHOU-26JUL12-B93.5,finalized,yes,0.0,1.0,0.0,0.0,0.0,1.0,0.99,0.99,10342.17,0.0,7645.26,0.0,2026-08-03T21:03:52.245799+00:00,,,,,,,,,
KXHIGHTHOU-26JUL12-B91.5,finalized,no,0.0,1.0,0.0,0.0,0.0,1.0,0.01,0.01,20694.46,0.0,18406.04,0.0,2026-08-03T21:03:52.245799+00:00,,,,,,,,,
KXHIGHTHOU-26JUL11-T98,finalized,no,0.0,1.0,0.0,0.0,0.0,1.0,0.01,0.01,4129.12,0.0,4110.06,0.0,2026-08-03T21:03:52.245799+00:00,,,,,,,,,
KXHIGHTHOU-26JUL11-T91,finalized,no,0.0,1.0,0.0,0.0,0.0,1.0,0.01,0.01,20698.45,0.0,15014.05,0.0,2026-08-03T21:03:52.245799+00:00,,,,,,,,,
KXHIGHTHOU-26JUL11-B97.5,finalized,no,0.0,1.0,0.0,0.0,0.0,1.0,0.01,0.01,867.25,0.0,807.13,0.0,2026-08-03T21:03:52.245799+00:00,,,,,,,,,
KXHIGHTHOU-26JUL11-B95.5,finalized,no,0.0,1.0,0.0,0.0,0.0,1.0,0.01,0.01,3820.84,0.0,3100.16,0.0,2026-08-03T21:03:52.245799+00:00,,,,,,,,,
KXHIGHTHOU-26JUL11-B93.5,finalized,no,0.0,1.0,0.0,0.0,0.0,1.0,0.01,0.01,8661.8,0.0,6658.25,0.0,2026-08-03T21:03:52.245799+00:00,,,,,,,,,
KXHIGHTHOU-26JUL11-B91.5,finalized,yes,0.0,1.0,0.0,0.0,0.0,1.0,0.99,0.99,13370.45,0.0,7140.21,0.0,2026-08-03T21:03:52.245799+00:00,,,,,,,,,
KXHIGHTHOU-26JUL10-T99,finalized,no,0.0,1.0,0.0,0.0,0.0,1.0,0.01,0.01,2485.62,0.0,2484.62,0.0,2026-08-03T21:03:52.245799+00:00,,,,,,,,,
KXHIGHTHOU-26JUL10-T92,finalized,no,0.0,1.0,0.0,0.0,0.0,1.0,0.01,0.01,34335.23,0.0,21423.14,0.0,2026-08-03T21:03:52.245799+00:00,,,,,,,,,
KXHIGHTHOU-26JUL10-B98.5,finalized,no,0.0,1.0,0.0,0.0,0.0,1.0,0.01,0.01,1045.62,0.0,983.62,0.0,2026-08-03T21:03:52.245799+00:00,,,,,,,,,
KXHIGHTHOU-26JUL10-B96.5,finalized,no,0.0,1.0,0.0,0.0,0.0,1.0,0.01,0.01,1772.96,0.0,1615.17,0.0,2026-08-03T21:03:52.245799+00:00,,,,,,,,,
KXHIGHTHOU-26JUL10-B94.5,finalized,no,0.0,1.0,0.0,0.0,0.0,1.0,0.01,0.01,13673.44,0.0,10001.2,0.0,2026-08-03T21:03:52.245799+00:00,,,,,,,,,
KXHIGHTHOU-26JUL10-B92.5,finalized,yes,0.0,1.0,0.0,0.0,0.0,1.0,0.99,0.99,21305.86,0.0,9577.07,0.0,2026-08-03T21:03:52.245799+00:00,,,,,,,,,
KXHIGHTHOU-26JUL09-T94,finalized,no,0.0,1.0,0.0,0.0,0.0,1.0,0.01,0.01,58409.08,0.0,56681.62,0.0,2026-08-03T21:03:52.245799+00:00,,,,,,,,,
KXHIGHTHOU-26JUL09-T101,finalized,no,0.0,1.0,0.0,0.0,0.0,1.0,0.01,0.01,2527.84,0.0,2080.01,0.0,2026-08-03T21:03:52.245799+00:00,,,,,,,,,
KXHIGHTHOU-26JUL09-B98.5,finalized,no,0.0,1.0,0.0,0.0,0.0,1.0,0.01,0.01,3927.05,0.0,2537.99,0.0,2026-08-03T21:03:52.245799+00:00,,,,,,,,,
KXHIGHTHOU-26JUL09-B96.5,finalized,no,0.0,1.0,0.0,0.0,0.0,1.0,0.01,0.01,10679.47,0.0,5106.05,0.0,2026-08-03T21:03:52.245799+00:00,,,,,,,,,
KXHIGHTHOU-26JUL09-B94.5,finalized,yes,0.0,1.0,0.0,0.0,0.0,1.0,0.99,0.99,8415.71,0.0,4230.52,0.0,2026-08-03T21:03:52.245799+00:00,,,,,,,,,
KXHIGHTHOU-26JUL09-B100.5,finalized,no,0.0,1.0,0.0,0.0,0.0,1.0,0.01,0.01,2395.63,0.0,2052.96,0.0,2026-08-03T21:03:52.245799+00:00,,,,,,,,,
KXHIGHTHOU-26JUL08-T93,finalized,no,0.0,1.0,0.0,0.0,0.0,1.0,0.01,0.01,2742.35,0.0,2431.96,0.0,2026-08-03T21:03:52.245799+00:00,,,,,,,,,
KXHIGHTHOU-26JUL08-T100,finalized,no,0.0,1.0,0.0,0.0,0.0,1.0,0.01,0.01,1419.86,0.0,1151.86,0.0,2026-08-03T21:03:52.245799+00:00,,,,,,,,,
KXHIGHTHOU-26JUL08-B99.5,finalized,no,0.0,1.0,0.0,0.0,0.0,1.0,0.01,0.01,5496.27,0.0,3382.23,0.0,2026-08-03T21:03:52.245799+00:00,,,,,,,,,
KXHIGHTHOU-26JUL08-B97.5,finalized,no,0.0,1.0,0.0,0.0,0.0,1.0,0.01,0.01,4832.26,0.0,2875.17,0.0,2026-08-03T21:03:52.245799+00:00,,,,,,,,,
KXHIGHTHOU-26JUL08-B95.5,finalized,yes,0.0,1.0,0.0,0.0,0.0,1.0,0.99,0.99,13110.96,0.0,9231.56,0.0,2026-08-03T21:03:52.245799+00:00,,,,,,,,,
KXHIGHTHOU-26JUL08-B93.5,finalized,no,0.0,1.0,0.0,0.0,0.0,1.0,0.01,0.01,16192.93,0.0,11168.74,0.0,2026-08-03T21:03:52.245799+00:00,,,,,,,,,
KXHIGHTHOU-26JUL07-T99,finalized,no,0.0,1.0,0.0,0.0,0.0,1.0,0.01,0.01,1821.09,0.0,1548.98,0.0,2026-08-03T21:03:52.245799+00:00,,,,,,,,,
KXHIGHTHOU-26JUL07-T92,finalized,no,0.0,1.0,0.0,0.0,0.0,1.0,0.01,0.01,4693.12,0.0,3963.89,0.0,2026-08-03T21:03:52.245799+00:00,,,,,,,,,
KXHIGHTHOU-26JUL07-B98.5,finalized,no,0.0,1.0,0.0,0.0,0.0,1.0,0.01,0.01,4604.01,0.0,2195.76,0.0,2026-08-03T21:03:52.245799+00:00,,,,,,,,,
KXHIGHTHOU-26JUL07-B96.5,finalized,no,0.0,1.0,0.0,0.0,0.0,1.0,0.01,0.01,10924.54,0.0,6290.26,0.0,2026-08-03T21:03:52.245799+00:00,,,,,,,,,
KXHIGHTHOU-26JUL07-B94.5,finalized,yes,0.0,1.0,0.0,0.0,0.0,1.0,0.99,0.99,11276.86,0.0,6290.71,0.0,2026-08-03T21:03:52.245799+00:00,,,,,,,,,
KXHIGHTHOU-26JUL07-B92.5,finalized,no,0.0,1.0,0.0,0.0,0.0,1.0,0.01,0.01,15231.12,0.0,11395.68,0.0,2026-08-03T21:03:52.245799+00:00,,,,,,,,,
KXHIGHTHOU-26JUL06-T93,finalized,no,0.0,1.0,0.0,0.0,0.0,1.0,0.01,0.01,1674.58,0.0,1507.98,0.0,2026-08-03T21:03:52.245799+00:00,,,,,,,,,
KXHIGHTHOU-26JUL06-T100,finalized,no,0.0,1.0,0.0,0.0,0.0,1.0,0.01,0.01,1377.77,0.0,1017.34,0.0,2026-08-03T21:03:52.245799+00:00,,,,,,,,,
KXHIGHTHOU-26JUL06-B99.5,finalized,no,0.0,1.0,0.0,0.0,0.0,1.0,0.01,0.01,12336.28,0.0,8845.99,0.0,2026-08-03T21:03:52.245799+00:00,,,,,,,,,
KXHIGHTHOU-26JUL06-B97.5,finalized,yes,0.0,1.0,0.0,0.0,0.0,1.0,0.99,0.99,10526.06,0.0,5147.9,0.0,2026-08-03T21:03:52.245799+00:00,,,,,,,,,
KXHIGHTHOU-26JUL06-B95.5,finalized,no,0.0,1.0,0.0,0.0,0.0,1.0,0.01,0.01,9787.66,0.0,6696.62,0.0,2026-08-03T21:03:52.245799+00:00,,,,,,,,,
KXHIGHTHOU-26JUL06-B93.5,finalized,no,0.0,1.0,0.0,0.0,0.0,1.0,0.01,0.01,12719.96,0.0,8615.59,0.0,2026-08-03T21:03:52.245799+00:00,,,,,,,,,
KXHIGHTHOU-26JUL05-T93,finalized,no,0.0,1.0,0.0,0.0,0.0,1.0,0.01,0.01,1292.62,0.0,1013.62,0.0,2026-08-03T21:03:52.245799+00:00,,,,,,,,,
KXHIGHTHOU-26JUL05-T100,finalized,no,0.0,1.0,0.0,0.0,0.0,1.0,0.01,0.01,3208.82,0.0,2834.09,0.0,2026-08-03T21:03:52.245799+00:00,,,,,,,,,
KXHIGHTHOU-26JUL05-B99.5,finalized,no,0.0,1.0,0.0,0.0,0.0,1.0,0.01,0.01,9062.67,0.0,5673.09,0.0,2026-08-03T21:03:52.245799+00:00,,,,,,,,,
KXHIGHTHOU-26JUL05-B97.5,finalized,yes,0.0,1.0,0.0,0.0,0.0,1.0,0.99,0.99,13818.96,0.0,8829.16,0.0,2026-08-03T21:03:52.245799+00:00,,,,,,,,,
KXHIGHTHOU-26JUL05-B95.5,finalized,no,0.0,1.0,0.0,0.0,0.0,1.0,0.01,0.01,27253.87,0.0,21648.88,0.0,2026-08-03T21:03:52.245799+00:00,,,,,,,,,
KXHIGHTHOU-26JUL05-B93.5,finalized,no,0.0,1.0,0.0,0.0,0.0,1.0,0.01,0.01,8509.8,0.0,7699.6,0.0,2026-08-03T21:03:52.245799+00:00,,,,,,,,,
KXHIGHTHOU-26JUL04-T93,finalized,no,0.0,1.0,0.0,0.0,0.0,1.0,0.01,0.01,1708.16,0.0,1552.76,0.0,2026-08-03T21:03:52.245799+00:00,,,,,,,,,
KXHIGHTHOU-26JUL04-T100,finalized,no,0.0,1.0,0.0,0.0,0.0,1.0,0.01,0.01,3595.81,0.0,3182.81,0.0,2026-08-03T21:03:52.245799+00:00,,,,,,,,,
KXHIGHTHOU-26JUL04-B99.5,finalized,yes,0.0,1.0,0.0,0.0,0.0,1.0,0.99,0.99,13063.76,0.0,6725.78,0.0,2026-08-03T21:03:52.245799+00:00,,,,,,,,,
KXHIGHTHOU-26JUL04-B97.5,finalized,no,0.0,1.0,0.0,0.0,0.0,1.0,0.01,0.01,33274.13,0.0,27192.32,0.0,2026-08-03T21:03:52.245799+00:00,,,,,,,,,
KXHIGHTHOU-26JUL04-B95.5,finalized,no,0.0,1.0,0.0,0.0,0.0,1.0,0.01,0.01,8716.77,0.0,6684.34,0.0,2026-08-03T21:03:52.245799+00:00,,,,,,,,,
KXHIGHTHOU-26JUL04-B93.5,finalized,no,0.0,1.0,0.0,0.0,0.0,1.0,0.01,0.01,9903.37,0.0,8573.93,0.0,2026-08-03T21:03:52.245799+00:00,,,,,,,,,
KXHIGHTHOU-26JUL03-T98,finalized,no,0.0,1.0,0.0,0.0,0.0,1.0,0.01,0.01,4612.6,0.0,2747.92,0.0,2026-08-03T21:03:52.245799+00:00,,,,,,,,,
KXHIGHTHOU-26JUL03-T91,finalized,no,0.0,1.0,0.0,0.0,0.0,1.0,0.01,0.01,1473.57,0.0,1167.57,0.0,2026-08-03T21:03:52.245799+00:00,,,,,,,,,
KXHIGHTHOU-26JUL03-B97.5,finalized,yes,0.0,1.0,0.0,0.0,0.0,1.0,0.99,0.99,32554.77,0.0,28097.05,0.0,2026-08-03T21:03:52.245799+00:00,,,,,,,,,
KXHIGHTHOU-26JUL03-B95.5,finalized,no,0.0,1.0,0.0,0.0,0.0,1.0,0.01,0.01,12637.21,0.0,8075.69,0.0,2026-08-03T21:03:52.245799+00:00,,,,,,,,,
KXHIGHTHOU-26JUL03-B93.5,finalized,no,0.0,1.0,0.0,0.0,0.0,1.0,0.01,0.01,6173.32,0.0,4821.43,0.0,2026-08-03T21:03:52.245799+00:00,,,,,,,,,
KXHIGHTHOU-26JUL03-B91.5,finalized,no,0.0,1.0,0.0,0.0,0.0,1.0,0.01,0.01,17044.9,0.0,15645.59,0.0,2026-08-03T21:03:52.245799+00:00,,,,,,,,,
KXHIGHTHOU-26JUL02-T96,finalized,no,0.0,1.0,0.0,0.0,0.0,1.0,0.01,0.01,14424.3,0.0,10932.83,0.0,2026-08-03T21:03:52.245799+00:00,,,,,,,,,
KXHIGHTHOU-26JUL02-T89,finalized,no,0.0,1.0,0.0,0.0,0.0,1.0,0.01,0.01,2548.11,0.0,2413.11,0.0,2026-08-03T21:03:52.245799+00:00,,,,,,,,,
KXHIGHTHOU-26JUL02-B95.5,finalized,yes,0.0,1.0,0.0,0.0,0.0,1.0,0.99,0.99,26248.62,0.0,17920.51,0.0,2026-08-03T21:03:52.245799+00:00,,,,,,,,,
KXHIGHTHOU-26JUL02-B93.5,finalized,no,0.0,1.0,0.0,0.0,0.0,1.0,0.01,0.01,33169.84,0.0,29852.27,0.0,2026-08-03T21:03:52.245799+00:00,,,,,,,,,
KXHIGHTHOU-26JUL02-B91.5,finalized,no,0.0,1.0,0.0,0.0,0.0,1.0,0.01,0.01,34411.72,0.0,33158.79,0.0,2026-08-03T21:03:52.245799+00:00,,,,,,,,,
KXHIGHTHOU-26JUL02-B89.5,finalized,no,0.0,1.0,0.0,0.0,0.0,1.0,0.01,0.01,10488.14,0.0,9910.89,0.0,2026-08-03T21:03:52.245799+00:00,,,,,,,,,
KXHIGHTHOU-26JUL01-T99,finalized,no,0.0,1.0,0.0,0.0,0.0,1.0,0.01,0.01,1244.66,0.0,1136.66,0.0,2026-08-03T21:03:52.245799+00:00,,,,,,,,,
KXHIGHTHOU-26JUL01-T92,finalized,no,0.0,1.0,0.0,0.0,0.0,1.0,0.01,0.01,2327.42,0.0,1938.11,0.0,2026-08-03T21:03:52.245799+00:00,,,,,,,,,
KXHIGHTHOU-26JUL01-B98.5,finalized,no,0.0,1.0,0.0,0.0,0.0,1.0,0.01,0.01,3498.8,0.0,2587.42,0.0,2026-08-03T21:03:52.245799+00:00,,,,,,,,,
KXHIGHTHOU-26JUL01-B96.5,finalized,yes,0.0,1.0,0.0,0.0,0.0,1.0,0.99,0.99,11040.54,0.0,6514.51,0.0,2026-08-03T21:03:52.245799+00:00,,,,,,,,,
KXHIGHTHOU-26JUL01-B94.5,finalized,no,0.0,1.0,0.0,0.0,0.0,1.0,0.01,0.01,14701.84,0.0,11126.21,0.0,2026-08-03T21:03:52.245799+00:00,,,,,,,,,
KXHIGHTHOU-26JUL01-B92.5,finalized,no,0.0,1.0,0.0,0.0,0.0,1.0,0.01,0.01,3373.41,0.0,2431.66,0.0,2026-08-03T21:03:52.245799+00:00,,,,,,,,,
KXHIGHTHOU-26JUN30-T98,finalized,no,0.0,1.0,0.0,0.0,0.0,1.0,0.01,0.01,2150.59,0.0,2134.59,0.0,2026-08-03T21:03:52.245799+00:00,,,,,,,,,
KXHIGHTHOU-26JUN30-T91,finalized,no,0.0,1.0,0.0,0.0,0.0,1.0,0.01,0.01,1010.42,0.0,650.0,0.0,2026-08-03T21:03:52.245799+00:00,,,,,,,,,
KXHIGHTHOU-26JUN30-B97.5,finalized,no,0.0,1.0,0.0,0.0,0.0,1.0,0.01,0.01,4322.56,0.0,3527.6,0.0,2026-08-03T21:03:52.245799+00:00,,,,,,,,,
KXHIGHTHOU-26JUN30-B95.5,finalized,yes,0.0,1.0,0.0,0.0,0.0,1.0,0.99,0.99,7562.19,0.0,4995.53,0.0,2026-08-03T21:03:52.245799+00:00,,,,,,,,,
KXHIGHTHOU-26JUN30-B93.5,finalized,no,0.0,1.0,0.0,0.0,0.0,1.0,0.01,0.01,13639.27,0.0,10639.92,0.0,2026-08-03T21:03:52.245799+00:00,,,,,,,,,
KXHIGHTHOU-26JUN30-B91.5,finalized,no,0.0,1.0,0.0,0.0,0.0,1.0,0.01,0.01,8045.58,0.0,6384.46,0.0,2026-08-03T21:03:52.245799+00:00,,,,,,,,,
KXHIGHTHOU-26JUN29-T99,finalized,no,0.0,1.0,0.0,0.0,0.0,1.0,0.01,0.01,540.17,0.0,538.17,0.0,2026-08-03T21:03:52.245799+00:00,,,,,,,,,
KXHIGHTHOU-26JUN29-T92,finalized,no,0.0,1.0,0.0,0.0,0.0,1.0,0.01,0.01,914.88,0.0,850.88,0.0,2026-08-03T21:03:52.245799+00:00,,,,,,,,,
KXHIGHTHOU-26JUN29-B98.5,finalized,no,0.0,1.0,0.0,0.0,0.0,1.0,0.01,0.01,808.33,0.0,638.24,0.0,2026-08-03T21:03:52.245799+00:00,,,,,,,,,
KXHIGHTHOU-26JUN29-B96.5,finalized,no,0.0,1.0,0.0,0.0,0.0,1.0,0.01,0.01,6274.78,0.0,3808.6,0.0,2026-08-03T21:03:52.245799+00:00,,,,,,,,,
KXHIGHTHOU-26JUN29-B94.5,finalized,yes,0.0,1.0,0.0,0.0,0.0,1.0,0.99,0.99,11705.78,0.0,8002.2,0.0,2026-08-03T21:03:52.245799+00:00,,,,,,,,,
KXHIGHTHOU-26JUN29-B92.5,finalized,no,0.0,1.0,0.0,0.0,0.0,1.0,0.01,0.01,7816.14,0.0,6701.18,0.0,2026-08-03T21:03:52.245799+00:00,,,,,,,,,
KXHIGHTHOU-26JUN28-T99,finalized,no,0.0,1.0,0.0,0.0,0.0,1.0,0.01,0.01,489.39,0.0,489.39,0.0,2026-08-03T21:03:52.245799+00:00,,,,,,,,,
KXHIGHTHOU-26JUN28-T92,finalized,no,0.0,1.0,0.0,0.0,0.0,1.0,0.01,0.01,1270.39,0.0,911.39,0.0,2026-08-03T21:03:52.245799+00:00,,,,,,,,,
KXHIGHTHOU-26JUN28-B98.5,finalized,no,0.0,1.0,0.0,0.0,0.0,1.0,0.01,0.01,689.43,0.0,623.79,0.0,2026-08-03T21:03:52.245799+00:00,,,,,,,,,
KXHIGHTHOU-26JUN28-B96.5,finalized,no,0.0,1.0,0.0,0.0,0.0,1.0,0.01,0.01,3653.74,0.0,2175.47,0.0,2026-08-03T21:03:52.245799+00:00,,,,,,,,,
KXHIGHTHOU-26JUN28-B94.5,finalized,yes,0.0,1.0,0.0,0.0,0.0,1.0,0.99,0.99,11653.24,0.0,6928.74,0.0,2026-08-03T21:03:52.245799+00:00,,,,,,,,,
KXHIGHTHOU-26JUN28-B92.5,finalized,no,0.0,1.0,0.0,0.0,0.0,1.0,0.01,0.01,7473.73,0.0,6009.64,0.0,2026-08-03T21:03:52.245799+00:00,,,,,,,,,
KXHIGHTHOU-26JUN27-T98,finalized,no,0.0,1.0,0.0,0.0,0.0,1.0,0.01,0.01,1507.02,0.0,1495.02,0.0,2026-08-03T21:03:52.245799+00:00,,,,,,,,,
KXHIGHTHOU-26JUN27-T91,finalized,no,0.0,1.0,0.0,0.0,0.0,1.0,0.01,0.01,1910.89,0.0,1851.33,0.0,2026-08-03T21:03:52.245799+00:00,,,,,,,,,
KXHIGHTHOU-26JUN27-B97.5,finalized,no,0.0,1.0,0.0,0.0,0.0,1.0,0.01,0.01,882.46,0.0,831.85,0.0,2026-08-03T21:03:52.245799+00:00,,,,,,,,,
KXHIGHTHOU-26JUN27-B95.5,finalized,no,0.0,1.0,0.0,0.0,0.0,1.0,0.01,0.01,5483.84,0.0,3718.26,0.0,2026-08-03T21:03:52.245799+00:00,,,,,,,,,
KXHIGHTHOU-26JUN27-B93.5,finalized,yes,0.0,1.0,0.0,0.0,0.0,1.0,0.99,0.99,10411.21,0.0,6512.19,0.0,2026-08-03T21:03:52.245799+00:00,,,,,,,,,
KXHIGHTHOU-26JUN27-B91.5,finalized,no,0.0,1.0,0.0,0.0,0.0,1.0,0.01,0.01,5212.95,0.0,4394.22,0.0,2026-08-03T21:03:52.245799+00:00,,,,,,,,,
KXHIGHTHOU-26JUN26-T97,finalized,no,0.0,1.0,0.0,0.0,0.0,1.0,0.01,0.01,1737.68,0.0,1737.68,0.0,2026-08-03T21:03:52.245799+00:00,,,,,,,,,
KXHIGHTHOU-26JUN26-T90,finalized,no,0.0,1.0,0.0,0.0,0.0,1.0,0.01,0.01,766.48,0.0,761.48,0.0,2026-08-03T21:03:52.245799+00:00,,,,,,,,,
KXHIGHTHOU-26JUN26-B96.5,finalized,no,0.0,1.0,0.0,0.0,0.0,1.0,0.02,0.02,4472.15,0.0,3911.2,0.0,2026-08-03T21:03:52.245799+00:00,,,,,,,,,
KXHIGHTHOU-26JUN26-B94.5,finalized,no,0.0,1.0,0.0,0.0,0.0,1.0,0.01,0.01,5828.55,0.0,2804.42,0.0,2026-08-03T21:03:52.245799+00:00,,,,,,,,,
KXHIGHTHOU-26JUN26-B92.5,finalized,yes,0.0,1.0,0.0,0.0,0.0,1.0,0.99,0.99,11020.89,0.0,7430.13,0.0,2026-08-03T21:03:52.245799+00:00,,,,,,,,,
KXHIGHTHOU-26JUN26-B90.5,finalized,no,0.0,1.0,0.0,0.0,0.0,1.0,0.01,0.01,22377.1,0.0,21964.89,0.0,2026-08-03T21:03:52.245799+00:00,,,,,,,,,
KXHIGHTHOU-26JUN25-T98,finalized,no,0.0,1.0,0.0,0.0,0.0,1.0,0.01,0.01,626.94,0.0,626.94,0.0,2026-08-03T21:03:52.245799+00:00,,,,,,,,,
KXHIGHTHOU-26JUN25-T91,finalized,no,0.0,1.0,0.0,0.0,0.0,1.0,0.01,0.01,3059.28,0.0,2928.66,0.0,2026-08-03T21:03:52.245799+00:00,,,,,,,,,
KXHIGHTHOU-26JUN25-B97.5,finalized,no,0.0,1.0,0.0,0.0,0.0,1.0,0.01,0.01,787.28,0.0,631.37,0.0,2026-08-03T21:03:52.245799+00:00,,,,,,,,,
KXHIGHTHOU-26JUN25-B95.5,finalized,no,0.0,1.0,0.0,0.0,0.0,1.0,0.01,0.01,1979.79,0.0,1562.3,0.0,2026-08-03T21:03:52.245799+00:00,,,,,,,,,
KXHIGHTHOU-26JUN25-B93.5,finalized,no,0.0,1.0,0.0,0.0,0.0,1.0,0.01,0.01,7187.73,0.0,4987.68,0.0,2026-08-03T21:03:52.245799+00:00,,,,,,,,,
KXHIGHTHOU-26JUN25-B91.5,finalized,yes,0.0,1.0,0.0,0.0,0.0,1.0,0.99,0.99,13553.7,0.0,7602.11,0.0,2026-08-03T21:03:52.245799+00:00,,,,,,,,,
KXHIGHTHOU-26JUN24-T93,finalized,no,0.0,1.0,0.0,0.0,0.0,1.0,0.01,0.01,4078.4,0.0,2903.34,0.0,2026-08-03T21:03:52.245799+00:00,,,,,,,,,
KXHIGHTHOU-26JUN24-T100,finalized,no,0.0,1.0,0.0,0.0,0.0,1.0,0.01,0.01,901.0,0.0,873.0,0.0,2026-08-03T21:03:52.245799+00:00,,,,,,,,,
KXHIGHTHOU-26JUN24-B99.5,finalized,no,0.0,1.0,0.0,0.0,0.0,1.0,0.01,0.01,1058.28,0.0,907.28,0.0,2026-08-03T21:03:52.245799+00:00,,,,,,,,,
KXHIGHTHOU-26JUN24-B97.5,finalized,no,0.0,1.0,0.0,0.0,0.0,1.0,0.01,0.01,1735.1,0.0,1550.12,0.0,2026-08-03T21:03:52.245799+00:00,,,,,,,,,
KXHIGHTHOU-26JUN24-B95.5,finalized,no,0.0,1.0,0.0,0.0,0.0,1.0,0.01,0.01,5969.59,0.0,4209.24,0.0,2026-08-03T21:03:52.245799+00:00,,,,,,,,,
KXHIGHTHOU-26JUN24-B93.5,finalized,yes,0.0,1.0,0.0,0.0,0.0,1.0,0.99,0.99,7219.53,0.0,4212.31,0.0,2026-08-03T21:03:52.245799+00:00,,,,,,,,,
KXHIGHTHOU-26JUN23-T99,finalized,no,0.0,1.0,0.0,0.0,0.0,1.0,0.01,0.01,699.07,0.0,659.07,0.0,2026-08-03T21:03:52.245799+00:00,,,,,,,,,
KXHIGHTHOU-26JUN23-T92,finalized,no,0.0,1.0,0.0,0.0,0.0,1.0,0.01,0.01,1966.38,0.0,1752.62,0.0,2026-08-03T21:03:52.245799+00:00,,,,,,,,,
KXHIGHTHOU-26JUN23-B98.5,finalized,no,0.0,1.0,0.0,0.0,0.0,1.0,0.01,0.01,937.14,0.0,855.84,0.0,2026-08-03T21:03:52.245799+00:00,,,,,,,,,
KXHIGHTHOU-26JUN23-B96.5,finalized,no,0.0,1.0,0.0,0.0,0.0,1.0,0.01,0.01,5391.92,0.0,4281.1,0.0,2026-08-03T21:03:52.245799+00:00,,,,,,,,,
KXHIGHTHOU-26JUN23-B94.5,finalized,no,0.0,1.0,0.0,0.0,0.0,1.0,0.01,0.01,7951.37,0.0,5766.04,0.0,2026-08-03T21:03:52.245799+00:00,,,,,,,,,
KXHIGHTHOU-26JUN23-B92.5,finalized,yes,0.0,1.0,0.0,0.0,0.0,1.0,0.99,0.99,10676.63,0.0,5827.41,0.0,2026-08-03T21:03:52.245799+00:00,,,,,,,,,
KXHIGHTHOU-26JUN22-T98,finalized,no,0.0,1.0,0.0,0.0,0.0,1.0,0.01,0.01,755.38,0.0,744.38,0.0,2026-08-03T21:03:52.245799+00:00,,,,,,,,,
KXHIGHTHOU-26JUN22-T91,finalized,no,0.0,1.0,0.0,0.0,0.0,1.0,0.01,0.01,6042.5,0.0,4079.96,0.0,2026-08-03T21:03:52.245799+00:00,,,,,,,,,
KXHIGHTHOU-26JUN22-B97.5,finalized,no,0.0,1.0,0.0,0.0,0.0,1.0,0.02,0.02,1346.73,0.0,1224.78,0.0,2026-08-03T21:03:52.245799+00:00,,,,,,,,,
KXHIGHTHOU-26JUN22-B95.5,finalized,no,0.0,1.0,0.0,0.0,0.0,1.0,0.01,0.01,6320.86,0.0,3740.31,0.0,2026-08-03T21:03:52.245799+00:00,,,,,,,,,
KXHIGHTHOU-26JUN22-B93.5,finalized,yes,0.0,1.0,0.0,0.0,0.0,1.0,0.99,0.99,8056.33,0.0,5511.93,0.0,2026-08-03T21:03:52.245799+00:00,,,,,,,,,
KXHIGHTHOU-26JUN22-B91.5,finalized,no,0.0,1.0,0.0,0.0,0.0,1.0,0.01,0.01,13863.38,0.0,10940.36,0.0,2026-08-03T21:03:52.245799+00:00,,,,,,,,,
KXHIGHTHOU-26JUN21-T97,finalized,no,0.0,1.0,0.0,0.0,0.0,1.0,0.01,0.01,586.83,0.0,557.87,0.0,2026-08-03T21:03:52.245799+00:00,,,,,,,,,
KXHIGHTHOU-26JUN21-T90,finalized,yes,0.0,1.0,0.0,0.0,0.0,1.0,0.99,0.99,12094.74,0.0,5432.26,0.0,2026-08-03T21:03:52.245799+00:00,,,,,,,,,
KXHIGHTHOU-26JUN21-B96.5,finalized,no,0.0,1.0,0.0,0.0,0.0,1.0,0.01,0.01,687.83,0.0,643.87,0.0,2026-08-03T21:03:52.245799+00:00,,,,,,,,,
KXHIGHTHOU-26JUN21-B94.5,finalized,no,0.0,1.0,0.0,0.0,0.0,1.0,0.01,0.01,878.53,0.0,681.33,0.0,2026-08-03T21:03:52.245799+00:00,,,,,,,,,
KXHIGHTHOU-26JUN21-B92.5,finalized,no,0.0,1.0,0.0,0.0,0.0,1.0,0.01,0.01,5422.13,0.0,3955.83,0.0,2026-08-03T21:03:52.245799+00:00,,,,,,,,,
KXHIGHTHOU-26JUN21-B90.5,finalized,no,0.0,1.0,0.0,0.0,0.0,1.0,0.01,0.01,12787.77,0.0,8487.69,0.0,2026-08-03T21:03:52.245799+00:00,,,,,,,,,
KXHIGHTHOU-26JUN20-T96,finalized,no,0.0,1.0,0.0,0.0,0.0,1.0,0.01,0.01,248.0,0.0,248.0,0.0,2026-08-03T21:03:52.245799+00:00,,,,,,,,,
KXHIGHTHOU-26JUN20-T89,finalized,yes,0.0,1.0,0.0,0.0,0.0,1.0,0.99,0.99,8989.75,0.0,5476.07,0.0,2026-08-03T21:03:52.245799+00:00,,,,,,,,,
KXHIGHTHOU-26JUN20-B95.5,finalized,no,0.0,1.0,0.0,0.0,0.0,1.0,0.01,0.01,374.28,0.0,369.28,0.0,2026-08-03T21:03:52.245799+00:00,,,,,,,,,
KXHIGHTHOU-26JUN20-B93.5,finalized,no,0.0,1.0,0.0,0.0,0.0,1.0,0.01,0.01,3048.67,0.0,2233.94,0.0,2026-08-03T21:03:52.245799+00:00,,,,,,,,,
KXHIGHTHOU-26JUN20-B91.5,finalized,no,0.0,1.0,0.0,0.0,0.0,1.0,0.01,0.01,3949.82,0.0,3127.43,0.0,2026-08-03T21:03:52.245799+00:00,,,,,,,,,
KXHIGHTHOU-26JUN20-B89.5,finalized,no,0.0,1.0,0.0,0.0,0.0,1.0,0.01,0.01,3140.39,0.0,2248.71,0.0,2026-08-03T21:03:52.245799+00:00,,,,,,,,,
KXHIGHTHOU-26JUN19-T98,finalized,no,0.0,1.0,0.0,0.0,0.0,1.0,0.01,0.01,399.23,0.0,399.23,0.0,2026-08-03T21:03:52.245799+00:00,,,,,,,,,
KXHIGHTHOU-26JUN19-T91,finalized,no,0.0,1.0,0.0,0.0,0.0,1.0,0.01,0.01,3593.71,0.0,3064.15,0.0,2026-08-03T21:03:52.245799+00:00,,,,,,,,,
KXHIGHTHOU-26JUN19-B97.5,finalized,no,0.0,1.0,0.0,0.0,0.0,1.0,0.01,0.01,615.02,0.0,469.0,0.0,2026-08-03T21:03:52.245799+00:00,,,,,,,,,
KXHIGHTHOU-26JUN19-B95.5,finalized,no,0.0,1.0,0.0,0.0,0.0,1.0,0.01,0.01,3675.99,0.0,2650.43,0.0,2026-08-03T21:03:52.245799+00:00,,,,,,,,,
KXHIGHTHOU-26JUN19-B93.5,finalized,yes,0.0,1.0,0.0,0.0,0.0,1.0,0.99,0.99,8923.97,0.0,6804.64,0.0,2026-08-03T21:03:52.245799+00:00,,,,,,,,,
KXHIGHTHOU-26JUN19-B91.5,finalized,no,0.0,1.0,0.0,0.0,0.0,1.0,0.01,0.01,7956.85,0.0,6424.23,0.0,2026-08-03T21:03:52.245799+00:00,,,,,,,,,
KXHIGHTHOU-26JUN18-T98,finalized,no,0.0,1.0,0.0,0.0,0.0,1.0,0.01,0.01,1736.68,0.0,1591.93,0.0,2026-08-03T21:03:52.245799+00:00,,,,,,,,,
KXHIGHTHOU-26JUN18-T91,finalized,no,0.0,1.0,0.0,0.0,0.0,1.0,0.01,0.01,1700.56,0.0,1506.06,0.0,2026-08-03T21:03:52.245799+00:00,,,,,,,,,
KXHIGHTHOU-26JUN18-B97.5,finalized,no,0.0,1.0,0.0,0.0,0.0,1.0,0.01,0.01,2468.68,0.0,2026.87,0.0,2026-08-03T21:03:52.245799+00:00,,,,,,,,,
KXHIGHTHOU-26JUN18-B95.5,finalized,no,0.0,1.0,0.0,0.0,0.0,1.0,0.01,0.01,7639.15,0.0,5643.33,0.0,2026-08-03T21:03:52.245799+00:00,,,,,,,,,
KXHIGHTHOU-26JUN18-B93.5,finalized,yes,0.0,1.0,0.0,0.0,0.0,1.0,0.99,0.99,9490.66,0.0,6244.46,0.0,2026-08-03T21:03:52.245799+00:00,,,,,,,,,
KXHIGHTHOU-26JUN18-B91.5,finalized,no,0.0,1.0,0.0,0.0,0.0,1.0,0.01,0.01,3549.97,0.0,2782.76,0.0,2026-08-03T21:03:52.245799+00:00,,,,,,,,,
KXHIGHTHOU-26JUN17-T92,finalized,no,0.0,1.0,0.0,0.0,0.0,1.0,0.01,0.01,1396.22,0.0,930.22,0.0,2026-08-03T21:03:52.245799+00:00,,,,,,,,,
KXHIGHTHOU-26JUN17-T85,finalized,no,0.0,1.0,0.0,0.0,0.0,1.0,0.01,0.01,17931.04,0.0,14804.33,0.0,2026-08-03T21:03:52.245799+00:00,,,,,,,,,
KXHIGHTHOU-26JUN17-B91.5,finalized,no,0.0,1.0,0.0,0.0,0.0,1.0,0.01,0.01,2982.6,0.0,2042.54,0.0,2026-08-03T21:03:52.245799+00:00,,,,,,,,,
KXHIGHTHOU-26JUN17-B89.5,finalized,no,0.0,1.0,0.0,0.0,0.0,1.0,0.09,0.09,15042.98,0.0,11411.74,0.0,2026-08-03T21:03:52.245799+00:00,,,,,,,,,
KXHIGHTHOU-26JUN17-B87.5,finalized,yes,0.0,1.0,0.0,0.0,0.0,1.0,0.99,0.99,16031.39,0.0,10788.03,0.0,2026-08-03T21:03:52.245799+00:00,,,,,,,,,
KXHIGHTHOU-26JUN17-B85.5,finalized,no,0.0,1.0,0.0,0.0,0.0,1.0,0.01,0.01,11556.74,0.0,9586.78,0.0,2026-08-03T21:03:52.245799+00:00,,,,,,,,,
KXHIGHTHOU-26JUN16-T86,finalized,no,0.0,1.0,0.0,0.0,0.0,1.0,0.01,0.01,4973.62,0.0,4547.88,0.0,2026-08-03T21:03:52.245799+00:00,,,,,,,,,
KXHIGHTHOU-26JUN16-T79,finalized,no,0.0,1.0,0.0,0.0,0.0,1.0,0.01,0.01,6800.06,0.0,5531.01,0.0,2026-08-03T21:03:52.245799+00:00,,,,,,,,,
KXHIGHTHOU-26JUN16-B85.5,finalized,no,0.0,1.0,0.0,0.0,0.0,1.0,0.01,0.01,3240.25,0.0,2933.7,0.0,2026-08-03T21:03:52.245799+00:00,,,,,,,,,
KXHIGHTHOU-26JUN16-B83.5,finalized,no,0.0,1.0,0.0,0.0,0.0,1.0,0.01,0.01,9489.01,0.0,6127.13,0.0,2026-08-03T21:03:52.245799+00:00,,,,,,,,,
KXHIGHTHOU-26JUN16-B81.5,finalized,yes,0.0,1.0,0.0,0.0,0.0,1.0,0.99,0.99,17406.76,0.0,9148.85,0.0,2026-08-03T21:03:52.245799+00:00,,,,,,,,,
KXHIGHTHOU-26JUN16-B79.5,finalized,no,0.0,1.0,0.0,0.0,0.0,1.0,0.01,0.01,14827.61,0.0,12594.33,0.0,2026-08-03T21:03:52.245799+00:00,,,,,,,,,
KXHIGHTHOU-26JUN15-T91,finalized,no,0.0,1.0,0.0,0.0,0.0,1.0,0.01,0.01,2217.85,0.0,1231.63,0.0,2026-08-03T21:03:52.245799+00:00,,,,,,,,,
KXHIGHTHOU-26JUN15-T84,finalized,yes,0.0,1.0,0.0,0.0,0.0,1.0,0.99,0.99,33903.7,0.0,21589.93,0.0,2026-08-03T21:03:52.245799+00:00,,,,,,,,,
KXHIGHTHOU-26JUN15-B90.5,finalized,no,0.0,1.0,0.0,0.0,0.0,1.0,0.01,0.01,1254.63,0.0,816.03,0.0,2026-08-03T21:03:52.245799+00:00,,,,,,,,,
KXHIGHTHOU-26JUN15-B88.5,finalized,no,0.0,1.0,0.0,0.0,0.0,1.0,0.01,0.01,1334.5,0.0,1073.3,0.0,2026-08-03T21:03:52.245799+00:00,,,,,,,,,
KXHIGHTHOU-26JUN15-B86.5,finalized,no,0.0,1.0,0.0,0.0,0.0,1.0,0.01,0.01,3864.52,0.0,2689.94,0.0,2026-08-03T21:03:52.245799+00:00,,,,,,,,,
KXHIGHTHOU-26JUN15-B84.5,finalized,no,0.0,1.0,0.0,0.0,0.0,1.0,0.01,0.01,10175.25,0.0,7123.76,0.0,2026-08-03T21:03:52.245799+00:00,,,,,,,,,
KXHIGHTHOU-26JUN14-T96,finalized,no,0.0,1.0,0.0,0.0,0.0,1.0,0.01,0.01,440.46,0.0,427.91,0.0,2026-08-03T21:03:52.245799+00:00,,,,,,,,,
KXHIGHTHOU-26JUN14-T89,finalized,no,0.0,1.0,0.0,0.0,0.0,1.0,0.01,0.01,8042.89,0.0,7420.45,0.0,2026-08-03T21:03:52.245799+00:00,,,,,,,,,
KXHIGHTHOU-26JUN14-B95.5,finalized,no,0.0,1.0,0.0,0.0,0.0,1.0,0.02,0.02,983.86,0.0,608.36,0.0,2026-08-03T21:03:52.245799+00:00,,,,,,,,,
KXHIGHTHOU-26JUN14-B93.5,finalized,no,0.0,1.0,0.0,0.0,0.0,1.0,0.01,0.01,3271.68,0.0,2133.7,0.0,2026-08-03T21:03:52.245799+00:00,,,,,,,,,
KXHIGHTHOU-26JUN14-B91.5,finalized,no,0.0,1.0,0.0,0.0,0.0,1.0,0.01,0.01,8731.08,0.0,5756.7,0.0,2026-08-03T21:03:52.245799+00:00,,,,,,,,,
KXHIGHTHOU-26JUN14-B89.5,finalized,yes,0.0,1.0,0.0,0.0,0.0,1.0,0.99,0.99,6518.7,0.0,3525.81,0.0,2026-08-03T21:03:52.245799+00:00,,,,,,,,,
KXHIGHTHOU-26JUN13-T97,finalized,no,0.0,1.0,0.0,0.0,0.0,1.0,0.01,0.01,1173.95,0.0,1172.95,0.0,2026-08-03T21:03:52.245799+00:00,,,,,,,,,
KXHIGHTHOU-26JUN13-T90,finalized,no,0.0,1.0,0.0,0.0,0.0,1.0,0.01,0.01,2070.05,0.0,1486.82,0.0,2026-08-03T21:03:52.245799+00:00,,,,,,,,,
KXHIGHTHOU-26JUN13-B96.5,finalized,no,0.0,1.0,0.0,0.0,0.0,1.0,0.01,0.01,1851.41,0.0,1535.45,0.0,2026-08-03T21:03:52.245799+00:00,,,,,,,,,
KXHIGHTHOU-26JUN13-B94.5,finalized,no,0.0,1.0,0.0,0.0,0.0,1.0,0.01,0.01,4297.08,0.0,2424.46,0.0,2026-08-03T21:03:52.245799+00:00,,,,,,,,,
KXHIGHTHOU-26JUN13-B92.5,finalized,yes,0.0,1.0,0.0,0.0,0.0,1.0,0.99,0.99,7749.35,0.0,4653.77,0.0,2026-08-03T21:03:52.245799+00:00,,,,,,,,,
KXHIGHTHOU-26JUN13-B90.5,finalized,no,0.0,1.0,0.0,0.0,0.0,1.0,0.01,0.01,11317.88,0.0,9843.95,0.0,2026-08-03T21:03:52.245799+00:00,,,,,,,,,
KXHIGHTHOU-26JUN12-T97,finalized,no,0.0,1.0,0.0,0.0,0.0,1.0,0.01,0.01,1428.11,0.0,1228.11,0.0,2026-08-03T21:03:52.245799+00:00,,,,,,,,,
KXHIGHTHOU-26JUN12-T90,finalized,no,0.0,1.0,0.0,0.0,0.0,1.0,0.01,0.01,2642.27,0.0,1903.92,0.0,2026-08-03T21:03:52.245799+00:00,,,,,,,,,
KXHIGHTHOU-26JUN12-B96.5,finalized,no,0.0,1.0,0.0,0.0,0.0,1.0,0.01,0.01,1362.08,0.0,1307.08,0.0,2026-08-03T21:03:52.245799+00:00,,,,,,,,,
KXHIGHTHOU-26JUN12-B94.5,finalized,no,0.0,1.0,0.0,0.0,0.0,1.0,0.01,0.01,7780.84,0.0,4991.48,0.0,2026-08-03T21:03:52.245799+00:00,,,,,,,,,
KXHIGHTHOU-26JUN12-B92.5,finalized,yes,0.0,1.0,0.0,0.0,0.0,1.0,0.99,0.99,9377.46,0.0,5709.71,0.0,2026-08-03T21:03:52.245799+00:00,,,,,,,,,
KXHIGHTHOU-26JUN12-B90.5,finalized,no,0.0,1.0,0.0,0.0,0.0,1.0,0.01,0.01,10034.14,0.0,6524.82,0.0,2026-08-03T21:03:52.245799+00:00,,,,,,,,,
KXHIGHTHOU-26JUN11-T97,finalized,no,0.0,1.0,0.0,0.0,0.0,1.0,0.01,0.01,512.04,0.0,506.04,0.0,2026-08-03T21:03:52.245799+00:00,,,,,,,,,
KXHIGHTHOU-26JUN11-T90,finalized,no,0.0,1.0,0.0,0.0,0.0,1.0,0.01,0.01,9900.17,0.0,9592.17,0.0,2026-08-03T21:03:52.245799+00:00,,,,,,,,,
KXHIGHTHOU-26JUN11-B96.5,finalized,no,0.0,1.0,0.0,0.0,0.0,1.0,0.01,0.01,2440.67,0.0,1925.67,0.0,2026-08-03T21:03:52.245799+00:00,,,,,,,,,
KXHIGHTHOU-26JUN11-B94.5,finalized,no,0.0,1.0,0.0,0.0,0.0,1.0,0.01,0.01,2450.55,0.0,1597.4,0.0,2026-08-03T21:03:52.245799+00:00,,,,,,,,,
KXHIGHTHOU-26JUN11-B92.5,finalized,yes,0.0,1.0,0.0,0.0,0.0,1.0,0.99,0.99,11962.62,0.0,7553.59,0.0,2026-08-03T21:03:52.245799+00:00,,,,,,,,,
KXHIGHTHOU-26JUN11-B90.5,finalized,no,0.0,1.0,0.0,0.0,0.0,1.0,0.01,0.01,10162.33,0.0,8867.51,0.0,2026-08-03T21:03:52.245799+00:00,,,,,,,,,
KXHIGHTHOU-26JUN10-T96,finalized,no,0.0,1.0,0.0,0.0,0.0,1.0,0.01,0.01,1007.61,0.0,994.44,0.0,2026-08-03T21:03:52.245799+00:00,,,,,,,,,
KXHIGHTHOU-26JUN10-T89,finalized,no,0.0,1.0,0.0,0.0,0.0,1.0,0.01,0.01,1488.26,0.0,1221.73,0.0,2026-08-03T21:03:52.245799+00:00,,,,,,,,,
KXHIGHTHOU-26JUN10-B95.5,finalized,no,0.0,1.0,0.0,0.0,0.0,1.0,0.01,0.01,1679.41,0.0,1180.03,0.0,2026-08-03T21:03:52.245799+00:00,,,,,,,,,
KXHIGHTHOU-26JUN10-B93.5,finalized,no,0.0,1.0,0.0,0.0,0.0,1.0,0.01,0.01,3273.07,0.0,2533.6,0.0,2026-08-03T21:03:52.245799+00:00,,,,,,,,,
KXHIGHTHOU-26JUN10-B91.5,finalized,yes,0.0,1.0,0.0,0.0,0.0,1.0,0.99,0.99,5330.5,0.0,3633.75,0.0,2026-08-03T21:03:52.245799+00:00,,,,,,,,,
KXHIGHTHOU-26JUN10-B89.5,finalized,no,0.0,1.0,0.0,0.0,0.0,1.0,0.01,0.01,5465.49,0.0,4051.3,0.0,2026-08-03T21:03:52.245799+00:00,,,,,,,,,
KXHIGHTHOU-26JUN09-T95,finalized,no,0.0,1.0,0.0,0.0,0.0,1.0,0.01,0.01,323.0,0.0,272.0,0.0,2026-08-03T21:03:52.245799+00:00,,,,,,,,,
KXHIGHTHOU-26JUN09-T88,finalized,no,0.0,1.0,0.0,0.0,0.0,1.0,0.01,0.01,2571.64,0.0,1681.63,0.0,2026-08-03T21:03:52.245799+00:00,,,,,,,,,
KXHIGHTHOU-26JUN09-B94.5,finalized,no,0.0,1.0,0.0,0.0,0.0,1.0,0.01,0.01,1722.64,0.0,1216.73,0.0,2026-08-03T21:03:52.245799+00:00,,,,,,,,,
KXHIGHTHOU-26JUN09-B92.5,finalized,no,0.0,1.0,0.0,0.0,0.0,1.0,0.01,0.01,4868.37,0.0,3096.98,0.0,2026-08-03T21:03:52.245799+00:00,,,,,,,,,
KXHIGHTHOU-26JUN09-B90.5,finalized,yes,0.0,1.0,0.0,0.0,0.0,1.0,0.99,0.99,15365.37,0.0,11954.01,0.0,2026-08-03T21:03:52.245799+00:00,,,,,,,,,
KXHIGHTHOU-26JUN09-B88.5,finalized,no,0.0,1.0,0.0,0.0,0.0,1.0,0.01,0.01,5472.95,0.0,4381.23,0.0,2026-08-03T21:03:52.245799+00:00,,,,,,,,,
KXHIGHTHOU-26JUN08-T94,finalized,no,0.0,1.0,0.0,0.0,0.0,1.0,0.01,0.01,3474.27,0.0,2360.27,0.0,2026-08-03T21:03:52.245799+00:00,,,,,,,,,
KXHIGHTHOU-26JUN08-T87,finalized,no,0.0,1.0,0.0,0.0,0.0,1.0,0.01,0.01,6621.0,0.0,3862.2,0.0,2026-08-03T21:03:52.245799+00:00,,,,,,,,,
KXHIGHTHOU-26JUN08-B93.5,finalized,no,0.0,1.0,0.0,0.0,0.0,1.0,0.01,0.01,2308.64,0.0,1755.99,0.0,2026-08-03T21:03:52.245799+00:00,,,,,,,,,
KXHIGHTHOU-26JUN08-B91.5,finalized,no,0.0,1.0,0.0,0.0,0.0,1.0,0.01,0.01,7770.53,0.0,5743.09,0.0,2026-08-03T21:03:52.245799+00:00,,,,,,,,,
KXHIGHTHOU-26JUN08-B89.5,finalized,yes,0.0,1.0,0.0,0.0,0.0,1.0,0.99,0.99,8778.58,0.0,5913.03,0.0,2026-08-03T21:03:52.245799+00:00,,,,,,,,,
KXHIGHTHOU-26JUN08-B87.5,finalized,no,0.0,1.0,0.0,0.0,0.0,1.0,0.01,0.01,9083.0,0.0,6929.28,0.0,2026-08-03T21:03:52.245799+00:00,,,,,,,,,
KXHIGHTHOU-26JUN07-T93,finalized,no,0.0,1.0,0.0,0.0,0.0,1.0,0.01,0.01,1160.58,0.0,715.58,0.0,2026-08-03T21:03:52.245799+00:00,,,,,,,,,
KXHIGHTHOU-26JUN07-T86,finalized,no,0.0,1.0,0.0,0.0,0.0,1.0,0.01,0.01,5072.53,0.0,4442.29,0.0,2026-08-03T21:03:52.245799+00:00,,,,,,,,,
KXHIGHTHOU-26JUN07-B92.5,finalized,no,0.0,1.0,0.0,0.0,0.0,1.0,0.01,0.01,1746.74,0.0,1206.58,0.0,2026-08-03T21:03:52.245799+00:00,,,,,,,,,
KXHIGHTHOU-26JUN07-B90.5,finalized,no,0.0,1.0,0.0,0.0,0.0,1.0,0.01,0.01,1715.05,0.0,1398.32,0.0,2026-08-03T21:03:52.245799+00:00,,,,,,,,,
KXHIGHTHOU-26JUN07-B88.5,finalized,no,0.0,1.0,0.0,0.0,0.0,1.0,0.01,0.01,5619.49,0.0,3175.23,0.0,2026-08-03T21:03:52.245799+00:00,,,,,,,,,
KXHIGHTHOU-26JUN07-B86.5,finalized,yes,0.0,1.0,0.0,0.0,0.0,1.0,0.99,0.99,4797.46,0.0,3476.55,0.0,2026-08-03T21:03:52.245799+00:00,,,,,,,,,
KXHIGHTHOU-26JUN06-T91,finalized,no,0.0,1.0,0.0,0.0,0.0,1.0,0.01,0.01,2335.73,0.0,2134.31,0.0,2026-08-03T21:03:52.245799+00:00,,,,,,,,,
KXHIGHTHOU-26JUN06-T84,finalized,no,0.0,1.0,0.0,0.0,0.0,1.0,0.01,0.01,6843.43,0.0,6512.43,0.0,2026-08-03T21:03:52.245799+00:00,,,,,,,,,
KXHIGHTHOU-26JUN06-B90.5,finalized,no,0.0,1.0,0.0,0.0,0.0,1.0,0.01,0.01,3275.57,0.0,2274.25,0.0,2026-08-03T21:03:52.245799+00:00,,,,,,,,,
KXHIGHTHOU-26JUN06-B88.5,finalized,yes,0.0,1.0,0.0,0.0,0.0,1.0,0.99,0.99,24621.62,0.0,22273.9,0.0,2026-08-03T21:03:52.245799+00:00,,,,,,,,,
KXHIGHTHOU-26JUN06-B86.5,finalized,no,0.0,1.0,0.0,0.0,0.0,1.0,0.01,0.01,16075.61,0.0,14860.2,0.0,2026-08-03T21:03:52.245799+00:00,,,,,,,,,
KXHIGHTHOU-26JUN06-B84.5,finalized,no,0.0,1.0,0.0,0.0,0.0,1.0,0.01,0.01,13087.64,0.0,12572.59,0.0,2026-08-03T21:03:52.245799+00:00,,,,,,,,,
KXHIGHTHOU-26JUN05-T92,finalized,no,0.0,1.0,0.0,0.0,0.0,1.0,0.01,0.01,484.46,0.0,484.46,0.0,2026-08-03T21:03:52.245799+00:00,,,,,,,,,
KXHIGHTHOU-26JUN05-T85,finalized,no,0.0,1.0,0.0,0.0,0.0,1.0,0.01,0.01,10067.62,0.0,8627.27,0.0,2026-08-03T21:03:52.245799+00:00,,,,,,,,,
KXHIGHTHOU-26JUN05-B91.5,finalized,no,0.0,1.0,0.0,0.0,0.0,1.0,0.01,0.01,1536.15,0.0,906.0,0.0,2026-08-03T21:03:52.245799+00:00,,,,,,,,,
KXHIGHTHOU-26JUN05-B89.5,finalized,no,0.0,1.0,0.0,0.0,0.0,1.0,0.01,0.01,2115.34,0.0,1951.79,0.0,2026-08-03T21:03:52.245799+00:00,,,,,,,,,
KXHIGHTHOU-26JUN05-B87.5,finalized,no,0.0,1.0,0.0,0.0,0.0,1.0,0.02,0.02,4505.96,0.0,2855.98,0.0,2026-08-03T21:03:52.245799+00:00,,,,,,,,,
KXHIGHTHOU-26JUN05-B85.5,finalized,yes,0.0,1.0,0.0,0.0,0.0,1.0,0.99,0.99,5047.45,0.0,3695.56,0.0,2026-08-03T21:03:52.245799+00:00,,,,,,,,,
KXHIGHTHOU-26JUN04-T89,finalized,no,0.0,1.0,0.0,0.0,0.0,1.0,0.01,0.01,3870.66,0.0,3089.16,0.0,2026-08-03T21:03:52.245799+00:00,,,,,,,,,
KXHIGHTHOU-26JUN04-T82,finalized,no,0.0,1.0,0.0,0.0,0.0,1.0,0.01,0.01,4736.21,0.0,4006.15,0.0,2026-08-03T21:03:52.245799+00:00,,,,,,,,,
KXHIGHTHOU-26JUN04-B88.5,finalized,no,0.0,1.0,0.0,0.0,0.0,1.0,0.01,0.01,3087.91,0.0,2434.11,0.0,2026-08-03T21:03:52.245799+00:00,,,,,,,,,
KXHIGHTHOU-26JUN04-B86.5,finalized,yes,0.0,1.0,0.0,0.0,0.0,1.0,0.99,0.99,10453.56,0.0,7577.52,0.0,2026-08-03T21:03:52.245799+00:00,,,,,,,,,
KXHIGHTHOU-26JUN04-B84.5,finalized,no,0.0,1.0,0.0,0.0,0.0,1.0,0.01,0.01,50831.06,0.0,34941.47,0.0,2026-08-03T21:03:52.245799+00:00,,,,,,,,,
KXHIGHTHOU-26JUN04-B82.5,finalized,no,0.0,1.0,0.0,0.0,0.0,1.0,0.01,0.01,9138.34,0.0,6284.39,0.0,2026-08-03T21:03:52.245799+00:00,,,,,,,,,
KXHIGHTHOU-26JUN03-T93,finalized,no,0.0,1.0,0.0,0.0,0.0,1.0,0.01,0.01,2114.28,0.0,1717.62,0.0,2026-08-03T21:03:52.245799+00:00,,,,,,,,,
KXHIGHTHOU-26JUN03-T86,finalized,yes,0.0,1.0,0.0,0.0,0.0,1.0,0.99,0.99,22292.52,0.0,8909.71,0.0,2026-08-03T21:03:52.245799+00:00,,,,,,,,,
KXHIGHTHOU-26JUN03-B92.5,finalized,no,0.0,1.0,0.0,0.0,0.0,1.0,0.01,0.01,3347.63,0.0,2493.97,0.0,2026-08-03T21:03:52.245799+00:00,,,,,,,,,
KXHIGHTHOU-26JUN03-B90.5,finalized,no,0.0,1.0,0.0,0.0,0.0,1.0,0.01,0.01,6059.69,0.0,4952.57,0.0,2026-08-03T21:03:52.245799+00:00,,,,,,,,,
KXHIGHTHOU-26JUN03-B88.5,finalized,no,0.0,1.0,0.0,0.0,0.0,1.0,0.01,0.01,6153.47,0.0,3980.34,0.0,2026-08-03T21:03:52.245799+00:00,,,,,,,,,
KXHIGHTHOU-26JUN03-B86.5,finalized,no,0.0,1.0,0.0,0.0,0.0,1.0,0.01,0.01,18222.82,0.0,10452.67,0.0,2026-08-03T21:03:52.245799+00:00,,,,,,,,,
KXHIGHTHOU-26JUN02-T96,finalized,no,0.0,1.0,0.0,0.0,0.0,1.0,0.01,0.01,1200.01,0.0,1156.01,0.0,2026-08-03T21:03:52.245799+00:00,,,,,,,,,
KXHIGHTHOU-26JUN02-T89,finalized,no,0.0,1.0,0.0,0.0,0.0,1.0,0.01,0.01,6415.07,0.0,4720.58,0.0,2026-08-03T21:03:52.245799+00:00,,,,,,,,,
KXHIGHTHOU-26JUN02-B95.5,finalized,no,0.0,1.0,0.0,0.0,0.0,1.0,0.01,0.01,1842.79,0.0,1358.79,0.0,2026-08-03T21:03:52.245799+00:00,,,,,,,,,
KXHIGHTHOU-26JUN02-B93.5,finalized,no,0.0,1.0,0.0,0.0,0.0,1.0,0.01,0.01,4069.85,0.0,2862.12,0.0,2026-08-03T21:03:52.245799+00:00,,,,,,,,,
KXHIGHTHOU-26JUN02-B91.5,finalized,yes,0.0,1.0,0.0,0.0,0.0,1.0,0.99,0.99,9137.24,0.0,6130.94,0.0,2026-08-03T21:03:52.245799+00:00,,,,,,,,,
KXHIGHTHOU-26JUN02-B89.5,finalized,no,0.0,1.0,0.0,0.0,0.0,1.0,0.01,0.01,10611.81,0.0,8790.67,0.0,2026-08-03T21:03:52.245799+00:00,,,,,,,,,
KXHIGHTHOU-26JUN01-T96,finalized,no,0.0,1.0,0.0,0.0,0.0,1.0,0.01,0.01,1949.37,0.0,1598.0,0.0,2026-08-03T21:03:52.245799+00:00,,,,,,,,,
KXHIGHTHOU-26JUN01-T89,finalized,no,0.0,1.0,0.0,0.0,0.0,1.0,0.01,0.01,4741.84,0.0,3775.1,0.0,2026-08-03T21:03:52.245799+00:00,,,,,,,,,
KXHIGHTHOU-26JUN01-B95.5,finalized,no,0.0,1.0,0.0,0.0,0.0,1.0,0.01,0.01,1763.14,0.0,1197.97,0.0,2026-08-03T21:03:52.245799+00:00,,,,,,,,,
KXHIGHTHOU-26JUN01-B93.5,finalized,no,0.0,1.0,0.0,0.0,0.0,1.0,0.01,0.01,5295.14,0.0,4404.96,0.0,2026-08-03T21:03:52.245799+00:00,,,,,,,,,
KXHIGHTHOU-26JUN01-B91.5,finalized,yes,0.0,1.0,0.0,0.0,0.0,1.0,0.99,0.99,14776.99,0.0,12170.64,0.0,2026-08-03T21:03:52.245799+00:00,,,,,,,,,
KXHIGHTHOU-26JUN01-B89.5,finalized,no,0.0,1.0,0.0,0.0,0.0,1.0,0.01,0.01,6199.05,0.0,4970.33,0.0,2026-08-03T21:03:52.245799+00:00,,,,,,,,,
KXHIGHTHOU-26MAY31-T96,finalized,no,0.0,1.0,0.0,0.0,0.0,1.0,0.01,0.01,865.92,0.0,805.92,0.0,2026-08-03T21:03:52.245799+00:00,,,,,,,,,
KXHIGHTHOU-26MAY31-T89,finalized,no,0.0,1.0,0.0,0.0,0.0,1.0,0.01,0.01,1604.03,0.0,1328.76,0.0,2026-08-03T21:03:52.245799+00:00,,,,,,,,,
KXHIGHTHOU-26MAY31-B95.5,finalized,no,0.0,1.0,0.0,0.0,0.0,1.0,0.01,0.01,1835.72,0.0,1584.72,0.0,2026-08-03T21:03:52.245799+00:00,,,,,,,,,
KXHIGHTHOU-26MAY31-B93.5,finalized,no,0.0,1.0,0.0,0.0,0.0,1.0,0.01,0.01,4843.89,0.0,3040.39,0.0,2026-08-03T21:03:52.245799+00:00,,,,,,,,,
KXHIGHTHOU-26MAY31-B91.5,finalized,yes,0.0,1.0,0.0,0.0,0.0,1.0,0.99,0.99,7075.32,0.0,4829.44,0.0,2026-08-03T21:03:52.245799+00:00,,,,,,,,,
KXHIGHTHOU-26MAY31-B89.5,finalized,no,0.0,1.0,0.0,0.0,0.0,1.0,0.01,0.01,5235.31,0.0,2890.85,0.0,2026-08-03T21:03:52.245799+00:00,,,,,,,,,
KXHIGHTHOU-26MAY30-T97,finalized,no,0.0,1.0,0.0,0.0,0.0,1.0,0.01,0.01,2544.23,0.0,1526.1,0.0,2026-08-03T21:03:52.245799+00:00,,,,,,,,,
KXHIGHTHOU-26MAY30-T90,finalized,no,0.0,1.0,0.0,0.0,0.0,1.0,0.01,0.01,1852.52,0.0,1406.17,0.0,2026-08-03T21:03:52.245799+00:00,,,,,,,,,
KXHIGHTHOU-26MAY30-B96.5,finalized,no,0.0,1.0,0.0,0.0,0.0,1.0,0.01,0.01,1409.11,0.0,1340.4,0.0,2026-08-03T21:03:52.245799+00:00,,,,,,,,,
KXHIGHTHOU-26MAY30-B94.5,finalized,no,0.0,1.0,0.0,0.0,0.0,1.0,0.01,0.01,1466.57,0.0,1126.64,0.0,2026-08-03T21:03:52.245799+00:00,,,,,,,,,
KXHIGHTHOU-26MAY30-B92.5,finalized,no,0.0,1.0,0.0,0.0,0.0,1.0,0.01,0.01,12628.17,0.0,10695.96,0.0,2026-08-03T21:03:52.245799+00:00,,,,,,,,,
KXHIGHTHOU-26MAY30-B90.5,finalized,yes,0.0,1.0,0.0,0.0,0.0,1.0,0.99,0.99,11649.57,0.0,8322.18,0.0,2026-08-03T21:03:52.245799+00:00,,,,,,,,,
KXHIGHTHOU-26MAY29-T95,finalized,no,0.0,1.0,0.0,0.0,0.0,1.0,0.01,0.01,3268.88,0.0,2385.87,0.0,2026-08-03T21:03:52.245799+00:00,,,,,,,,,
KXHIGHTHOU-26MAY29-T88,finalized,no,0.0,1.0,0.0,0.0,0.0,1.0,0.01,0.01,1089.33,0.0,920.33,0.0,2026-08-03T21:03:52.245799+00:00,,,,,,,,,
KXHIGHTHOU-26MAY29-B94.5,finalized,no,0.0,1.0,0.0,0.0,0.0,1.0,0.01,0.01,2612.65,0.0,2008.71,0.0,2026-08-03T21:03:52.245799+00:00,,,,,,,,,
KXHIGHTHOU-26MAY29-B92.5,finalized,no,0.0,1.0,0.0,0.0,0.0,1.0,0.01,0.01,3704.87,0.0,2433.7,0.0,2026-08-03T21:03:52.245799+00:00,,,,,,,,,
KXHIGHTHOU-26MAY29-B90.5,finalized,yes,0.0,1.0,0.0,0.0,0.0,1.0,0.99,0.99,6178.51,0.0,4110.63,0.0,2026-08-03T21:03:52.245799+00:00,,,,,,,,,
KXHIGHTHOU-26MAY29-B88.5,finalized,no,0.0,1.0,0.0,0.0,0.0,1.0,0.01,0.01,2763.56,0.0,1400.71,0.0,2026-08-03T21:03:52.245799+00:00,,,,,,,,,
KXHIGHTHOU-26MAY28-T91,finalized,no,0.0,1.0,0.0,0.0,0.0,1.0,0.01,0.01,3277.04,0.0,2544.94,0.0,2026-08-03T21:03:52.245799+00:00,,,,,,,,,
KXHIGHTHOU-26MAY28-T84,finalized,no,0.0,1.0,0.0,0.0,0.0,1.0,0.01,0.01,3791.09,0.0,2629.09,0.0,2026-08-03T21:03:52.245799+00:00,,,,,,,,,
KXHIGHTHOU-26MAY28-B90.5,finalized,no,0.0,1.0,0.0,0.0,0.0,1.0,0.01,0.01,5550.74,0.0,3530.28,0.0,2026-08-03T21:03:52.245799+00:00,,,,,,,,,
KXHIGHTHOU-26MAY28-B88.5,finalized,yes,0.0,1.0,0.0,0.0,0.0,1.0,0.99,0.99,6594.86,0.0,4452.49,0.0,2026-08-03T21:03:52.245799+00:00,,,,,,,,,
KXHIGHTHOU-26MAY28-B86.5,finalized,no,0.0,1.0,0.0,0.0,0.0,1.0,0.01,0.01,4284.16,0.0,2471.36,0.0,2026-08-03T21:03:52.245799+00:00,,,,,,,,,
KXHIGHTHOU-26MAY28-B84.5,finalized,no,0.0,1.0,0.0,0.0,0.0,1.0,0.01,0.01,1408.44,0.0,1319.76,0.0,2026-08-03T21:03:52.245799+00:00,,,,,,,,,
KXHIGHTHOU-26MAY27-T86,finalized,no,0.0,1.0,0.0,0.0,0.0,1.0,0.01,0.01,2881.58,0.0,2381.58,0.0,2026-08-03T21:03:52.245799+00:00,,,,,,,,,
KXHIGHTHOU-26MAY27-T79,finalized,no,0.0,1.0,0.0,0.0,0.0,1.0,0.01,0.01,21091.37,0.0,19683.31,0.0,2026-08-03T21:03:52.245799+00:00,,,,,,,,,
KXHIGHTHOU-26MAY27-B85.5,finalized,no,0.0,1.0,0.0,0.0,0.0,1.0,0.01,0.01,2683.87,0.0,1636.54,0.0,2026-08-03T21:03:52.245799+00:00,,,,,,,,,
KXHIGHTHOU-26MAY27-B83.5,finalized,no,0.0,1.0,0.0,0.0,0.0,1.0,0.01,0.01,4462.52,0.0,3424.1,0.0,2026-08-03T21:03:52.245799+00:00,,,,,,,,,
KXHIGHTHOU-26MAY27-B81.5,finalized,no,0.0,1.0,0.0,0.0,0.0,1.0,0.01,0.01,6437.94,0.0,5581.88,0.0,2026-08-03T21:03:52.245799+00:00,,,,,,,,,
KXHIGHTHOU-26MAY27-B79.5,finalized,yes,0.0,1.0,0.0,0.0,0.0,1.0,0.99,0.99,10045.68,0.0,6835.66,0.0,2026-08-03T21:03:52.245799+00:00,,,,,,,,,
KXHIGHTHOU-26MAY26-T92,finalized,no,0.0,1.0,0.0,0.0,0.0,1.0,0.01,0.01,3710.54,0.0,3603.96,0.0,2026-08-03T21:03:52.245799+00:00,,,,,,,,,
KXHIGHTHOU-26MAY26-T85,finalized,no,0.0,1.0,0.0,0.0,0.0,1.0,0.01,0.01,2000.29,0.0,1493.59,0.0,2026-08-03T21:03:52.245799+00:00,,,,,,,,,
KXHIGHTHOU-26MAY26-B91.5,finalized,no,0.0,1.0,0.0,0.0,0.0,1.0,0.01,0.01,4607.85,0.0,3426.94,0.0,2026-08-03T21:03:52.245799+00:00,,,,,,,,,
KXHIGHTHOU-26MAY26-B89.5,finalized,yes,0.0,1.0,0.0,0.0,0.0,1.0,0.99,0.99,10640.4,0.0,6706.0,0.0,2026-08-03T21:03:52.245799+00:00,,,,,,,,,
KXHIGHTHOU-26MAY26-B87.5,finalized,no,0.0,1.0,0.0,0.0,0.0,1.0,0.01,0.01,6377.98,0.0,5054.9,0.0,2026-08-03T21:03:52.245799+00:00,,,,,,,,,
KXHIGHTHOU-26MAY26-B85.5,finalized,no,0.0,1.0,0.0,0.0,0.0,1.0,0.01,0.01,3657.25,0.0,2482.13,0.0,2026-08-03T21:03:52.245799+00:00,,,,,,,,,
KXHIGHTHOU-26MAY25-T91,finalized,no,0.0,1.0,0.0,0.0,0.0,1.0,0.01,0.01,4667.25,0.0,3627.23,0.0,2026-08-03T21:03:52.245799+00:00,,,,,,,,,
KXHIGHTHOU-26MAY25-T84,finalized,no,0.0,1.0,0.0,0.0,0.0,1.0,0.01,0.01,4711.22,0.0,3271.3,0.0,2026-08-03T21:03:52.245799+00:00,,,,,,,,,
KXHIGHTHOU-26MAY25-B90.5,finalized,no,0.0,1.0,0.0,0.0,0.0,1.0,0.01,0.01,7553.71,0.0,5216.11,0.0,2026-08-03T21:03:52.245799+00:00,,,,,,,,,
KXHIGHTHOU-26MAY25-B88.5,finalized,yes,0.0,1.0,0.0,0.0,0.0,1.0,0.99,0.99,6719.05,0.0,3868.69,0.0,2026-08-03T21:03:52.245799+00:00,,,,,,,,,
KXHIGHTHOU-26MAY25-B86.5,finalized,no,0.0,1.0,0.0,0.0,0.0,1.0,0.01,0.01,6467.96,0.0,4596.14,0.0,2026-08-03T21:03:52.245799+00:00,,,,,,,,,
KXHIGHTHOU-26MAY25-B84.5,finalized,no,0.0,1.0,0.0,0.0,0.0,1.0,0.01,0.01,6828.65,0.0,3867.16,0.0,2026-08-03T21:03:52.245799+00:00,,,,,,,,,
KXHIGHTHOU-26MAY24-T86,finalized,no,0.0,1.0,0.0,0.0,0.0,1.0,0.01,0.01,9657.76,0.0,5680.5,0.0,2026-08-03T21:03:52.245799+00:00,,,,,,,,,
KXHIGHTHOU-26MAY24-T79,finalized,no,0.0,1.0,0.0,0.0,0.0,1.0,0.01,0.01,1396.3,0.0,733.7,0.0,2026-08-03T21:03:52.245799+00:00,,,,,,,,,
KXHIGHTHOU-26MAY24-B85.5,finalized,yes,0.0,1.0,0.0,0.0,0.0,1.0,0.99,0.99,4153.37,0.0,2905.79,0.0,2026-08-03T21:03:52.245799+00:00,,,,,,,,,
KXHIGHTHOU-26MAY24-B83.5,finalized,no,0.0,1.0,0.0,0.0,0.0,1.0,0.01,0.01,3721.9,0.0,2519.41,0.0,2026-08-03T21:03:52.245799+00:00,,,,,,,,,
KXHIGHTHOU-26MAY24-B81.5,finalized,no,0.0,1.0,0.0,0.0,0.0,1.0,0.01,0.01,3018.77,0.0,2034.66,0.0,2026-08-03T21:03:52.245799+00:00,,,,,,,,,
KXHIGHTHOU-26MAY24-B79.5,finalized,no,0.0,1.0,0.0,0.0,0.0,1.0,0.01,0.01,2031.93,0.0,1842.0,0.0,2026-08-03T21:03:52.245799+00:00,,,,,,,,,
