city,city_raw,condition_id,question,target_date,fetched_at,days_ahead,bin_temp_c,forecast_mu,forecast_sigma,forecast_prob,market_prob,market_prob_raw,edge,abs_edge,bet_side,our_prob,their_prob,liquidity,volume_24h,day_kl_div,n_bins,market_mode_c,forecast_mode_c,mode_shift_c
HK,hong_kong,0xb443c3a6fde55c09f7c3db3ececccd7c6607ff6d2e90570fef6f0b07db14ba0e,Will the highest temperature in Hong Kong be 26°C on March 18?,2026-03-19,2026-03-18 08:11:21.603500+00:00,0.66,26.0,27.1,0.8,0.2949,0.0028,0.0015,0.292,0.292,Yes,0.2949,0.0028,2249.81718,9763.250503,1.1558,4,27.0,27.1,0.1
HK,hong_kong,0x8d708d71dc68dcc6bf0af90c84df8ccf69492993cc1854b0f091780ac904e821,Will the highest temperature in Hong Kong be 24°C on March 18?,2026-03-19,2026-03-18 08:11:21.603500+00:00,0.66,24.0,27.1,0.8,0.0008,0.0094,0.005,-0.0086,0.0086,No,0.9992,0.9906,2209.53551,9487.130976,1.1558,4,27.0,27.1,0.1
HK,hong_kong,0x866a160cbeac60cb6a02dd666ff5f29315b602fd395ba5993a57a8dbf0b0f3bd,Will the highest temperature in Hong Kong be 25°C on March 18?,2026-03-19,2026-03-18 08:11:21.603500+00:00,0.66,25.0,27.1,0.8,0.0321,0.0094,0.005,0.0227,0.0227,Yes,0.0321,0.0094,2164.5185,8522.846533000002,1.1558,4,27.0,27.1,0.1
HK,hong_kong,0xf1ec7947fe462b705dde3f0e06e45aeab35e52938b602335003a4d484223005a,Will the highest temperature in Hong Kong be 27°C on March 18?,2026-03-19,2026-03-18 08:11:21.603500+00:00,0.66,27.0,27.1,0.8,0.6723,0.9784,0.52,-0.3061,0.3061,No,0.3277,0.0216,408.9231,7770.669707000001,1.1558,4,27.0,27.1,0.1
HK,hong_kong,0x2f9c0df936cace170f172584665399bc54d292e229bf7e5544a10cb72461591d,Will the highest temperature in Hong Kong be 22°C on March 19?,2026-03-20,2026-03-17 23:13:55.703395+00:00,2.03,22.0,24.0,1.6,0.9064,0.7362,0.06,0.1702,0.1702,Yes,0.9064,0.7362,609.2146,75.66507299999999,0.0915,2,22.0,24.0,2.0
HK,hong_kong,0xe93c39bcaaa083166b263041534571ddb1de5a3f59856b44682039eca9746a84,Will the highest temperature in Hong Kong be 20°C on March 19?,2026-03-20,2026-03-17 23:13:55.703395+00:00,2.03,20.0,24.0,1.6,0.0936,0.2638,0.0215,-0.1702,0.1702,No,0.9064,0.7362,604.26738,69.31,0.0915,2,22.0,24.0,2.0
HK,hong_kong,0x32e6477db604436c7df167601743433959734d90991bafc17871607a04fdcea4,Will the highest temperature in Hong Kong be 28°C or higher on March 19?,2026-03-20,2026-03-17 23:13:55.703395+00:00,2.03,28.0,24.0,1.6,0.0062,0.275,0.275,-0.2688,0.2688,No,0.9938,0.725,664.5732,955.575792,0.0915,2,22.0,24.0,2.0
HK,hong_kong,0x2f9c0df936cace170f172584665399bc54d292e229bf7e5544a10cb72461591d,Will the highest temperature in Hong Kong be 22°C on March 19?,2026-03-20,2026-03-17 23:24:12.242844+00:00,2.02,22.0,24.0,1.6,0.9064,0.7143,0.06,0.1921,0.1921,Yes,0.9064,0.7143,573.1731,75.66507299999999,0.1114,2,22.0,24.0,2.0
HK,hong_kong,0xe93c39bcaaa083166b263041534571ddb1de5a3f59856b44682039eca9746a84,Will the highest temperature in Hong Kong be 20°C on March 19?,2026-03-20,2026-03-17 23:24:12.242844+00:00,2.02,20.0,24.0,1.6,0.0936,0.2857,0.024,-0.1921,0.1921,No,0.9064,0.7143,555.65376,69.31,0.1114,2,22.0,24.0,2.0
HK,hong_kong,0x32e6477db604436c7df167601743433959734d90991bafc17871607a04fdcea4,Will the highest temperature in Hong Kong be 28°C or higher on March 19?,2026-03-20,2026-03-17 23:24:12.242844+00:00,2.02,28.0,24.0,1.6,0.0062,0.29,0.29,-0.2838,0.2838,No,0.9938,0.71,535.8606,843.955792,0.1114,2,22.0,24.0,2.0
HK,hong_kong,0x2f9c0df936cace170f172584665399bc54d292e229bf7e5544a10cb72461591d,Will the highest temperature in Hong Kong be 22°C on March 19?,2026-03-20,2026-03-18 08:11:21.603531+00:00,1.66,22.0,24.1,1.2,0.6814,0.0547,0.0165,0.6267,0.6267,Yes,0.6814,0.0547,507.07019,894.1146729999999,1.6556,5,27.0,24.1,-2.9
HK,hong_kong,0xc18297b11143e18625fe2c034fe6eace51adfda677eae436d14c78ae6e901472,Will the highest temperature in Hong Kong be 21°C on March 19?,2026-03-20,2026-03-18 08:11:21.603531+00:00,1.66,21.0,24.1,1.2,0.1234,0.0182,0.0055,0.1052,0.1052,Yes,0.1234,0.0182,1182.83421,841.6596159999999,1.6556,5,27.0,24.1,-2.9
HK,hong_kong,0x86e66c0c37449210c63eead3473f73be16d24679123200f32c448c43a92e532b,Will the highest temperature in Hong Kong be 27°C on March 19?,2026-03-20,2026-03-18 08:11:21.603531+00:00,1.66,27.0,24.1,1.2,0.1831,0.8955,0.27,-0.7124,0.7124,No,0.8169,0.1045,220.4332,713.679198,1.6556,5,27.0,24.1,-2.9
HK,hong_kong,0xe93c39bcaaa083166b263041534571ddb1de5a3f59856b44682039eca9746a84,Will the highest temperature in Hong Kong be 20°C on March 19?,2026-03-20,2026-03-18 08:11:21.603531+00:00,1.66,20.0,24.1,1.2,0.0115,0.0199,0.006,-0.0084,0.0084,No,0.9885,0.9801,473.36155,790.906855,1.6556,5,27.0,24.1,-2.9
HK,hong_kong,0xe1872ce3cd5fa6de4b9979dc8a13d0737944c8283df39ae9ba349f0d5787dc5b,Will the highest temperature in Hong Kong be 19°C on March 19?,2026-03-20,2026-03-18 08:11:21.603531+00:00,1.66,19.0,24.1,1.2,0.0006,0.0116,0.0035,-0.0111,0.0111,No,0.9994,0.9884,1574.30775,247.224633,1.6556,5,27.0,24.1,-2.9
HK,hong_kong,0xbb60da9b993fac89982b6539becb8a8c68d5a22752a4de5266b40cbbb488c7cc,Will the highest temperature in Hong Kong be 18°C on March 21?,2026-03-21,2026-03-19 12:05:31.408246+00:00,1.5,18.0,26.0,1.2,0.0,0.0779,0.006,-0.0779,0.0779,No,1.0,0.9221,2658.79647,139.784209,0.1693,3,26.0,26.0,0.0
HK,hong_kong,0x086fac4b61a7a77c55432149926f72b0c62ad2bdf64baed9ec1514d5c4d4bc1f,Will the highest temperature in Hong Kong be 26°C on March 21?,2026-03-21,2026-03-19 12:05:31.408246+00:00,1.5,26.0,26.0,1.2,1.0,0.8442,0.065,0.1558,0.1558,Yes,1.0,0.8442,486.7693,568.156074,0.1693,3,26.0,26.0,0.0
HK,hong_kong,0xcc873c29767bc6908de48a736ae6f632278bb0d93c45a3ac7e6304e25ad06e26,Will the highest temperature in Hong Kong be 20°C on March 21?,2026-03-21,2026-03-19 12:05:31.408246+00:00,1.5,20.0,26.0,1.2,0.0,0.0779,0.006,-0.0779,0.0779,No,1.0,0.9221,1687.17083,475.23,0.1693,3,26.0,26.0,0.0
HK,hong_kong,0xa64bdd848904b99232fdc00a9e28ffcd8c2fc0fea40505da0861ba0f624a3d8e,Will the highest temperature in Hong Kong be 21°C on March 21?,2026-03-21,2026-03-20 06:05:33.843339+00:00,0.75,21.0,25.0,0.8,0.0,0.0163,0.013,-0.0163,0.0163,No,1.0,0.9837,1067.15974,455.53616199999993,0.1732,5,24.0,25.0,1.0
HK,hong_kong,0x7f25bd946c51904191ae4b698dfcc39ba9db84fbdf445b85bbd87484abe34a8f,Will the highest temperature in Hong Kong be 25°C on March 21?,2026-03-21,2026-03-20 06:05:33.843339+00:00,0.75,25.0,25.0,0.8,0.6643,0.3952,0.315,0.2691,0.2691,Yes,0.6643,0.3952,848.5597,626.403672,0.1732,5,24.0,25.0,1.0
HK,hong_kong,0xf4ad571f6354c6f9483f9dfe7dc575ff3ae899d5d9efe3a295fbdd06b160e95c,Will the highest temperature in Hong Kong be 24°C on March 21?,2026-03-21,2026-03-20 06:05:33.843339+00:00,0.75,24.0,25.0,0.8,0.3344,0.5521,0.44,-0.2177,0.2177,No,0.6656,0.4479,628.1691,687.739377,0.1732,5,24.0,25.0,1.0
HK,hong_kong,0x76ec7ce9dfccefc6f5f9a8a91a061ac146fd6fac034d61a623b837767ef4c15f,Will the highest temperature in Hong Kong be 19°C on March 21?,2026-03-21,2026-03-20 06:05:33.843339+00:00,0.75,19.0,25.0,0.8,0.0,0.0038,0.003,-0.0038,0.0038,No,1.0,0.9962,2393.0164,223.03,0.1732,5,24.0,25.0,1.0
HK,hong_kong,0x4345fa2bd03ec6732f398b8a36b0fdb0fe1841173705680a9849324d9d90544f,Will the highest temperature in Hong Kong be 22°C on March 21?,2026-03-21,2026-03-20 06:05:33.843339+00:00,0.75,22.0,25.0,0.8,0.0013,0.0326,0.026,-0.0314,0.0314,No,0.9987,0.9674,1013.09289,558.084651,0.1732,5,24.0,25.0,1.0
HK,hong_kong,0xc16a1dfe63bb45b61e9a61219a2dca6304160e6e0d811c0ec4435793c07a5534,Will the highest temperature in Hong Kong be 24°C on March 22?,2026-03-22,2026-03-19 18:06:16.007970+00:00,2.25,24.0,25.4,1.6,0.3273,0.2301,0.165,0.0971,0.0971,Yes,0.3273,0.2301,278.6046,95.651362,0.1976,5,25.0,25.4,0.4
HK,hong_kong,0x5c82f3b1e1a6923bb869ec119f428836f483af6b00b695c2a065fed304703597,Will the highest temperature in Hong Kong be 18°C on March 22?,2026-03-22,2026-03-19 18:06:16.007970+00:00,2.25,18.0,25.4,1.6,0.0,0.0098,0.007,-0.0097,0.0097,No,1.0,0.9902,1851.05533,790.4533500000001,0.1976,5,25.0,25.4,0.4
HK,hong_kong,0x92441b73512f9a9e1fb0494540a9287d78c1f018aa6dbc6999ca5288aad5bbde,Will the highest temperature in Hong Kong be 25°C on March 22?,2026-03-22,2026-03-19 18:06:16.007970+00:00,2.25,25.0,25.4,1.6,0.4599,0.3208,0.23,0.1392,0.1392,Yes,0.4599,0.3208,204.8627,82.095364,0.1976,5,25.0,25.4,0.4
HK,hong_kong,0x7ca29e0612f577976e3eb752d88e50785c7c424c821fea606ffcf485f67f7ddb,Will the highest temperature in Hong Kong be 23°C on March 22?,2026-03-22,2026-03-19 18:06:16.007970+00:00,2.25,23.0,25.4,1.6,0.1595,0.1534,0.11,0.0061,0.0061,Yes,0.1595,0.1534,227.0373,72.022165,0.1976,5,25.0,25.4,0.4
HK,hong_kong,0x1d3d7a58020e78fbd22d3aea21361a76316d18da130006e41e5553a232a8de9e,Will the highest temperature in Hong Kong be 22°C on March 22?,2026-03-22,2026-03-19 18:06:16.007970+00:00,2.25,22.0,25.4,1.6,0.0533,0.2859,0.205,-0.2327,0.2327,No,0.9467,0.7141,243.6434,70.43835,0.1976,5,25.0,25.4,0.4
HK,hong_kong,0x5c82f3b1e1a6923bb869ec119f428836f483af6b00b695c2a065fed304703597,Will the highest temperature in Hong Kong be 18°C on March 22?,2026-03-22,2026-03-20 06:05:33.843264+00:00,1.75,18.0,26.3,1.2,0.0,0.0449,0.0105,-0.0449,0.0449,No,1.0,0.9551,1846.53767,111.35,0.4531,4,23.0,26.3,3.3
HK,hong_kong,0x7ca29e0612f577976e3eb752d88e50785c7c424c821fea606ffcf485f67f7ddb,Will the highest temperature in Hong Kong be 23°C on March 22?,2026-03-22,2026-03-20 06:05:33.843264+00:00,1.75,23.0,26.3,1.2,0.9244,0.4915,0.115,0.433,0.433,Yes,0.9244,0.4915,397.2389,96.98258,0.4531,4,23.0,26.3,3.3
HK,hong_kong,0x1d3d7a58020e78fbd22d3aea21361a76316d18da130006e41e5553a232a8de9e,Will the highest temperature in Hong Kong be 22°C on March 22?,2026-03-22,2026-03-20 06:05:33.843264+00:00,1.75,22.0,26.3,1.2,0.0756,0.4274,0.1,-0.3518,0.3518,No,0.9244,0.5726,651.3457,82.00975,0.4531,4,23.0,26.3,3.3
HK,hong_kong,0x570b55ca0829a1584b79d0eefa1bc4869950fe1462eefd961daff8c0a7f2c424,Will the highest temperature in Hong Kong be 19°C on March 22?,2026-03-22,2026-03-20 06:05:33.843264+00:00,1.75,19.0,26.3,1.2,0.0,0.0363,0.0085,-0.0363,0.0363,No,1.0,0.9637,1382.88849,616.991135,0.4531,4,23.0,26.3,3.3
HK,hong_kong,0x97bd1cca9545b176662180fd4a91309b69b7107747ea6eed3b71eb4713e20b73,Will the highest temperature in Hong Kong be 27°C or higher on March 22?,2026-03-22,2026-03-20 06:05:33.843264+00:00,1.75,27.0,26.3,1.2,0.2798,0.125,0.125,0.1548,0.1548,Yes,0.2798,0.125,885.6003,576.906609,0.4531,4,23.0,26.3,3.3
HK,hong_kong,0x5c82f3b1e1a6923bb869ec119f428836f483af6b00b695c2a065fed304703597,Will the highest temperature in Hong Kong be 18°C on March 22?,2026-03-22,2026-03-20 12:05:35.063017+00:00,1.5,18.0,26.1,1.2,0.0,0.1086,0.026,-0.1086,0.1086,No,1.0,0.8914,1296.49765,80.25,0.1555,3,26.0,26.1,0.1
HK,hong_kong,0xdb79a414ea684c5abe6ab27be742ff17c17fcbe3fb81db76e8470203059c2f84,Will the highest temperature in Hong Kong be 26°C on March 22?,2026-03-22,2026-03-20 12:05:35.063017+00:00,1.5,26.0,26.1,1.2,1.0,0.8559,0.205,0.1441,0.1441,Yes,1.0,0.8559,350.9904,601.744998,0.1555,3,26.0,26.1,0.1
HK,hong_kong,0x570b55ca0829a1584b79d0eefa1bc4869950fe1462eefd961daff8c0a7f2c424,Will the highest temperature in Hong Kong be 19°C on March 22?,2026-03-22,2026-03-20 12:05:35.063017+00:00,1.5,19.0,26.1,1.2,0.0,0.0355,0.0085,-0.0355,0.0355,No,1.0,0.9645,1293.247,113.7,0.1555,3,26.0,26.1,0.1
HK,hong_kong,0x97bd1cca9545b176662180fd4a91309b69b7107747ea6eed3b71eb4713e20b73,Will the highest temperature in Hong Kong be 27°C or higher on March 22?,2026-03-22,2026-03-20 12:05:35.063017+00:00,1.5,27.0,26.1,1.2,0.2266,0.095,0.095,0.1316,0.1316,Yes,0.2266,0.095,850.2363,675.2286690000002,0.1555,3,26.0,26.1,0.1
HK,hong_kong,0x1d3d7a58020e78fbd22d3aea21361a76316d18da130006e41e5553a232a8de9e,Will the highest temperature in Hong Kong be 22°C on March 22?,2026-03-22,2026-03-22 12:05:43.548307+00:00,-0.5,22.0,25.7,0.8,0.0,0.0005,0.0005,-0.0005,0.0005,No,1.0,0.9995,1595.99766,8467.920239000001,2.102,4,25.0,25.7,0.7
HK,hong_kong,0xc16a1dfe63bb45b61e9a61219a2dca6304160e6e0d811c0ec4435793c07a5534,Will the highest temperature in Hong Kong be 24°C on March 22?,2026-03-22,2026-03-22 12:05:43.548307+00:00,-0.5,24.0,25.7,0.8,0.0761,0.001,0.001,0.0751,0.0751,Yes,0.0761,0.001,2931.64379,7884.672499,2.102,4,25.0,25.7,0.7
HK,hong_kong,0x92441b73512f9a9e1fb0494540a9287d78c1f018aa6dbc6999ca5288aad5bbde,Will the highest temperature in Hong Kong be 25°C on March 22?,2026-03-22,2026-03-22 12:05:43.548307+00:00,-0.5,25.0,25.7,0.8,0.399,0.9895,0.9905,-0.5906,0.5906,No,0.601,0.0105,2218.9831,7442.595537,2.102,4,25.0,25.7,0.7
HK,hong_kong,0xdb79a414ea684c5abe6ab27be742ff17c17fcbe3fb81db76e8470203059c2f84,Will the highest temperature in Hong Kong be 26°C on March 22?,2026-03-22,2026-03-22 12:05:43.548307+00:00,-0.5,26.0,25.7,0.8,0.5249,0.009,0.009,0.5159,0.5159,Yes,0.5249,0.009,940.69473,5826.570744,2.102,4,25.0,25.7,0.7
HK,hong_kong,0x39f8533907560ba4a67047a7281e5002e5ed3b9deeaffab47fcb38cc0a94f403,Will the highest temperature in Hong Kong be 20°C on March 23?,2026-03-23,2026-03-20 12:05:35.063053+00:00,2.5,20.0,26.9,1.6,0.0021,0.1574,0.0155,-0.1553,0.1553,No,0.9979,0.8426,424.52411,93.5506,0.5629,3,23.0,26.9,3.9
HK,hong_kong,0x5b4f7e8fc62a6b114500b1e0c2b0ca6eb9fa4261d7f502ed472b0fd65670f262,Will the highest temperature in Hong Kong be 23°C on March 23?,2026-03-23,2026-03-20 12:05:35.063053+00:00,2.5,23.0,26.9,1.6,0.9741,0.5076,0.05,0.4665,0.4665,Yes,0.9741,0.5076,514.7998,69.0556,0.5629,3,23.0,26.9,3.9
HK,hong_kong,0x17b64519000442bf10e02a39b4a68ab42e1d443013bb21958ec34321600f6ab5,Will the highest temperature in Hong Kong be 21°C on March 23?,2026-03-23,2026-03-20 12:05:35.063053+00:00,2.5,21.0,26.9,1.6,0.0238,0.335,0.033,-0.3112,0.3112,No,0.9762,0.665,412.97479,68.56139999999999,0.5629,3,23.0,26.9,3.9
HK,hong_kong,0xc4b95daabde86af85b1f4cc20398ad96924020cf346134713e3314f61f2e476a,Will the highest temperature in Hong Kong be 22°C on March 23?,2026-03-23,2026-03-20 18:05:38.345092+00:00,2.25,22.0,27.1,1.6,0.0072,0.1127,0.04,-0.1054,0.1054,No,0.9928,0.8873,838.39161,95.5816,0.0916,2,27.0,27.1,0.1
HK,hong_kong,0x80c4f2611715310603f6810f38523716cf37325b7c88c1104c4df93da84cb22a,Will the highest temperature in Hong Kong be 27°C on March 23?,2026-03-23,2026-03-20 18:05:38.345092+00:00,2.25,27.0,27.1,1.6,0.9928,0.8873,0.315,0.1054,0.1054,Yes,0.9928,0.8873,358.7796,74.0,0.0916,2,27.0,27.1,0.1
HK,hong_kong,0x17b64519000442bf10e02a39b4a68ab42e1d443013bb21958ec34321600f6ab5,Will the highest temperature in Hong Kong be 21°C on March 23?,2026-03-23,2026-03-22 06:05:39.838544+00:00,0.75,21.0,27.0,0.8,0.0,0.0229,0.011,-0.0229,0.0229,No,1.0,0.9771,1867.95409,817.998856,0.8267,5,25.0,27.0,2.0
HK,hong_kong,0xc4b95daabde86af85b1f4cc20398ad96924020cf346134713e3314f61f2e476a,Will the highest temperature in Hong Kong be 22°C on March 23?,2026-03-23,2026-03-22 06:05:39.838544+00:00,0.75,22.0,27.0,0.8,0.0,0.0396,0.019,-0.0396,0.0396,No,1.0,0.9604,754.46873,764.244561,0.8267,5,25.0,27.0,2.0
HK,hong_kong,0x6c2be45d7873afd22c8771c63a099664c01c1b6cba691596bbbbe97cab7e2ff3,Will the highest temperature in Hong Kong be 25°C on March 23?,2026-03-23,2026-03-22 06:05:39.838544+00:00,0.75,25.0,27.0,0.8,0.1113,0.6458,0.31,-0.5345,0.5345,No,0.8887,0.3542,393.9652,568.16284,0.8267,5,25.0,27.0,2.0
HK,hong_kong,0xa8acc7b7e4b13401b4944c50cc0f8e6d5b76426b9bc9db767a8f096a885b18e2,Will the highest temperature in Hong Kong be 26°C on March 23?,2026-03-23,2026-03-22 06:05:39.838544+00:00,0.75,26.0,27.0,0.8,0.8887,0.2813,0.135,0.6074,0.6074,Yes,0.8887,0.2813,482.3749,635.7568630000001,0.8267,5,25.0,27.0,2.0
HK,hong_kong,0x39f8533907560ba4a67047a7281e5002e5ed3b9deeaffab47fcb38cc0a94f403,Will the highest temperature in Hong Kong be 20°C on March 23?,2026-03-23,2026-03-22 06:05:39.838544+00:00,0.75,20.0,27.0,0.8,0.0,0.0104,0.005,-0.0104,0.0104,No,1.0,0.9896,2469.99072,517.722,0.8267,5,25.0,27.0,2.0
London,london,0x6501ac3adfa9a11635301bb4a2b5a09f5578bc4d537529acfb2553232dd956da,Will the highest temperature in London be 16°C on March 18?,2026-03-18,2026-03-17 22:28:14.280388+00:00,0.06,16.0,17.7,0.8,0.0648,0.1097,0.105,-0.0449,0.0449,No,0.9352,0.8903,1627.064,7761.050444000003,0.0333,5,18.0,17.7,-0.3
London,london,0x95a8155fe5467a1222def679d66b8580f1fc9598ece4d3e2935f69738ff81e66,Will the highest temperature in London be 17°C on March 18?,2026-03-18,2026-03-17 22:28:14.280388+00:00,0.06,17.0,17.7,0.8,0.3396,0.3499,0.335,-0.0103,0.0103,No,0.6604,0.6501,1045.9322,6215.263229,0.0333,5,18.0,17.7,-0.3
London,london,0x7d9a0bf25ce022c72ea60168987a7d115534bf827d0bd793f3d7ea1097fabebc,Will the highest temperature in London be 18°C on March 18?,2026-03-18,2026-03-17 22:28:14.280388+00:00,0.06,18.0,17.7,0.8,0.4467,0.4543,0.435,-0.0076,0.0076,No,0.5533,0.5457,951.9502,6150.1868,0.0333,5,18.0,17.7,-0.3
London,london,0xf7640ac4324bc2d1cd6e14c561e2fd9aef2483d96b61b7ddc84d1775022a268c,Will the highest temperature in London be 19°C on March 18?,2026-03-18,2026-03-17 22:28:14.280388+00:00,0.06,19.0,17.7,0.8,0.1487,0.0836,0.08,0.0651,0.0651,Yes,0.1487,0.0836,1519.4982,4137.906532999999,0.0333,5,18.0,17.7,-0.3
London,london,0x29da90d43a2b311393bb233470f852994abafe43dbe5d7579d54ad2124a68ea8,Will the highest temperature in London be 21°C on March 18?,2026-03-18,2026-03-17 22:28:14.280388+00:00,0.06,21.0,17.7,0.8,0.0002,0.0026,0.0025,-0.0024,0.0024,No,0.9998,0.9974,2194.74243,5921.712692999999,0.0333,5,18.0,17.7,-0.3
London,london,0x95a8155fe5467a1222def679d66b8580f1fc9598ece4d3e2935f69738ff81e66,Will the highest temperature in London be 17°C on March 18?,2026-03-18,2026-03-17 23:10:24.292307+00:00,0.03,17.0,17.9,0.8,0.2863,0.3484,0.32,-0.0621,0.0621,No,0.7137,0.6516,982.9304,6508.048912000001,0.0862,4,18.0,17.9,-0.1
London,london,0x29da90d43a2b311393bb233470f852994abafe43dbe5d7579d54ad2124a68ea8,Will the highest temperature in London be 21°C on March 18?,2026-03-18,2026-03-17 23:10:24.292307+00:00,0.03,21.0,17.9,0.8,0.0006,0.0637,0.0585,-0.0631,0.0631,No,0.9994,0.9363,890.36474,7124.612405999998,0.0862,4,18.0,17.9,-0.1
London,london,0x7d9a0bf25ce022c72ea60168987a7d115534bf827d0bd793f3d7ea1097fabebc,Will the highest temperature in London be 18°C on March 18?,2026-03-18,2026-03-17 23:10:24.292307+00:00,0.03,18.0,17.9,0.8,0.4957,0.4464,0.41,0.0493,0.0493,Yes,0.4957,0.4464,827.0287,6349.089395,0.0862,4,18.0,17.9,-0.1
London,london,0xf7640ac4324bc2d1cd6e14c561e2fd9aef2483d96b61b7ddc84d1775022a268c,Will the highest temperature in London be 19°C on March 18?,2026-03-18,2026-03-17 23:10:24.292307+00:00,0.03,19.0,17.9,0.8,0.2174,0.1415,0.13,0.0759,0.0759,Yes,0.2174,0.1415,1029.3032,4544.810214999999,0.0862,4,18.0,17.9,-0.1
London,london,0x95a8155fe5467a1222def679d66b8580f1fc9598ece4d3e2935f69738ff81e66,Will the highest temperature in London be 17°C on March 18?,2026-03-18,2026-03-17 23:20:41.010914+00:00,0.03,17.0,17.9,0.8,0.2863,0.351,0.305,-0.0647,0.0647,No,0.7137,0.649,1091.4756,6523.534779000001,0.0775,4,18.0,17.9,-0.1
London,london,0x29da90d43a2b311393bb233470f852994abafe43dbe5d7579d54ad2124a68ea8,Will the highest temperature in London be 21°C on March 18?,2026-03-18,2026-03-17 23:20:41.010914+00:00,0.03,21.0,17.9,0.8,0.0006,0.0506,0.044,-0.05,0.05,No,0.9994,0.9494,1179.71564,7180.582567999999,0.0775,4,18.0,17.9,-0.1
London,london,0x7d9a0bf25ce022c72ea60168987a7d115534bf827d0bd793f3d7ea1097fabebc,Will the highest temperature in London be 18°C on March 18?,2026-03-18,2026-03-17 23:20:41.010914+00:00,0.03,18.0,17.9,0.8,0.4957,0.4661,0.405,0.0296,0.0296,Yes,0.4957,0.4661,1053.5245,6393.103039,0.0775,4,18.0,17.9,-0.1
London,london,0xf7640ac4324bc2d1cd6e14c561e2fd9aef2483d96b61b7ddc84d1775022a268c,Will the highest temperature in London be 19°C on March 18?,2026-03-18,2026-03-17 23:20:41.010914+00:00,0.03,19.0,17.9,0.8,0.2174,0.1323,0.115,0.0851,0.0851,Yes,0.2174,0.1323,1270.5433,4652.621751999999,0.0775,4,18.0,17.9,-0.1
London,london,0xe1b1bd50b1895c5949df2bf931e91529914d7cbbbcb312394472b7c87c450a28,Will the highest temperature in London be 13°C on March 19?,2026-03-19,2026-03-18 08:07:51.793318+00:00,0.66,13.0,16.1,0.8,0.002,0.0582,0.017,-0.0562,0.0562,No,0.998,0.9418,2900.95635,5042.460438000002,0.0738,3,17.0,16.1,-0.9
London,london,0xe3bc995e11cc787d7a903f6bef402dc400c52e510a35d91b564594923a352ba0,Will the highest temperature in London be 14°C on March 19?,2026-03-19,2026-03-18 08:07:51.793318+00:00,0.66,14.0,16.1,0.8,0.0761,0.137,0.04,-0.0608,0.0608,No,0.9239,0.863,2421.78483,4142.776043999999,0.0738,3,17.0,16.1,-0.9
London,london,0x27cadf7c04045e625edfa3b879119129f9cb41d61e770855ec91731a34602109,Will the highest temperature in London be 17°C on March 19?,2026-03-19,2026-03-18 08:07:51.793318+00:00,0.66,17.0,16.1,0.8,0.9219,0.8048,0.235,0.1171,0.1171,Yes,0.9219,0.8048,2047.5996,4231.382590000003,0.0738,3,17.0,16.1,-0.9
London,london,0xffb186cb586f2e2d6ae889e15ee417d6ef995820360c472fea6e399967817fab,Will the highest temperature in London be 15°C on March 19?,2026-03-19,2026-03-18 18:02:05.763591+00:00,0.25,15.0,16.1,0.8,0.2882,0.1466,0.075,0.1416,0.1416,Yes,0.2882,0.1466,939.0268,6750.580602,0.149,3,16.0,16.1,0.1
London,london,0x5b9918299b1321788cde08a892254ca8eafaf3b924eb1f8eb85e6fa66ebcd238,Will the highest temperature in London be 18°C on March 19?,2026-03-19,2026-03-18 18:02:05.763591+00:00,0.25,18.0,16.1,0.8,0.0547,0.2278,0.1165,-0.173,0.173,No,0.9453,0.7722,944.44244,6552.683239999995,0.149,3,16.0,16.1,0.1
London,london,0x2eaa241abcd2019db4f3e6f84c084c1c82a7c6800bc090de4144a1a35a170109,Will the highest temperature in London be 16°C on March 19?,2026-03-19,2026-03-18 18:02:05.763591+00:00,0.25,16.0,16.1,0.8,0.6571,0.6256,0.32,0.0315,0.0315,Yes,0.6571,0.6256,1023.7898,5454.853949000004,0.149,3,16.0,16.1,0.1
London,london,0xffb186cb586f2e2d6ae889e15ee417d6ef995820360c472fea6e399967817fab,Will the highest temperature in London be 15°C on March 19?,2026-03-19,2026-03-18 18:15:37.104127+00:00,0.24,15.0,16.4,0.8,0.1956,0.1532,0.075,0.0424,0.0424,Yes,0.1956,0.1532,978.3812,6736.139003,0.0311,3,16.0,16.4,0.4
London,london,0x5b9918299b1321788cde08a892254ca8eafaf3b924eb1f8eb85e6fa66ebcd238,Will the highest temperature in London be 18°C on March 19?,2026-03-19,2026-03-18 18:15:37.104127+00:00,0.24,18.0,16.4,0.8,0.1292,0.2237,0.1095,-0.0945,0.0945,No,0.8708,0.7763,816.87346,6657.853239999995,0.0311,3,16.0,16.4,0.4
London,london,0x2eaa241abcd2019db4f3e6f84c084c1c82a7c6800bc090de4144a1a35a170109,Will the highest temperature in London be 16°C on March 19?,2026-03-19,2026-03-18 18:15:37.104127+00:00,0.24,16.0,16.4,0.8,0.6752,0.6231,0.305,0.0521,0.0521,Yes,0.6752,0.6231,901.0083,5433.603949000004,0.0311,3,16.0,16.4,0.4
London,london,0xbbcf412469cd886c1014d5c23ca38a78e5edba7c9c779c50ee0f21a9a06c4519,Will the highest temperature in London be 15°C on March 20?,2026-03-20,2026-03-17 22:28:14.280447+00:00,2.06,15.0,14.1,1.6,0.3965,0.3749,0.245,0.0216,0.0216,Yes,0.3965,0.3749,889.3152,604.8837420000001,0.0779,5,15.0,14.1,-0.9
London,london,0x41bc8d9e5cc22058f35cda764de3554de98fbfd03f7ae87109707a67e1c65a9b,Will the highest temperature in London be 16°C on March 20?,2026-03-20,2026-03-17 22:28:14.280447+00:00,2.06,16.0,14.1,1.6,0.2335,0.2984,0.195,-0.0649,0.0649,No,0.7665,0.7016,1259.0375,598.369981,0.0779,5,15.0,14.1,-0.9
London,london,0x459856bef5a1299c7810eed2aad646f2ea771713aab4aa6bf3e49a3fd1ac5e45,Will the highest temperature in London be 12°C on March 20?,2026-03-20,2026-03-17 22:28:14.280447+00:00,2.06,12.0,14.1,1.6,0.2007,0.0995,0.065,0.1013,0.1013,Yes,0.2007,0.0995,1246.119,483.5817440000001,0.0779,5,15.0,14.1,-0.9
London,london,0x484100a8287227e8b8c6accaac22744f68730160e8d0395516a3386f21dead9c,Will the highest temperature in London be 11°C on March 20?,2026-03-20,2026-03-17 22:28:14.280447+00:00,2.06,11.0,14.1,1.6,0.0751,0.049,0.032,0.0261,0.0261,Yes,0.0751,0.049,1524.21937,482.83949,0.0779,5,15.0,14.1,-0.9
London,london,0x48161d4bafbf43e7527b594a9318016b90115e261eb54822c599fd5578a0ecc6,Will the highest temperature in London be 17°C on March 20?,2026-03-20,2026-03-17 22:28:14.280447+00:00,2.06,17.0,14.1,1.6,0.0942,0.1783,0.1165,-0.0841,0.0841,No,0.9058,0.8217,856.1991,460.424879,0.0779,5,15.0,14.1,-0.9
London,london,0xbbcf412469cd886c1014d5c23ca38a78e5edba7c9c779c50ee0f21a9a06c4519,Will the highest temperature in London be 15°C on March 20?,2026-03-20,2026-03-17 23:10:24.292327+00:00,2.03,15.0,14.1,1.6,0.3965,0.4257,0.265,-0.0292,0.0292,No,0.6035,0.5743,827.7552,616.1237420000001,0.0777,5,15.0,14.1,-0.9
London,london,0x41bc8d9e5cc22058f35cda764de3554de98fbfd03f7ae87109707a67e1c65a9b,Will the highest temperature in London be 16°C on March 20?,2026-03-20,2026-03-17 23:10:24.292327+00:00,2.03,16.0,14.1,1.6,0.2335,0.2892,0.18,-0.0556,0.0556,No,0.7665,0.7108,1141.5296,607.404544,0.0777,5,15.0,14.1,-0.9
London,london,0x484100a8287227e8b8c6accaac22744f68730160e8d0395516a3386f21dead9c,Will the highest temperature in London be 11°C on March 20?,2026-03-20,2026-03-17 23:10:24.292327+00:00,2.03,11.0,14.1,1.6,0.0751,0.0474,0.0295,0.0277,0.0277,Yes,0.0751,0.0474,1642.15029,514.30949,0.0777,5,15.0,14.1,-0.9
London,london,0x459856bef5a1299c7810eed2aad646f2ea771713aab4aa6bf3e49a3fd1ac5e45,Will the highest temperature in London be 12°C on March 20?,2026-03-20,2026-03-17 23:10:24.292327+00:00,2.03,12.0,14.1,1.6,0.2007,0.0884,0.055,0.1124,0.1124,Yes,0.2007,0.0884,1115.7337,491.3817440000001,0.0777,5,15.0,14.1,-0.9
London,london,0x48161d4bafbf43e7527b594a9318016b90115e261eb54822c599fd5578a0ecc6,Will the highest temperature in London be 17°C on March 20?,2026-03-20,2026-03-17 23:10:24.292327+00:00,2.03,17.0,14.1,1.6,0.0942,0.1494,0.093,-0.0552,0.0552,No,0.9058,0.8506,895.78229,469.26761,0.0777,5,15.0,14.1,-0.9
London,london,0xbbcf412469cd886c1014d5c23ca38a78e5edba7c9c779c50ee0f21a9a06c4519,Will the highest temperature in London be 15°C on March 20?,2026-03-20,2026-03-17 23:20:41.010961+00:00,2.03,15.0,14.1,1.6,0.3965,0.3846,0.26,0.0119,0.0119,Yes,0.3965,0.3846,869.7353,616.1237420000001,0.1093,5,15.0,14.1,-0.9
London,london,0x41bc8d9e5cc22058f35cda764de3554de98fbfd03f7ae87109707a67e1c65a9b,Will the highest temperature in London be 16°C on March 20?,2026-03-20,2026-03-17 23:20:41.010961+00:00,2.03,16.0,14.1,1.6,0.2335,0.3107,0.21,-0.0771,0.0771,No,0.7665,0.6893,1067.7867,607.404544,0.1093,5,15.0,14.1,-0.9
London,london,0x484100a8287227e8b8c6accaac22744f68730160e8d0395516a3386f21dead9c,Will the highest temperature in London be 11°C on March 20?,2026-03-20,2026-03-17 23:20:41.010961+00:00,2.03,11.0,14.1,1.6,0.0751,0.0414,0.028,0.0336,0.0336,Yes,0.0751,0.0414,1656.36328,514.30949,0.1093,5,15.0,14.1,-0.9
London,london,0x459856bef5a1299c7810eed2aad646f2ea771713aab4aa6bf3e49a3fd1ac5e45,Will the highest temperature in London be 12°C on March 20?,2026-03-20,2026-03-17 23:20:41.010961+00:00,2.03,12.0,14.1,1.6,0.2007,0.0814,0.055,0.1194,0.1194,Yes,0.2007,0.0814,1341.4321,491.3817440000001,0.1093,5,15.0,14.1,-0.9
London,london,0x48161d4bafbf43e7527b594a9318016b90115e261eb54822c599fd5578a0ecc6,Will the highest temperature in London be 17°C on March 20?,2026-03-20,2026-03-17 23:20:41.010961+00:00,2.03,17.0,14.1,1.6,0.0942,0.182,0.123,-0.0878,0.0878,No,0.9058,0.818,846.69184,469.26761,0.1093,5,15.0,14.1,-0.9
London,london,0x8275cd63ad18328ca4a25420445fcaf3482ae376284a19a9a866a79edc0eb098,Will the highest temperature in London be 14°C on March 20?,2026-03-20,2026-03-18 08:07:51.793182+00:00,1.66,14.0,14.1,1.2,0.5232,0.625,0.25,-0.1018,0.1018,No,0.4768,0.375,1308.9511,640.949043,0.0339,3,14.0,14.1,0.1
London,london,0x9da43fc13052a599af24f739f920b793eedc6614b68486b09e55375b27872724,Will the highest temperature in London be 13°C on March 20?,2026-03-20,2026-03-18 08:07:51.793182+00:00,1.66,13.0,14.1,1.2,0.3531,0.2375,0.095,0.1156,0.1156,Yes,0.3531,0.2375,1715.1824,643.1455679999999,0.0339,3,14.0,14.1,0.1
London,london,0x459856bef5a1299c7810eed2aad646f2ea771713aab4aa6bf3e49a3fd1ac5e45,Will the highest temperature in London be 12°C on March 20?,2026-03-20,2026-03-18 08:07:51.793182+00:00,1.66,12.0,14.1,1.2,0.1236,0.1375,0.055,-0.0139,0.0139,No,0.8764,0.8625,1937.078,554.704208,0.0339,3,14.0,14.1,0.1
London,london,0x9da43fc13052a599af24f739f920b793eedc6614b68486b09e55375b27872724,Will the highest temperature in London be 13°C on March 20?,2026-03-20,2026-03-19 18:02:16.066699+00:00,0.25,13.0,15.2,0.8,0.0516,0.6849,0.125,-0.6333,0.6333,No,0.9484,0.3151,1316.326,6304.0340300000025,0.9712,4,13.0,15.2,2.2
London,london,0x2ec56fb16ec5705bfc87500515f4b4026c9043cc8b437e4b3a7426f49bd6826e,Will the highest temperature in London be 10°C on March 20?,2026-03-20,2026-03-19 18:02:16.066699+00:00,0.25,10.0,15.2,0.8,0.0,0.0164,0.003,-0.0164,0.0164,No,1.0,0.9836,3291.96965,5919.111495,0.9712,4,13.0,15.2,2.2
London,london,0x85a5b1564118fe6bb1bd616433a2730a409871754554c1a666e0db02a5c25697,Will the highest temperature in London be 9°C on March 20?,2026-03-20,2026-03-19 18:02:16.066699+00:00,0.25,9.0,15.2,0.8,0.0,0.0027,0.0005,-0.0027,0.0027,No,1.0,0.9973,9137.87705,4906.814041,0.9712,4,13.0,15.2,2.2
London,london,0x41bc8d9e5cc22058f35cda764de3554de98fbfd03f7ae87109707a67e1c65a9b,Will the highest temperature in London be 16°C on March 20?,2026-03-20,2026-03-19 18:02:16.066699+00:00,0.25,16.0,15.2,0.8,0.9484,0.2959,0.054,0.6525,0.6525,Yes,0.9484,0.2959,1229.97186,4835.203302,0.9712,4,13.0,15.2,2.2
London,london,0x2ec56fb16ec5705bfc87500515f4b4026c9043cc8b437e4b3a7426f49bd6826e,Will the highest temperature in London be 10°C on March 20?,2026-03-20,2026-03-20 06:02:03.074735+00:00,-0.25,10.0,15.4,0.8,0.0,0.0018,0.0015,-0.0018,0.0018,No,1.0,0.9982,4292.00306,7373.309037999999,0.2166,3,14.0,15.4,1.4
London,london,0xbbcf412469cd886c1014d5c23ca38a78e5edba7c9c779c50ee0f21a9a06c4519,Will the highest temperature in London be 15°C on March 20?,2026-03-20,2026-03-20 06:02:03.074735+00:00,-0.25,15.0,15.4,0.8,0.7754,0.4537,0.375,0.3216,0.3216,Yes,0.7754,0.4537,956.0755,6570.1407960000015,0.2166,3,14.0,15.4,1.4
London,london,0x8275cd63ad18328ca4a25420445fcaf3482ae376284a19a9a866a79edc0eb098,Will the highest temperature in London be 14°C on March 20?,2026-03-20,2026-03-20 06:02:03.074735+00:00,-0.25,14.0,15.4,0.8,0.2246,0.5445,0.45,-0.3198,0.3198,No,0.7754,0.4555,808.4452,7049.310672,0.2166,3,14.0,15.4,1.4
London,london,0x85508cc93239c9152cf3347b8c56096296a69e62066b02db825f8402b4ec839c,Will the highest temperature in London be 9°C on March 21?,2026-03-21,2026-03-18 08:07:51.793255+00:00,2.66,9.0,13.8,1.6,0.0309,0.1076,0.0205,-0.0767,0.0767,No,0.9691,0.8924,1987.14349,925.316057,0.0413,2,16.0,13.8,-2.2
London,london,0x6d1f9e37369ee78988bf40e03375ba33bf151ebc65fb3af66c6056b895b3d21a,Will the highest temperature in London be 16°C on March 21?,2026-03-21,2026-03-18 08:07:51.793255+00:00,2.66,16.0,13.8,1.6,0.9691,0.8924,0.17,0.0767,0.0767,Yes,0.9691,0.8924,1240.6928,715.321334,0.0413,2,16.0,13.8,-2.2
London,london,0xac028d3beb92b9bcc752e9ec33ef73cf18bd690d80764a93a5514a79bfa2aa02,Will the highest temperature in London be 11°C on March 21?,2026-03-21,2026-03-18 18:02:05.763612+00:00,2.25,11.0,13.8,1.6,0.0938,0.032,0.021,0.0618,0.0618,Yes,0.0938,0.032,1012.65796,601.176752,0.0423,5,13.0,13.8,0.8
London,london,0x6d1f9e37369ee78988bf40e03375ba33bf151ebc65fb3af66c6056b895b3d21a,Will the highest temperature in London be 16°C on March 21?,2026-03-21,2026-03-18 18:02:05.763612+00:00,2.25,16.0,13.8,1.6,0.1655,0.1753,0.115,-0.0098,0.0098,No,0.8345,0.8247,1031.5987,554.192435,0.0423,5,13.0,13.8,0.8
London,london,0x5deb52e6bc612104eb16c1567c7fc07499c37c420a51ee66c7df788d1bb3e15c,Will the highest temperature in London be 17°C on March 21?,2026-03-21,2026-03-18 18:02:05.763612+00:00,2.25,17.0,13.8,1.6,0.0596,0.0534,0.035,0.0062,0.0062,Yes,0.0596,0.0534,1269.23694,435.1303229999999,0.0423,5,13.0,13.8,0.8
London,london,0xce755d14e0723ed7b4d1379f658d5655721a3d09e19b5c8ea6cd845792991290,Will the highest temperature in London be 13°C on March 21?,2026-03-21,2026-03-18 18:02:05.763612+00:00,2.25,13.0,13.8,1.6,0.3662,0.3887,0.255,-0.0225,0.0225,No,0.6338,0.6113,1041.9323,444.725976,0.0423,5,13.0,13.8,0.8
London,london,0xc30c28125efab561634335757946b504f1ab6d889e01d766f976309b74ba9931,Will the highest temperature in London be 15°C on March 21?,2026-03-21,2026-03-18 18:02:05.763612+00:00,2.25,15.0,13.8,1.6,0.3148,0.3506,0.23,-0.0358,0.0358,No,0.6852,0.6494,860.8264,429.362196,0.0423,5,13.0,13.8,0.8
London,london,0xac028d3beb92b9bcc752e9ec33ef73cf18bd690d80764a93a5514a79bfa2aa02,Will the highest temperature in London be 11°C on March 21?,2026-03-21,2026-03-18 18:15:37.104156+00:00,2.24,11.0,13.7,1.6,0.1056,0.0321,0.021,0.0735,0.0735,Yes,0.1056,0.0321,1030.87496,601.176752,0.0581,5,13.0,13.7,0.7
London,london,0x6d1f9e37369ee78988bf40e03375ba33bf151ebc65fb3af66c6056b895b3d21a,Will the highest temperature in London be 16°C on March 21?,2026-03-21,2026-03-18 18:15:37.104156+00:00,2.24,16.0,13.7,1.6,0.1542,0.1757,0.115,-0.0215,0.0215,No,0.8458,0.8243,1010.5922,554.192435,0.0581,5,13.0,13.7,0.7
London,london,0x5deb52e6bc612104eb16c1567c7fc07499c37c420a51ee66c7df788d1bb3e15c,Will the highest temperature in London be 17°C on March 21?,2026-03-21,2026-03-18 18:15:37.104156+00:00,2.24,17.0,13.7,1.6,0.0535,0.0512,0.0335,0.0023,0.0023,Yes,0.0535,0.0512,1090.80727,435.1303229999999,0.0581,5,13.0,13.7,0.7
London,london,0xce755d14e0723ed7b4d1379f658d5655721a3d09e19b5c8ea6cd845792991290,Will the highest temperature in London be 13°C on March 21?,2026-03-21,2026-03-18 18:15:37.104156+00:00,2.24,13.0,13.7,1.6,0.3821,0.382,0.25,0.0002,0.0002,Yes,0.3821,0.382,1094.0433,444.725976,0.0581,5,13.0,13.7,0.7
London,london,0xc30c28125efab561634335757946b504f1ab6d889e01d766f976309b74ba9931,Will the highest temperature in London be 15°C on March 21?,2026-03-21,2026-03-18 18:15:37.104156+00:00,2.24,15.0,13.7,1.6,0.3046,0.3591,0.235,-0.0545,0.0545,No,0.6954,0.6409,987.0415,429.362196,0.0581,5,13.0,13.7,0.7
London,london,0x86415a83739be30416482caef3635c6de943f64cf80d8f38c510c7f1c16016dd,Will the highest temperature in London be 12°C on March 21?,2026-03-21,2026-03-19 07:19:07.089888+00:00,1.7,12.0,13.7,1.2,0.1977,0.1486,0.095,0.0491,0.0491,Yes,0.1977,0.1486,1627.8932,423.639087,0.0295,4,14.0,13.7,-0.3
London,london,0xc30c28125efab561634335757946b504f1ab6d889e01d766f976309b74ba9931,Will the highest temperature in London be 15°C on March 21?,2026-03-21,2026-03-19 07:19:07.089888+00:00,1.7,15.0,13.7,1.2,0.293,0.3518,0.225,-0.0588,0.0588,No,0.707,0.6482,1247.0264,359.123667,0.0295,4,14.0,13.7,-0.3
London,london,0x5deb52e6bc612104eb16c1567c7fc07499c37c420a51ee66c7df788d1bb3e15c,Will the highest temperature in London be 17°C on March 21?,2026-03-21,2026-03-19 07:19:07.089888+00:00,1.7,17.0,13.7,1.2,0.0143,0.0461,0.0295,-0.0319,0.0319,No,0.9857,0.9539,1533.38881,279.395981,0.0295,4,14.0,13.7,-0.3
London,london,0xbd711428f90f740c45c94aa59b5d44bc648166a57c2adf2c18b8c53e1cfaffc0,Will the highest temperature in London be 14°C on March 21?,2026-03-21,2026-03-19 07:19:07.089888+00:00,1.7,14.0,13.7,1.2,0.495,0.4535,0.29,0.0415,0.0415,Yes,0.495,0.4535,1174.4722,353.192588,0.0295,4,14.0,13.7,-0.3
London,london,0xac028d3beb92b9bcc752e9ec33ef73cf18bd690d80764a93a5514a79bfa2aa02,Will the highest temperature in London be 11°C on March 21?,2026-03-21,2026-03-21 06:02:02.529183+00:00,-0.25,11.0,12.9,0.8,0.0531,0.0219,0.017,0.0312,0.0312,Yes,0.0531,0.0219,2898.31072,7824.504061,0.0176,5,13.0,12.9,-0.1
London,london,0xc30c28125efab561634335757946b504f1ab6d889e01d766f976309b74ba9931,Will the highest temperature in London be 15°C on March 21?,2026-03-21,2026-03-21 06:02:02.529183+00:00,-0.25,15.0,12.9,0.8,0.0304,0.0251,0.0195,0.0053,0.0053,Yes,0.0304,0.0251,1023.86358,6198.785810000002,0.0176,5,13.0,12.9,-0.1
London,london,0xce755d14e0723ed7b4d1379f658d5655721a3d09e19b5c8ea6cd845792991290,Will the highest temperature in London be 13°C on March 21?,2026-03-21,2026-03-21 06:02:02.529183+00:00,-0.25,13.0,12.9,0.8,0.6371,0.6628,0.515,-0.0257,0.0257,No,0.3629,0.3372,606.3327,6171.469725999999,0.0176,5,13.0,12.9,-0.1
London,london,0x85508cc93239c9152cf3347b8c56096296a69e62066b02db825f8402b4ec839c,Will the highest temperature in London be 9°C on March 21?,2026-03-21,2026-03-21 06:02:02.529183+00:00,-0.25,9.0,12.9,0.8,0.0,0.0006,0.0005,-0.0006,0.0006,No,1.0,0.9994,6363.52671,3343.9790000000003,0.0176,5,13.0,12.9,-0.1
London,london,0xbd711428f90f740c45c94aa59b5d44bc648166a57c2adf2c18b8c53e1cfaffc0,Will the highest temperature in London be 14°C on March 21?,2026-03-21,2026-03-21 06:02:02.529183+00:00,-0.25,14.0,12.9,0.8,0.2794,0.2896,0.225,-0.0101,0.0101,No,0.7206,0.7104,788.0776,5429.854798000001,0.0176,5,13.0,12.9,-0.1
London,london,0x9793d9a0812dfb13c156d9f85c6fc9fe00a1e718e156757fa265d35f7502fd85,Will the highest temperature in London be 11°C on March 22?,2026-03-22,2026-03-19 07:19:07.089868+00:00,2.7,11.0,13.0,1.6,0.3173,0.1613,0.0125,0.156,0.156,Yes,0.3173,0.1613,1782.70606,999.469735,0.0793,3,12.0,13.0,1.0
London,london,0x0c63b690167cbde02ac2ffdb2f89700035fb234814c2dd8a56f55ce6342cee5e,Will the highest temperature in London be 10°C on March 22?,2026-03-22,2026-03-19 07:19:07.089868+00:00,2.7,10.0,13.0,1.6,0.1232,0.1935,0.015,-0.0703,0.0703,No,0.8768,0.8065,1682.51164,902.47717,0.0793,3,12.0,13.0,1.0
London,london,0x58623aabeb345e4e988c5da194fb0e02e1b1609709fd444556150e4d708cd927,Will the highest temperature in London be 12°C on March 22?,2026-03-22,2026-03-19 07:19:07.089868+00:00,2.7,12.0,13.0,1.6,0.5595,0.6452,0.05,-0.0857,0.0857,No,0.4405,0.3548,1934.2607,897.2176100000001,0.0793,3,12.0,13.0,1.0
London,london,0x18834c5270d05a017adedc2d1d54c7d6d020d2acc780539f71636ea4d9645428,Will the highest temperature in London be 14°C on March 22?,2026-03-22,2026-03-21 12:02:04.116668+00:00,0.5,14.0,13.0,0.8,0.3213,0.3758,0.295,-0.0544,0.0544,No,0.6787,0.6242,2397.3578,2823.4731850000003,0.0459,3,13.0,13.0,0.0
London,london,0xb2ab38c920d31f40ef64503b3e320b8b2c1acdd472ef96ad3e72bc0a78de3d0b,Will the highest temperature in London be 15°C on March 22?,2026-03-22,2026-03-21 12:02:04.116668+00:00,0.5,15.0,13.0,0.8,0.0402,0.1083,0.085,-0.068,0.068,No,0.9598,0.8917,2493.0077,3767.261901,0.0459,3,13.0,13.0,0.0
London,london,0xa3ad99ec37982ad5ba140618ed98dca878f1168c858d85e4b6aa574fd018bc91,Will the highest temperature in London be 13°C on March 22?,2026-03-22,2026-03-21 12:02:04.116668+00:00,0.5,13.0,13.0,0.8,0.6384,0.5159,0.405,0.1225,0.1225,Yes,0.6384,0.5159,2136.1343,2442.82787,0.0459,3,13.0,13.0,0.0
London,london,0xb2ab38c920d31f40ef64503b3e320b8b2c1acdd472ef96ad3e72bc0a78de3d0b,Will the highest temperature in London be 15°C on March 22?,2026-03-22,2026-03-21 18:02:06.116606+00:00,0.25,15.0,13.0,0.8,0.1109,0.1235,0.0255,-0.0125,0.0125,No,0.8891,0.8765,2776.05797,5653.381348000002,0.0269,3,12.0,13.0,1.0
London,london,0x58623aabeb345e4e988c5da194fb0e02e1b1609709fd444556150e4d708cd927,Will the highest temperature in London be 12°C on March 22?,2026-03-22,2026-03-21 18:02:06.116606+00:00,0.25,12.0,13.0,0.8,0.8857,0.8402,0.1735,0.0455,0.0455,Yes,0.8857,0.8402,913.25963,3885.810739999999,0.0269,3,12.0,13.0,1.0
London,london,0xb807ebced58c8a1fe4920105cc3471136c21d28ca92643d1d16940bc636521af,Will the highest temperature in London be 16°C on March 22?,2026-03-22,2026-03-21 18:02:06.116606+00:00,0.25,16.0,13.0,0.8,0.0033,0.0363,0.0075,-0.033,0.033,No,0.9967,0.9637,2137.37082,3569.657709,0.0269,3,12.0,13.0,1.0
London,london,0x624c052040242fa1c2a9e21a3c0d0ed97ad210619381de42c21cf4b4e34a8dd4,Will the highest temperature in London be 16°C on March 23?,2026-03-23,2026-03-21 06:02:02.529303+00:00,1.75,16.0,14.4,1.2,0.234,0.1744,0.094,0.0596,0.0596,Yes,0.234,0.1744,1104.44703,415.164632,0.125,3,13.0,14.4,1.4
London,london,0xef8436832e2e9beee6be2d363f201048b59f5777de734960aaa8f7d3f65303f0,Will the highest temperature in London be 15°C on March 23?,2026-03-23,2026-03-21 06:02:02.529303+00:00,1.75,15.0,14.4,1.2,0.4812,0.2968,0.16,0.1844,0.1844,Yes,0.4812,0.2968,1612.7127,373.65711099999993,0.125,3,13.0,14.4,1.4
London,london,0x6e5e5cca4f4f55d2554baa134176745287d3c95a3a861ad8ff763d5d4c19346b,Will the highest temperature in London be 13°C on March 23?,2026-03-23,2026-03-21 06:02:02.529303+00:00,1.75,13.0,14.4,1.2,0.2848,0.5288,0.285,-0.2439,0.2439,No,0.7152,0.4712,903.831,454.187139,0.125,3,13.0,14.4,1.4
London,london,0xef8436832e2e9beee6be2d363f201048b59f5777de734960aaa8f7d3f65303f0,Will the highest temperature in London be 15°C on March 23?,2026-03-23,2026-03-21 12:02:04.116602+00:00,1.5,15.0,13.0,1.2,0.1319,0.2,0.175,-0.0681,0.0681,No,0.8681,0.8,1217.0699,429.9453410000001,0.1201,4,14.0,13.0,-1.0
London,london,0x624c052040242fa1c2a9e21a3c0d0ed97ad210619381de42c21cf4b4e34a8dd4,Will the highest temperature in London be 16°C on March 23?,2026-03-23,2026-03-21 12:02:04.116602+00:00,1.5,16.0,13.0,1.2,0.0255,0.0857,0.075,-0.0602,0.0602,No,0.9745,0.9143,1184.24744,147.102178,0.1201,4,14.0,13.0,-1.0
London,london,0x6e5e5cca4f4f55d2554baa134176745287d3c95a3a861ad8ff763d5d4c19346b,Will the highest temperature in London be 13°C on March 23?,2026-03-23,2026-03-21 12:02:04.116602+00:00,1.5,13.0,13.0,1.2,0.4897,0.2743,0.24,0.2154,0.2154,Yes,0.4897,0.2743,1205.0087,423.177079,0.1201,4,14.0,13.0,-1.0
London,london,0x7f0e782e2f60487fc53495a769f4559de745b5175113b8ffd197d038d170167e,Will the highest temperature in London be 14°C on March 23?,2026-03-23,2026-03-21 12:02:04.116602+00:00,1.5,14.0,13.0,1.2,0.3529,0.44,0.385,-0.0871,0.0871,No,0.6471,0.56,690.7764,340.721711,0.1201,4,14.0,13.0,-1.0
London,london,0x887290b86db907bf71381a877a560ceffb5c6af1511ad2a99e13aa4af136156e,Will the highest temperature in London be 17°C on March 24?,2026-03-24,2026-03-20 18:02:04.119990+00:00,3.25,17.0,15.3,2.0,0.3125,0.2567,0.135,0.0559,0.0559,Yes,0.3125,0.2567,680.1486,96.852803,0.0124,4,15.0,15.3,0.3
London,london,0xf6a0cfe4bd8d2b3cf3b476ad5efaf7599e3d3379001ab25b2cbb43ae06354f7a,Will the highest temperature in London be 15°C on March 24?,2026-03-24,2026-03-20 18:02:04.119990+00:00,3.25,15.0,15.3,2.0,0.4403,0.4563,0.24,-0.016,0.016,No,0.5597,0.5437,722.5585,95.98334,0.0124,4,15.0,15.3,0.3
London,london,0xbd6fa21a3a72e9e9f7eeac5eb823b93000eabfcb94948eba461a948e22b363de,Will the highest temperature in London be 10°C on March 24?,2026-03-24,2026-03-20 18:02:04.119990+00:00,3.25,10.0,15.3,2.0,0.0143,0.0304,0.016,-0.0161,0.0161,No,0.9857,0.9696,1300.24441,710.1915139999999,0.0124,4,15.0,15.3,0.3
London,london,0x39151c09788af7905b3278c567b0c5c942f3e4d4b54e7dc312e52cc066d3426b,Will the highest temperature in London be 13°C on March 24?,2026-03-24,2026-03-20 18:02:04.119990+00:00,3.25,13.0,15.3,2.0,0.2329,0.2567,0.135,-0.0237,0.0237,No,0.7671,0.7433,583.9476,68.60000000000001,0.0124,4,15.0,15.3,0.3
London,london,0xc0bb95fcf7fe52be303254e47fd8065cedb1530e9629fc8021f5ce0ca3dd8a0f,Will the highest temperature in London be 14°C on March 24?,2026-03-24,2026-03-22 06:02:05.981428+00:00,1.75,14.0,13.8,1.2,0.5987,0.3717,0.26,0.227,0.227,Yes,0.5987,0.3717,1005.7219,647.936091,0.1455,4,15.0,13.8,-1.2
London,london,0xf6a0cfe4bd8d2b3cf3b476ad5efaf7599e3d3379001ab25b2cbb43ae06354f7a,Will the highest temperature in London be 15°C on March 24?,2026-03-24,2026-03-22 06:02:05.981428+00:00,1.75,15.0,13.8,1.2,0.3784,0.4932,0.345,-0.1148,0.1148,No,0.6216,0.5068,931.1334,522.92219,0.1455,4,15.0,13.8,-1.2
London,london,0xb8970ae69a0ea9bd633d8b269d34551b4cd37c4a62ba309e6ed4b29cc1887e69,Will the highest temperature in London be 18°C on March 24?,2026-03-24,2026-03-22 06:02:05.981428+00:00,1.75,18.0,13.8,1.2,0.0018,0.025,0.0175,-0.0232,0.0232,No,0.9982,0.975,1378.25235,522.1761589999999,0.1455,4,15.0,13.8,-1.2
London,london,0x887290b86db907bf71381a877a560ceffb5c6af1511ad2a99e13aa4af136156e,Will the highest temperature in London be 17°C on March 24?,2026-03-24,2026-03-22 06:02:05.981428+00:00,1.75,17.0,13.8,1.2,0.021,0.1101,0.077,-0.089,0.089,No,0.979,0.8899,1329.68904,468.484643,0.1455,4,15.0,13.8,-1.2
London,london,0xf6a0cfe4bd8d2b3cf3b476ad5efaf7599e3d3379001ab25b2cbb43ae06354f7a,Will the highest temperature in London be 15°C on March 24?,2026-03-24,2026-03-22 12:02:06.707733+00:00,1.5,15.0,14.0,1.2,0.5264,0.5945,0.365,-0.068,0.068,No,0.4736,0.4055,891.2833,712.5964960000001,0.1522,6,15.0,14.0,-1.0
London,london,0xb8970ae69a0ea9bd633d8b269d34551b4cd37c4a62ba309e6ed4b29cc1887e69,Will the highest temperature in London be 18°C on March 24?,2026-03-24,2026-03-22 12:02:06.707733+00:00,1.5,18.0,14.0,1.2,0.0038,0.0415,0.0255,-0.0377,0.0377,No,0.9962,0.9585,1556.61459,510.945359,0.1522,6,15.0,14.0,-1.0
London,london,0x8790694c138ee5e3b0e0a8986dc8fd6300254467fa59d54e72e3ed5eabaaf823,Will the highest temperature in London be 16°C on March 24?,2026-03-24,2026-03-22 12:02:06.707733+00:00,1.5,16.0,14.0,1.2,0.1968,0.2199,0.135,-0.0231,0.0231,No,0.8032,0.7801,1458.195,598.3171649999999,0.1522,6,15.0,14.0,-1.0
London,london,0x887290b86db907bf71381a877a560ceffb5c6af1511ad2a99e13aa4af136156e,Will the highest temperature in London be 17°C on March 24?,2026-03-24,2026-03-22 12:02:06.707733+00:00,1.5,17.0,14.0,1.2,0.0381,0.0464,0.0285,-0.0083,0.0083,No,0.9619,0.9536,1428.50327,538.055993,0.1522,6,15.0,14.0,-1.0
London,london,0x07683d91ff8fa1ff2dc6ee7f6802f6d80acac21dfc35a7a34ab3b4c2ac01b4e2,Will the highest temperature in London be 11°C on March 24?,2026-03-24,2026-03-22 12:02:06.707733+00:00,1.5,11.0,14.0,1.2,0.0381,0.0456,0.028,-0.0075,0.0075,No,0.9619,0.9544,1443.08288,535.459425,0.1522,6,15.0,14.0,-1.0
London,london,0x09955db89cab5567cac573d2552f598a7c44b1716d081115f04b30f224c496b7,Will the highest temperature in London be 12°C on March 24?,2026-03-24,2026-03-22 12:02:06.707733+00:00,1.5,12.0,14.0,1.2,0.1968,0.0521,0.032,0.1447,0.1447,Yes,0.1968,0.0521,1474.86882,498.447943,0.1522,6,15.0,14.0,-1.0
London,london,0xe54e177e7ac759f850e7336dd63ac26a26b39252d99e026f991eeec97c20210f,Will the highest temperature in London be 11°C on March 25?,2026-03-25,2026-03-22 06:02:05.981487+00:00,2.75,11.0,10.2,1.6,0.9614,0.9812,0.235,-0.0198,0.0198,No,0.0386,0.0188,476.9699,728.128483,0.0082,2,11.0,10.2,-0.8
London,london,0x339770e0abdc6e3b87249b53582c071e57bf2638813fc0e22c88eb7bf282fcfa,Will the highest temperature in London be 6°C on March 25?,2026-03-25,2026-03-22 06:02:05.981487+00:00,2.75,6.0,10.2,1.6,0.0386,0.0188,0.0045,0.0198,0.0198,Yes,0.0386,0.0188,1107.956,677.494835,0.0082,2,11.0,10.2,-0.8
London,london,0x339770e0abdc6e3b87249b53582c071e57bf2638813fc0e22c88eb7bf282fcfa,Will the highest temperature in London be 6°C on March 25?,2026-03-25,2026-03-22 12:02:06.707791+00:00,2.5,6.0,10.5,1.6,0.0222,0.02,0.0045,0.0022,0.0022,Yes,0.0222,0.02,1004.53541,785.242435,0.0001,2,11.0,10.5,-0.5
London,london,0xe54e177e7ac759f850e7336dd63ac26a26b39252d99e026f991eeec97c20210f,Will the highest temperature in London be 11°C on March 25?,2026-03-25,2026-03-22 12:02:06.707791+00:00,2.5,11.0,10.5,1.6,0.9778,0.98,0.22,-0.0022,0.0022,No,0.0222,0.02,1148.9152,734.608483,0.0001,2,11.0,10.5,-0.5
London,london,0x339770e0abdc6e3b87249b53582c071e57bf2638813fc0e22c88eb7bf282fcfa,Will the highest temperature in London be 6°C on March 25?,2026-03-25,2026-03-22 18:02:05.593775+00:00,2.25,6.0,9.7,1.6,0.0709,0.0127,0.0045,0.0582,0.0582,Yes,0.0709,0.0127,819.311,379.462,0.0656,2,10.0,9.7,-0.3
London,london,0xbc240fc45c39e81e80505f8662385e0414a822bac1e013e5e519de5e1662f541,Will the highest temperature in London be 10°C on March 25?,2026-03-25,2026-03-22 18:02:05.593775+00:00,2.25,10.0,9.7,1.6,0.9291,0.9873,0.35,-0.0582,0.0582,No,0.0709,0.0127,641.0968,579.070071,0.0656,2,10.0,9.7,-0.3
Seoul,seoul,0x9addb7b2488588378c0c32dd900462d900bb5fe83e3bbf128496fccbce8b82ce,Will the highest temperature in Seoul be 11°C on March 18?,2026-03-18,2026-03-17 23:09:23.130304+00:00,0.04,11.0,7.2,0.8,0.0004,0.0612,0.017,-0.0608,0.0608,No,0.9996,0.9388,1410.55859,6648.330485999999,0.1241,3,9.0,7.2,-1.8
Seoul,seoul,0xf86d67ea68df5864d9fe1e4e709d0fbd064b606502e31457800f0959fee371f1,Will the highest temperature in Seoul be 12°C on March 18?,2026-03-18,2026-03-17 23:09:23.130304+00:00,0.04,12.0,7.2,0.8,0.0,0.0576,0.016,-0.0576,0.0576,No,1.0,0.9424,1503.5963,5102.908722,0.1241,3,9.0,7.2,-1.8
Seoul,seoul,0xc8d185151133f9bfa0346d9773804d8a3981d6b93c492b75b38df666a5389a68,Will the highest temperature in Seoul be 9°C on March 18?,2026-03-18,2026-03-17 23:09:23.130304+00:00,0.04,9.0,7.2,0.8,0.9996,0.8813,0.245,0.1183,0.1183,Yes,0.9996,0.8813,1153.5979,5378.969285000003,0.1241,3,9.0,7.2,-1.8
Seoul,seoul,0xbfac942af7cdd277dbb177bb5e790b1f0690eaf0012ff6ae413cede38ae0edde,Will the highest temperature in Seoul be 8°C on March 18?,2026-03-18,2026-03-17 23:19:41.987045+00:00,0.03,8.0,7.2,0.8,0.8577,0.6255,0.43,0.2322,0.2322,Yes,0.8577,0.6255,910.534,5982.224889,0.1519,4,8.0,7.2,-0.8
Seoul,seoul,0x9addb7b2488588378c0c32dd900462d900bb5fe83e3bbf128496fccbce8b82ce,Will the highest temperature in Seoul be 11°C on March 18?,2026-03-18,2026-03-17 23:19:41.987045+00:00,0.03,11.0,7.2,0.8,0.0001,0.024,0.0165,-0.0239,0.0239,No,0.9999,0.976,1394.82588,6667.630485999998,0.1519,4,8.0,7.2,-0.8
Seoul,seoul,0xf86d67ea68df5864d9fe1e4e709d0fbd064b606502e31457800f0959fee371f1,Will the highest temperature in Seoul be 12°C on March 18?,2026-03-18,2026-03-17 23:19:41.987045+00:00,0.03,12.0,7.2,0.8,0.0,0.0233,0.016,-0.0233,0.0233,No,1.0,0.9767,1537.96976,5082.907289000001,0.1519,4,8.0,7.2,-0.8
Seoul,seoul,0xc8d185151133f9bfa0346d9773804d8a3981d6b93c492b75b38df666a5389a68,Will the highest temperature in Seoul be 9°C on March 18?,2026-03-18,2026-03-17 23:19:41.987045+00:00,0.03,9.0,7.2,0.8,0.1423,0.3273,0.225,-0.185,0.185,No,0.8577,0.6727,1326.4779,5460.549285000002,0.1519,4,8.0,7.2,-0.8
Seoul,seoul,0x8af00e53341bf527ee9b5587cc1e82b4f2b74aacd94a5975a4302ba7c13ef8f1,Will the highest temperature in Seoul be 6°C on March 19?,2026-03-19,2026-03-18 18:01:03.223453+00:00,0.25,6.0,9.1,0.8,0.0146,0.2149,0.013,-0.2003,0.2003,No,0.9854,0.7851,1063.60056,7735.646792,0.1846,2,11.0,9.1,-1.9
Seoul,seoul,0x22481955913372f68ca48f8909393813abafac2fb2a2739c0908b1d71cd47382,Will the highest temperature in Seoul be 11°C on March 19?,2026-03-19,2026-03-18 18:01:03.223453+00:00,0.25,11.0,9.1,0.8,0.9854,0.7851,0.0475,0.2003,0.2003,Yes,0.9854,0.7851,1731.26401,7018.155730000001,0.1846,2,11.0,9.1,-1.9
Seoul,seoul,0xab8ff18175955f372939e8a6dfeef9191c85e1c2ff18322d066a2afc356d5dc0,Will the highest temperature in Seoul be 6°C on March 20?,2026-03-20,2026-03-19 18:01:11.143462+00:00,0.25,6.0,12.0,0.8,0.0,0.0018,0.0005,-0.0018,0.0018,No,1.0,0.9982,3267.48324,6413.567851000002,1.0259,5,10.0,12.0,2.0
Seoul,seoul,0x28471367123bb574045f308a973620a3b9a42b6ec3093083105aac9613d2d48d,Will the highest temperature in Seoul be 7°C on March 20?,2026-03-20,2026-03-19 18:01:11.143462+00:00,0.25,7.0,12.0,0.8,0.0,0.0143,0.004,-0.0143,0.0143,No,1.0,0.9857,2330.61761,6736.897778000002,1.0259,5,10.0,12.0,2.0
Seoul,seoul,0x52c96889da6e24ac2d9163b909c856e608127bc8e6a41d20dd3ae2348260e38e,Will the highest temperature in Seoul be 13°C on March 20?,2026-03-20,2026-03-19 18:01:11.143462+00:00,0.25,13.0,12.0,0.8,0.7997,0.1907,0.0535,0.609,0.609,Yes,0.7997,0.1907,488.30124,5541.813776000002,1.0259,5,10.0,12.0,2.0
Seoul,seoul,0x85d3a575efe33c289023e4f659e74f2a9d8c3579512e5f00de1443f2af816916,Will the highest temperature in Seoul be 14°C on March 20?,2026-03-20,2026-03-19 18:01:11.143462+00:00,0.25,14.0,12.0,0.8,0.1002,0.0446,0.0125,0.0556,0.0556,Yes,0.1002,0.0446,984.34004,5666.244025,1.0259,5,10.0,12.0,2.0
Seoul,seoul,0xc06bb60be7cd70ea277107e3e222dc85d594fd0f503f944bf2d2fe270bc32c2f,Will the highest temperature in Seoul be 10°C on March 20?,2026-03-20,2026-03-19 18:01:11.143462+00:00,0.25,10.0,12.0,0.8,0.1002,0.7487,0.21,-0.6485,0.6485,No,0.8998,0.2513,808.3606,5526.783953000002,1.0259,5,10.0,12.0,2.0
Seoul,seoul,0x3355ac34f80da3799018b692486f2e29a5556e287435e870b8361ec404832dd5,Will the highest temperature in Seoul be 12°C on March 21?,2026-03-21,2026-03-18 18:01:03.223588+00:00,2.25,12.0,14.4,1.6,0.7032,0.2505,0.205,0.4527,0.4527,Yes,0.7032,0.2505,1421.2433,810.4060199999999,0.5884,5,11.0,14.4,3.4
Seoul,seoul,0x4b4d0bf48a01f2ac1c2a26737fab81c5dd40d6acc6b037e2e993ecb0db4b3a05,Will the highest temperature in Seoul be 9°C on March 21?,2026-03-21,2026-03-18 18:01:03.223588+00:00,2.25,9.0,14.4,1.6,0.0084,0.2199,0.18,-0.2115,0.2115,No,0.9916,0.7801,1555.5198,757.4112879999999,0.5884,5,11.0,14.4,3.4
Seoul,seoul,0x7fda9f350653a2ad7cb568a5c51311d5c258367ee64bd31f4b3e64107f343c15,Will the highest temperature in Seoul be 10°C on March 21?,2026-03-21,2026-03-18 18:01:03.223588+00:00,2.25,10.0,14.4,1.6,0.0536,0.2077,0.17,-0.1541,0.1541,No,0.9464,0.7923,1472.0809,736.790081,0.5884,5,11.0,14.4,3.4
Seoul,seoul,0x16debe72e3ee3f972c2a875e3d330242575066300ef23c8a12679412867b2b97,Will the highest temperature in Seoul be 11°C on March 21?,2026-03-21,2026-03-18 18:01:03.223588+00:00,2.25,11.0,14.4,1.6,0.2347,0.2749,0.225,-0.0402,0.0402,No,0.7653,0.7251,1418.5904,706.043171,0.5884,5,11.0,14.4,3.4
Seoul,seoul,0xec0bb210009af3ad82cf3b97c76d717f01df323c7ebf6b9f66aee21c15c608d9,Will the highest temperature in Seoul be 7°C on March 21?,2026-03-21,2026-03-18 18:01:03.223588+00:00,2.25,7.0,14.4,1.6,0.0001,0.047,0.0385,-0.047,0.047,No,0.9999,0.953,1395.61816,665.069937,0.5884,5,11.0,14.4,3.4
Seoul,seoul,0xd35d0aec6505830420d8d0688a8c585b3010c7c296632a6ef3442f3be6f840c9,Will the highest temperature in Seoul be 14°C or higher on March 21?,2026-03-21,2026-03-18 18:01:03.223588+00:00,2.25,14.0,14.4,1.6,0.5987,0.095,0.095,0.5037,0.5037,Yes,0.5987,0.095,1169.1749,769.4262239999999,0.5884,5,11.0,14.4,3.4
Seoul,seoul,0x3355ac34f80da3799018b692486f2e29a5556e287435e870b8361ec404832dd5,Will the highest temperature in Seoul be 12°C on March 21?,2026-03-21,2026-03-18 18:14:35.121398+00:00,2.24,12.0,12.9,1.6,0.7664,0.3445,0.21,0.4218,0.4218,Yes,0.7664,0.3445,1338.2397,808.4060199999999,0.4272,4,12.0,12.9,0.9
Seoul,seoul,0x4b4d0bf48a01f2ac1c2a26737fab81c5dd40d6acc6b037e2e993ecb0db4b3a05,Will the highest temperature in Seoul be 9°C on March 21?,2026-03-21,2026-03-18 18:14:35.121398+00:00,2.24,9.0,12.9,1.6,0.0503,0.2871,0.175,-0.2368,0.2368,No,0.9497,0.7129,1507.4813,755.4112879999999,0.4272,4,12.0,12.9,0.9
Seoul,seoul,0x7fda9f350653a2ad7cb568a5c51311d5c258367ee64bd31f4b3e64107f343c15,Will the highest temperature in Seoul be 10°C on March 21?,2026-03-21,2026-03-18 18:14:35.121398+00:00,2.24,10.0,12.9,1.6,0.1821,0.3035,0.185,-0.1214,0.1214,No,0.8179,0.6965,1489.6161,744.790081,0.4272,4,12.0,12.9,0.9
Seoul,seoul,0xec0bb210009af3ad82cf3b97c76d717f01df323c7ebf6b9f66aee21c15c608d9,Will the highest temperature in Seoul be 7°C on March 21?,2026-03-21,2026-03-18 18:14:35.121398+00:00,2.24,7.0,12.9,1.6,0.0012,0.0648,0.0395,-0.0636,0.0636,No,0.9988,0.9352,1358.11916,663.069937,0.4272,4,12.0,12.9,0.9
Seoul,seoul,0xd35d0aec6505830420d8d0688a8c585b3010c7c296632a6ef3442f3be6f840c9,Will the highest temperature in Seoul be 14°C or higher on March 21?,2026-03-21,2026-03-18 18:14:35.121398+00:00,2.24,14.0,12.9,1.6,0.2459,0.095,0.095,0.1509,0.1509,Yes,0.2459,0.095,1163.1197,772.9262239999999,0.4272,4,12.0,12.9,0.9
Seoul,seoul,0xe98a85d1fd0fee904365e5a97cad6e91f034b205d099ac12314f37695c2dd201,Will the highest temperature in Seoul be 8°C on March 21?,2026-03-21,2026-03-20 12:01:02.633437+00:00,0.5,8.0,12.1,0.8,0.0001,0.0483,0.0145,-0.0481,0.0481,No,0.9999,0.9517,3614.08508,7356.687767999999,0.2464,4,10.0,12.1,2.1
Seoul,seoul,0x4b4d0bf48a01f2ac1c2a26737fab81c5dd40d6acc6b037e2e993ecb0db4b3a05,Will the highest temperature in Seoul be 9°C on March 21?,2026-03-21,2026-03-20 12:01:02.633437+00:00,0.5,9.0,12.1,0.8,0.0252,0.2146,0.0645,-0.1894,0.1894,No,0.9748,0.7854,2469.83637,6353.246806999998,0.2464,4,10.0,12.1,2.1
Seoul,seoul,0xec0bb210009af3ad82cf3b97c76d717f01df323c7ebf6b9f66aee21c15c608d9,Will the highest temperature in Seoul be 7°C on March 21?,2026-03-21,2026-03-20 12:01:02.633437+00:00,0.5,7.0,12.1,0.8,0.0,0.0216,0.0065,-0.0216,0.0216,No,1.0,0.9784,1814.81603,5845.819928999999,0.2464,4,10.0,12.1,2.1
Seoul,seoul,0x7fda9f350653a2ad7cb568a5c51311d5c258367ee64bd31f4b3e64107f343c15,Will the highest temperature in Seoul be 10°C on March 21?,2026-03-21,2026-03-20 12:01:02.633437+00:00,0.5,10.0,12.1,0.8,0.9746,0.7155,0.215,0.2592,0.2592,Yes,0.9746,0.7155,1308.0863,5254.928059999999,0.2464,4,10.0,12.1,2.1
Seoul,seoul,0x7fda9f350653a2ad7cb568a5c51311d5c258367ee64bd31f4b3e64107f343c15,Will the highest temperature in Seoul be 10°C on March 21?,2026-03-21,2026-03-20 18:01:02.993269+00:00,0.25,10.0,12.0,0.8,0.1113,0.6788,0.205,-0.5675,0.5675,No,0.8887,0.3212,782.6415,7005.042804,0.7454,4,10.0,12.0,2.0
Seoul,seoul,0xfd9dd52a3f938d014019d410924464c0d2dd5f435e30a27d5fc8aac574e670d1,Will the highest temperature in Seoul be 5°C on March 21?,2026-03-21,2026-03-20 18:01:02.993269+00:00,0.25,5.0,12.0,0.8,0.0,0.005,0.0015,-0.005,0.005,No,1.0,0.995,1633.80325,4984.299099999999,0.7454,4,10.0,12.0,2.0
Seoul,seoul,0xb892706d8b722142e5545305b6971debba1a97ec0480a6f7dbcbb690d20f1e32,Will the highest temperature in Seoul be 13°C on March 21?,2026-03-21,2026-03-20 18:01:02.993269+00:00,0.25,13.0,12.0,0.8,0.8887,0.3063,0.0925,0.5824,0.5824,Yes,0.8887,0.3063,682.11353,4950.385356000001,0.7454,4,10.0,12.0,2.0
Seoul,seoul,0xe2a197f96a5ead788676a70599176e3819890c8b177393164601997071d580c6,Will the highest temperature in Seoul be 6°C on March 21?,2026-03-21,2026-03-20 18:01:02.993269+00:00,0.25,6.0,12.0,0.8,0.0,0.0099,0.003,-0.0099,0.0099,No,1.0,0.9901,781.34634,3535.622178,0.7454,4,10.0,12.0,2.0
Seoul,seoul,0xc38d87c396a16e0873a5a2e6d5743f709cf703b0f81ac20a932b8c439f222ba2,Will the highest temperature in Seoul be 6°C on March 22?,2026-03-22,2026-03-19 07:18:06.323267+00:00,2.7,6.0,15.9,1.6,0.0,0.031,0.0115,-0.031,0.031,No,1.0,0.969,2202.61676,971.8648210000002,0.3918,3,11.0,15.9,4.9
Seoul,seoul,0x997d15131431909ef5165618bce65c081a00a7e9e1676254397c8d7e8e644626,Will the highest temperature in Seoul be 12°C on March 22?,2026-03-22,2026-03-19 07:18:06.323267+00:00,2.7,12.0,15.9,1.6,0.841,0.4172,0.155,0.4238,0.4238,Yes,0.841,0.4172,3276.7034,940.1783040000004,0.3918,3,11.0,15.9,4.9
Seoul,seoul,0xf3a94481567220c785ccd8921991e9aa5d460469b60f02d610bb3e22ced13d63,Will the highest temperature in Seoul be 11°C on March 22?,2026-03-22,2026-03-19 07:18:06.323267+00:00,2.7,11.0,15.9,1.6,0.159,0.5518,0.205,-0.3929,0.3929,No,0.841,0.4482,2174.5437,669.857699,0.3918,3,11.0,15.9,4.9
Seoul,seoul,0xf3a94481567220c785ccd8921991e9aa5d460469b60f02d610bb3e22ced13d63,Will the highest temperature in Seoul be 11°C on March 22?,2026-03-22,2026-03-19 12:01:02.373239+00:00,2.5,11.0,16.4,1.6,0.8971,0.6024,0.175,0.2947,0.2947,Yes,0.8971,0.6024,2236.1804,836.3428880000002,0.2314,3,11.0,16.4,5.4
Seoul,seoul,0xcb431df52073d98c9354a83b3c504453451ecdd1f592b4f861155da88d72f008,Will the highest temperature in Seoul be 9°C on March 22?,2026-03-22,2026-03-19 12:01:02.373239+00:00,2.5,9.0,16.4,1.6,0.007,0.105,0.0305,-0.098,0.098,No,0.993,0.895,1822.04968,680.034079,0.2314,3,11.0,16.4,5.4
Seoul,seoul,0x9297d7e52a2b62b37981011969c8d7b7229e8924a24200634e967aac7d75dddc,Will the highest temperature in Seoul be 10°C on March 22?,2026-03-22,2026-03-19 12:01:02.373239+00:00,2.5,10.0,16.4,1.6,0.0959,0.2926,0.085,-0.1967,0.1967,No,0.9041,0.7074,2279.5508,729.261816,0.2314,3,11.0,16.4,5.4
Seoul,seoul,0x9297d7e52a2b62b37981011969c8d7b7229e8924a24200634e967aac7d75dddc,Will the highest temperature in Seoul be 10°C on March 22?,2026-03-22,2026-03-21 06:01:02.575598+00:00,0.75,10.0,15.2,0.8,0.0,0.0906,0.0135,-0.0906,0.0906,No,1.0,0.9094,3516.83707,6726.489846999997,0.532,3,12.0,15.2,3.2
Seoul,seoul,0x997d15131431909ef5165618bce65c081a00a7e9e1676254397c8d7e8e644626,Will the highest temperature in Seoul be 12°C on March 22?,2026-03-22,2026-03-21 06:01:02.575598+00:00,0.75,12.0,15.2,0.8,0.9949,0.5705,0.085,0.4245,0.4245,Yes,0.9949,0.5705,2231.9659,4547.467447999998,0.532,3,12.0,15.2,3.2
Seoul,seoul,0xf3a94481567220c785ccd8921991e9aa5d460469b60f02d610bb3e22ced13d63,Will the highest temperature in Seoul be 11°C on March 22?,2026-03-22,2026-03-21 06:01:02.575598+00:00,0.75,11.0,15.2,0.8,0.0051,0.3389,0.0505,-0.3339,0.3339,No,0.9949,0.6611,3287.30328,4906.534828,0.532,3,12.0,15.2,3.2
Seoul,seoul,0x9ee43fd1627891a45c18fd692d0045f9cfab89bc3111a2ae254537411adca85f,Will the highest temperature in Seoul be 13°C on March 22?,2026-03-22,2026-03-21 18:01:03.340121+00:00,0.25,13.0,14.7,0.8,1.0,0.9773,0.345,0.0227,0.0227,Yes,1.0,0.9773,657.0301,4124.631619000001,0.0229,3,13.0,14.7,1.7
Seoul,seoul,0xfb9a7f9d8ec9f85a381671f893b47832928e7fbdfd108973e603e14f0988ac34,Will the highest temperature in Seoul be 8°C on March 22?,2026-03-22,2026-03-21 18:01:03.340121+00:00,0.25,8.0,14.7,0.8,0.0,0.0113,0.004,-0.0113,0.0113,No,1.0,0.9887,6570.39162,5741.726584999999,0.0229,3,13.0,14.7,1.7
Seoul,seoul,0xcb431df52073d98c9354a83b3c504453451ecdd1f592b4f861155da88d72f008,Will the highest temperature in Seoul be 9°C on March 22?,2026-03-22,2026-03-21 18:01:03.340121+00:00,0.25,9.0,14.7,0.8,0.0,0.0113,0.004,-0.0113,0.0113,No,1.0,0.9887,3560.18377,5371.014082000003,0.0229,3,13.0,14.7,1.7
Seoul,seoul,0xbb0d9b47c71566302c7a9f6a3e53a44fe4e9e3d8f54dd3a6360e02d535bd275f,Will the highest temperature in Seoul be 11°C on March 23?,2026-03-23,2026-03-20 06:01:03.052792+00:00,2.75,11.0,18.4,1.6,0.0002,0.0792,0.065,-0.079,0.079,No,0.9998,0.9208,1681.0904,954.9089570000002,0.7385,7,15.0,18.4,3.4
Seoul,seoul,0xaf2a25366fdcde272a2a348894fa1efd1d3cdda07761833d7076a9d1f627e8f0,Will the highest temperature in Seoul be 12°C on March 23?,2026-03-23,2026-03-20 06:01:03.052792+00:00,2.75,12.0,18.4,1.6,0.003,0.1219,0.1,-0.1189,0.1189,No,0.997,0.8781,1469.1494,837.053689,0.7385,7,15.0,18.4,3.4
Seoul,seoul,0x1f29e0d2b468553420dead291ff703fc723c23178708143686bb7d65c2ce20ab,Will the highest temperature in Seoul be 9°C on March 23?,2026-03-23,2026-03-20 06:01:03.052792+00:00,2.75,9.0,18.4,1.6,0.0,0.0213,0.0175,-0.0213,0.0213,No,1.0,0.9787,1823.27359,829.3414,0.7385,7,15.0,18.4,3.4
Seoul,seoul,0x989278accddf79ff348a2ae0ee7c8df48f3a685e390ba4b9cfe0179b04616f31,Will the highest temperature in Seoul be 15°C on March 23?,2026-03-23,2026-03-20 06:01:03.052792+00:00,2.75,15.0,18.4,1.6,0.7885,0.262,0.215,0.5264,0.5264,Yes,0.7885,0.262,1330.2969,817.484363,0.7385,7,15.0,18.4,3.4
Seoul,seoul,0x1e73d65ed6c93fb3f66124d571b2302a0797f8560a8b71f76a1e5017ed00fb3e,Will the highest temperature in Seoul be 14°C on March 23?,2026-03-23,2026-03-20 06:01:03.052792+00:00,2.75,14.0,18.4,1.6,0.1802,0.2498,0.205,-0.0697,0.0697,No,0.8198,0.7502,1145.9461,771.9019390000001,0.7385,7,15.0,18.4,3.4
Seoul,seoul,0xb39e59a4580b74f61220ab1533c47b38e7a8ff704444621a99e36e11be039c95,Will the highest temperature in Seoul be 10°C on March 23?,2026-03-23,2026-03-20 06:01:03.052792+00:00,2.75,10.0,18.4,1.6,0.0,0.0402,0.033,-0.0402,0.0402,No,1.0,0.9598,1586.75964,755.13026,0.7385,7,15.0,18.4,3.4
Seoul,seoul,0x0c04a4ddcc83d03961ccc3773c7ee6224f764a78daa6285d2ad658abfb098c89,Will the highest temperature in Seoul be 13°C on March 23?,2026-03-23,2026-03-20 06:01:03.052792+00:00,2.75,13.0,18.4,1.6,0.0282,0.2255,0.185,-0.1973,0.1973,No,0.9718,0.7745,1141.9373,690.430006,0.7385,7,15.0,18.4,3.4
Seoul,seoul,0x9ca45f5568878265b81bcb0b18da684e68b117cbac6528d1f7ff239d8ab19e93,Will the highest temperature in Seoul be 16°C or higher on March 23?,2026-03-23,2026-03-20 06:01:03.052792+00:00,2.75,16.0,18.4,1.6,0.9332,0.23,0.23,0.7032,0.7032,Yes,0.9332,0.23,1239.1437,838.626554,0.7385,7,15.0,18.4,3.4
Seoul,seoul,0x1e73d65ed6c93fb3f66124d571b2302a0797f8560a8b71f76a1e5017ed00fb3e,Will the highest temperature in Seoul be 14°C on March 23?,2026-03-23,2026-03-20 12:01:02.633476+00:00,2.5,14.0,17.5,1.6,0.2309,0.3248,0.19,-0.0939,0.0939,No,0.7691,0.6752,1159.5898,964.391939,0.5098,3,13.0,17.5,4.5
Seoul,seoul,0x989278accddf79ff348a2ae0ee7c8df48f3a685e390ba4b9cfe0179b04616f31,Will the highest temperature in Seoul be 15°C on March 23?,2026-03-23,2026-03-20 12:01:02.633476+00:00,2.5,15.0,17.5,1.6,0.7183,0.2735,0.16,0.4448,0.4448,Yes,0.7183,0.2735,1305.8142,927.458926,0.5098,3,13.0,17.5,4.5
Seoul,seoul,0x0c04a4ddcc83d03961ccc3773c7ee6224f764a78daa6285d2ad658abfb098c89,Will the highest temperature in Seoul be 13°C on March 23?,2026-03-23,2026-03-20 12:01:02.633476+00:00,2.5,13.0,17.5,1.6,0.0508,0.4017,0.235,-0.3509,0.3509,No,0.9492,0.5983,1047.6618,813.7208980000001,0.5098,3,13.0,17.5,4.5
Seoul,seoul,0x1f29e0d2b468553420dead291ff703fc723c23178708143686bb7d65c2ce20ab,Will the highest temperature in Seoul be 9°C on March 23?,2026-03-23,2026-03-22 06:01:05.192746+00:00,0.75,9.0,16.3,0.8,0.0,0.0849,0.0045,-0.0849,0.0849,No,1.0,0.9151,3855.37193,7366.446584000006,0.5858,5,13.0,16.3,3.3
Seoul,seoul,0xbb0d9b47c71566302c7a9f6a3e53a44fe4e9e3d8f54dd3a6360e02d535bd275f,Will the highest temperature in Seoul be 11°C on March 23?,2026-03-23,2026-03-22 06:01:05.192746+00:00,0.75,11.0,16.3,0.8,0.0,0.2075,0.011,-0.2075,0.2075,No,1.0,0.7925,4143.92568,6960.539542,0.5858,5,13.0,16.3,3.3
Seoul,seoul,0x0c04a4ddcc83d03961ccc3773c7ee6224f764a78daa6285d2ad658abfb098c89,Will the highest temperature in Seoul be 13°C on March 23?,2026-03-23,2026-03-22 06:01:05.192746+00:00,0.75,13.0,16.3,0.8,1.0,0.5566,0.0295,0.4434,0.4434,Yes,1.0,0.5566,1584.98911,5889.107702999999,0.5858,5,13.0,16.3,3.3
Seoul,seoul,0x2a2433b686f5156108cb8e4a0381a5875b73c1e0b06c7b5c7fabac371dc1899a,Will the highest temperature in Seoul be 7°C on March 23?,2026-03-23,2026-03-22 06:01:05.192746+00:00,0.75,7.0,16.3,0.8,0.0,0.066,0.0035,-0.066,0.066,No,1.0,0.934,4407.02342,5130.520453000002,0.5858,5,13.0,16.3,3.3
Seoul,seoul,0xba72358316b56149e8618151c5fd82d393ebb5682fa2bf8ec6ebb86d0dfe3ab4,Will the highest temperature in Seoul be 8°C on March 23?,2026-03-23,2026-03-22 06:01:05.192746+00:00,0.75,8.0,16.3,0.8,0.0,0.0849,0.0045,-0.0849,0.0849,No,1.0,0.9151,4421.34706,5984.513694,0.5858,5,13.0,16.3,3.3
Seoul,seoul,0x9ca45f5568878265b81bcb0b18da684e68b117cbac6528d1f7ff239d8ab19e93,Will the highest temperature in Seoul be 16°C or higher on March 23?,2026-03-23,2026-03-22 06:01:05.192746+00:00,0.75,16.0,16.3,0.8,0.6462,0.553,0.553,0.0932,0.0932,Yes,0.6462,0.553,869.57715,6238.693164999999,0.5858,5,13.0,16.3,3.3
Seoul,seoul,0xb50fd0e8569928782e0320442abd2f54bc84a08f080c51099709eac8719f9dcc,Will the highest temperature in Seoul be 12°C on March 24?,2026-03-24,2026-03-21 18:01:03.340057+00:00,2.25,12.0,14.7,1.6,0.2137,0.5268,0.275,-0.3131,0.3131,No,0.7863,0.4732,1184.9498,804.522387,0.3095,5,12.0,14.7,2.7
Seoul,seoul,0xdad7db1f1a727afde5eaae2ab62eb1f883b3e12910397549dad18aa12bbe9763,Will the highest temperature in Seoul be 6°C on March 24?,2026-03-24,2026-03-21 18:01:03.340057+00:00,2.25,6.0,14.7,1.6,0.0,0.0057,0.003,-0.0057,0.0057,No,1.0,0.9943,4038.35354,266.98400000000004,0.3095,5,12.0,14.7,2.7
Seoul,seoul,0x7edcb79902c810d6af4d9b22e04d4e0cf47a54133d6224ce439e184336669cf9,Will the highest temperature in Seoul be 7°C on March 24?,2026-03-24,2026-03-21 18:01:03.340057+00:00,2.25,7.0,14.7,1.6,0.0,0.0067,0.0035,-0.0067,0.0067,No,1.0,0.9933,2843.18437,274.648,0.3095,5,12.0,14.7,2.7
Seoul,seoul,0xed74085b44c46f9b4000f6d61388d86c60df28c27894fd51b983ea18223be444,Will the highest temperature in Seoul be 10°C on March 24?,2026-03-24,2026-03-21 18:01:03.340057+00:00,2.25,10.0,14.7,1.6,0.013,0.068,0.0355,-0.055,0.055,No,0.987,0.932,1263.24866,713.572162,0.3095,5,12.0,14.7,2.7
Seoul,seoul,0x88fe6ea3b427014bf03fecc285bebbb9c76fd946ee4039fa20d33e1649c1589b,Will the highest temperature in Seoul be 14°C on March 24?,2026-03-24,2026-03-21 18:01:03.340057+00:00,2.25,14.0,14.7,1.6,0.7733,0.3927,0.205,0.3805,0.3805,Yes,0.7733,0.3927,1086.2672,687.240416,0.3095,5,12.0,14.7,2.7
Seoul,seoul,0xe3cde051de2caa4536c5def43245454a94210c28dc5669ea4bdfeeac5c252bd2,Will the highest temperature in Seoul be 13°C on March 25?,2026-03-25,2026-03-22 12:01:04.636638+00:00,2.5,13.0,17.4,1.6,0.8648,0.425,0.085,0.4398,0.4398,Yes,0.8648,0.425,1322.9945,916.388565,0.4441,5,12.0,17.4,5.4
Seoul,seoul,0xa2ee8b4b108f0fb4f8f51da2e57de925648708fd7da12d9032d3992a3f2e117c,Will the highest temperature in Seoul be 9°C on March 25?,2026-03-25,2026-03-22 12:01:04.636638+00:00,2.5,9.0,17.4,1.6,0.0001,0.02,0.004,-0.0199,0.0199,No,0.9999,0.98,2095.59131,908.460283,0.4441,5,12.0,17.4,5.4
Seoul,seoul,0xde213579a3d0e0fa9f49e140df0b2678afeaedd70ae44b1a2f1b6c52232f2d88,Will the highest temperature in Seoul be 6°C on March 25?,2026-03-25,2026-03-22 12:01:04.636638+00:00,2.5,6.0,17.4,1.6,0.0,0.02,0.004,-0.02,0.02,No,1.0,0.98,3275.81491,576.4214999999999,0.4441,5,12.0,17.4,5.4
Seoul,seoul,0x941989ec826e20310f9a77bbbbba9efbfb59bdd21426b16bff7063e7b31a6f95,Will the highest temperature in Seoul be 8°C on March 25?,2026-03-25,2026-03-22 12:01:04.636638+00:00,2.5,8.0,17.4,1.6,0.0,0.06,0.012,-0.06,0.06,No,1.0,0.94,2485.61318,681.1121,0.4441,5,12.0,17.4,5.4
Seoul,seoul,0xd12b28aca75bd0b8287b4a4ac89ac3e58f097a75e20cc6181f5ba6e5e7ba6765,Will the highest temperature in Seoul be 12°C on March 25?,2026-03-25,2026-03-22 12:01:04.636638+00:00,2.5,12.0,17.4,1.6,0.1352,0.475,0.095,-0.3398,0.3398,No,0.8648,0.525,1471.9028,668.272566,0.4441,5,12.0,17.4,5.4
Seoul,seoul,0xb9e42f441488c1f168ee78a1703d64763a322aad2261277b343e5cc9a7d0063c,Will the highest temperature in Seoul be 10°C on March 25?,2026-03-25,2026-03-22 18:01:03.880689+00:00,2.25,10.0,17.3,1.6,0.0075,0.1202,0.0155,-0.1126,0.1126,No,0.9925,0.8798,1509.31138,654.3555139999999,0.3659,4,12.0,17.3,5.3
Seoul,seoul,0x941989ec826e20310f9a77bbbbba9efbfb59bdd21426b16bff7063e7b31a6f95,Will the highest temperature in Seoul be 8°C on March 25?,2026-03-25,2026-03-22 18:01:03.880689+00:00,2.25,8.0,17.3,1.6,0.0,0.0271,0.0035,-0.0271,0.0271,No,1.0,0.9729,2745.56775,327.537,0.3659,4,12.0,17.3,5.3
Seoul,seoul,0xd12b28aca75bd0b8287b4a4ac89ac3e58f097a75e20cc6181f5ba6e5e7ba6765,Will the highest temperature in Seoul be 12°C on March 25?,2026-03-25,2026-03-22 18:01:03.880689+00:00,2.25,12.0,17.3,1.6,0.8933,0.5039,0.065,0.3894,0.3894,Yes,0.8933,0.5039,1470.9491,707.4069249999999,0.3659,4,12.0,17.3,5.3
Seoul,seoul,0x4b88b7e550580e43ad4a99af7297d549e144e4c5d6fcd3aade0e1415b63ebe2d,Will the highest temperature in Seoul be 11°C on March 25?,2026-03-25,2026-03-22 18:01:03.880689+00:00,2.25,11.0,17.3,1.6,0.0992,0.3488,0.045,-0.2497,0.2497,No,0.9008,0.6512,1127.81369,521.704121,0.3659,4,12.0,17.3,5.3
