city,city_raw,condition_id,question,target_date,fetched_at,days_ahead,bin_temp_c,forecast_mu,forecast_sigma,forecast_prob,market_prob,market_prob_raw,edge,abs_edge,bet_side,our_prob,their_prob,liquidity,volume_24h,day_kl_div,n_bins,market_mode_c,forecast_mode_c,mode_shift_c,kelly,ev_per_$,score
HK,hong_kong,0x92441b73512f9a9e1fb0494540a9287d78c1f018aa6dbc6999ca5288aad5bbde,Will the highest temperature in Hong Kong be 25°C on March 22?,2026-03-22,2026-03-22 12:05:43.548307+00:00,-0.5,25.0,25.7,0.8,0.399,0.9895,0.9905,-0.5906,0.5906,No,0.601,0.0105,2218.9831,7442.595537,2.102,4,25.0,25.7,0.7,0.14919151086407276,56.238095238095234,inf
HK,hong_kong,0xdb79a414ea684c5abe6ab27be742ff17c17fcbe3fb81db76e8470203059c2f84,Will the highest temperature in Hong Kong be 26°C on March 22?,2026-03-22,2026-03-22 12:05:43.548307+00:00,-0.5,26.0,25.7,0.8,0.5249,0.009,0.009,0.5159,0.5159,Yes,0.5249,0.009,940.69473,5826.570744,2.102,4,25.0,25.7,0.7,0.130146316851665,57.32222222222223,inf
HK,hong_kong,0xa8acc7b7e4b13401b4944c50cc0f8e6d5b76426b9bc9db767a8f096a885b18e2,Will the highest temperature in Hong Kong be 26°C on March 23?,2026-03-23,2026-03-22 06:05:39.838544+00:00,0.75,26.0,27.0,0.8,0.8887,0.2813,0.135,0.6074,0.6074,Yes,0.8887,0.2813,482.3749,635.7568630000001,0.8267,5,25.0,27.0,2.0,0.15,2.159260575897618,3.003370712518236
HK,hong_kong,0xb443c3a6fde55c09f7c3db3ececccd7c6607ff6d2e90570fef6f0b07db14ba0e,Will the highest temperature in Hong Kong be 26°C on March 18?,2026-03-19,2026-03-18 08:11:21.603500+00:00,0.66,26.0,27.1,0.8,0.2949,0.0028,0.0015,0.292,0.292,Yes,0.2949,0.0028,2249.81718,9763.250503,1.1558,4,27.0,27.1,0.1,0.07323004412354592,104.32142857142857,1.9430708596107944
HK,hong_kong,0x2f9c0df936cace170f172584665399bc54d292e229bf7e5544a10cb72461591d,Will the highest temperature in Hong Kong be 22°C on March 19?,2026-03-20,2026-03-18 08:11:21.603531+00:00,1.66,22.0,24.1,1.2,0.6814,0.0547,0.0165,0.6267,0.6267,Yes,0.6814,0.0547,507.07019,894.1146729999999,1.6556,5,27.0,24.1,-2.9,0.15,11.457038391224863,1.8077450499586942
HK,hong_kong,0xf1ec7947fe462b705dde3f0e06e45aeab35e52938b602335003a4d484223005a,Will the highest temperature in Hong Kong be 27°C on March 18?,2026-03-19,2026-03-18 08:11:21.603500+00:00,0.66,27.0,27.1,0.8,0.6723,0.9784,0.52,-0.3061,0.3061,No,0.3277,0.0216,408.9231,7770.669707000001,1.1558,4,27.0,27.1,0.1,0.07821443172526574,14.171296296296296,1.5874899041243051
HK,hong_kong,0x7f25bd946c51904191ae4b698dfcc39ba9db84fbdf445b85bbd87484abe34a8f,Will the highest temperature in Hong Kong be 25°C on March 21?,2026-03-21,2026-03-20 06:05:33.843339+00:00,0.75,25.0,25.0,0.8,0.6643,0.3952,0.315,0.2691,0.2691,Yes,0.6643,0.3952,848.5597,626.403672,0.1732,5,24.0,25.0,1.0,0.11123511904761904,0.680921052631579,1.4520029373846204
HK,hong_kong,0xf4ad571f6354c6f9483f9dfe7dc575ff3ae899d5d9efe3a295fbdd06b160e95c,Will the highest temperature in Hong Kong be 24°C on March 21?,2026-03-21,2026-03-20 06:05:33.843339+00:00,0.75,24.0,25.0,0.8,0.3344,0.5521,0.44,-0.2177,0.2177,No,0.6656,0.4479,628.1691,687.739377,0.1732,5,24.0,25.0,1.0,0.09857815613113563,0.4860459924090197,1.1223567144491227
HK,hong_kong,0x1d3d7a58020e78fbd22d3aea21361a76316d18da130006e41e5553a232a8de9e,Will the highest temperature in Hong Kong be 22°C on March 22?,2026-03-22,2026-03-20 06:05:33.843264+00:00,1.75,22.0,26.3,1.2,0.0756,0.4274,0.1,-0.3518,0.3518,No,0.9244,0.5726,651.3457,82.00975,0.4531,4,23.0,26.3,3.3,0.15,0.614390499476074,1.0132738475523522
HK,hong_kong,0x5b4f7e8fc62a6b114500b1e0c2b0ca6eb9fa4261d7f502ed472b0fd65670f262,Will the highest temperature in Hong Kong be 23°C on March 23?,2026-03-23,2026-03-20 12:05:35.063053+00:00,2.5,23.0,26.9,1.6,0.9741,0.5076,0.05,0.4665,0.4665,Yes,0.9741,0.5076,514.7998,69.0556,0.5629,3,23.0,26.9,3.9,0.15,0.9190307328605198,0.971209258736347
HK,hong_kong,0x32e6477db604436c7df167601743433959734d90991bafc17871607a04fdcea4,Will the highest temperature in Hong Kong be 28°C or higher on March 19?,2026-03-20,2026-03-17 23:24:12.242844+00:00,2.02,28.0,24.0,1.6,0.0062,0.29,0.29,-0.2838,0.2838,No,0.9938,0.71,535.8606,843.955792,0.1114,2,22.0,24.0,2.0,0.15,0.399718309859155,0.7078938801293186
HK,hong_kong,0x32e6477db604436c7df167601743433959734d90991bafc17871607a04fdcea4,Will the highest temperature in Hong Kong be 28°C or higher on March 19?,2026-03-20,2026-03-17 23:13:55.703395+00:00,2.03,28.0,24.0,1.6,0.0062,0.275,0.275,-0.2688,0.2688,No,0.9938,0.725,664.5732,955.575792,0.0915,2,22.0,24.0,2.0,0.15,0.37075862068965515,0.6906617984998655
HK,hong_kong,0x17b64519000442bf10e02a39b4a68ab42e1d443013bb21958ec34321600f6ab5,Will the highest temperature in Hong Kong be 21°C on March 23?,2026-03-23,2026-03-20 12:05:35.063053+00:00,2.5,21.0,26.9,1.6,0.0238,0.335,0.033,-0.3112,0.3112,No,0.9762,0.665,412.97479,68.56139999999999,0.5629,3,23.0,26.9,3.9,0.15,0.4679699248120299,0.6250768467839461
HK,hong_kong,0x2f9c0df936cace170f172584665399bc54d292e229bf7e5544a10cb72461591d,Will the highest temperature in Hong Kong be 22°C on March 19?,2026-03-20,2026-03-17 23:24:12.242844+00:00,2.02,22.0,24.0,1.6,0.9064,0.7143,0.06,0.1921,0.1921,Yes,0.9064,0.7143,573.1731,75.66507299999999,0.1114,2,22.0,24.0,2.0,0.15,0.26893462130757384,0.4842849323419596
HK,hong_kong,0x086fac4b61a7a77c55432149926f72b0c62ad2bdf64baed9ec1514d5c4d4bc1f,Will the highest temperature in Hong Kong be 26°C on March 21?,2026-03-21,2026-03-19 12:05:31.408246+00:00,1.5,26.0,26.0,1.2,1.0,0.8442,0.065,0.1558,0.1558,Yes,1.0,0.8442,486.7693,568.156074,0.1693,3,26.0,26.0,0.0,0.15,0.1845534233593935,0.48218873450259364
HK,hong_kong,0xe93c39bcaaa083166b263041534571ddb1de5a3f59856b44682039eca9746a84,Will the highest temperature in Hong Kong be 20°C on March 19?,2026-03-20,2026-03-17 23:24:12.242844+00:00,2.02,20.0,24.0,1.6,0.0936,0.2857,0.024,-0.1921,0.1921,No,0.9064,0.7143,555.65376,69.31,0.1114,2,22.0,24.0,2.0,0.15,0.26893462130757384,0.48192275121641065
HK,hong_kong,0x97bd1cca9545b176662180fd4a91309b69b7107747ea6eed3b71eb4713e20b73,Will the highest temperature in Hong Kong be 27°C or higher on March 22?,2026-03-22,2026-03-20 06:05:33.843264+00:00,1.75,27.0,26.3,1.2,0.2798,0.125,0.125,0.1548,0.1548,Yes,0.2798,0.125,885.6003,576.906609,0.4531,4,23.0,26.3,3.3,0.04422857142857143,1.2384,0.46697272513493543
HK,hong_kong,0x97bd1cca9545b176662180fd4a91309b69b7107747ea6eed3b71eb4713e20b73,Will the highest temperature in Hong Kong be 27°C or higher on March 22?,2026-03-22,2026-03-20 12:05:35.063017+00:00,1.5,27.0,26.1,1.2,0.2266,0.095,0.095,0.1316,0.1316,Yes,0.2266,0.095,850.2363,675.2286690000002,0.1555,3,26.0,26.1,0.1,0.036353591160220994,1.385263157894737,0.4439321864287439
HK,hong_kong,0x2f9c0df936cace170f172584665399bc54d292e229bf7e5544a10cb72461591d,Will the highest temperature in Hong Kong be 22°C on March 19?,2026-03-20,2026-03-17 23:13:55.703395+00:00,2.03,22.0,24.0,1.6,0.9064,0.7362,0.06,0.1702,0.1702,Yes,0.9064,0.7362,609.2146,75.66507299999999,0.0915,2,22.0,24.0,2.0,0.15,0.23118717739744632,0.43147453790432355
HK,hong_kong,0xe93c39bcaaa083166b263041534571ddb1de5a3f59856b44682039eca9746a84,Will the highest temperature in Hong Kong be 20°C on March 19?,2026-03-20,2026-03-17 23:13:55.703395+00:00,2.03,20.0,24.0,1.6,0.0936,0.2638,0.0215,-0.1702,0.1702,No,0.9064,0.7362,604.26738,69.31,0.0915,2,22.0,24.0,2.0,0.15,0.23118717739744632,0.43092691181831194
HK,hong_kong,0x5c82f3b1e1a6923bb869ec119f428836f483af6b00b695c2a065fed304703597,Will the highest temperature in Hong Kong be 18°C on March 22?,2026-03-22,2026-03-20 12:05:35.063017+00:00,1.5,18.0,26.1,1.2,0.0,0.1086,0.026,-0.1086,0.1086,No,1.0,0.8914,1296.49765,80.25,0.1555,3,26.0,26.1,0.1,0.15,0.12183082791115107,0.3892328692497645
HK,hong_kong,0xc18297b11143e18625fe2c034fe6eace51adfda677eae436d14c78ae6e901472,Will the highest temperature in Hong Kong be 21°C on March 19?,2026-03-20,2026-03-18 08:11:21.603531+00:00,1.66,21.0,24.1,1.2,0.1234,0.0182,0.0055,0.1052,0.1052,Yes,0.1234,0.0182,1182.83421,841.6596159999999,1.6556,5,27.0,24.1,-2.9,0.026787533102464862,5.780219780219779,0.34465243041098775
HK,hong_kong,0x39f8533907560ba4a67047a7281e5002e5ed3b9deeaffab47fcb38cc0a94f403,Will the highest temperature in Hong Kong be 20°C on March 23?,2026-03-23,2026-03-20 12:05:35.063053+00:00,2.5,20.0,26.9,1.6,0.0021,0.1574,0.0155,-0.1553,0.1553,No,0.9979,0.8426,424.52411,93.5506,0.5629,3,23.0,26.9,3.9,0.15,0.1843104676002849,0.3133602819674053
HK,hong_kong,0xc4b95daabde86af85b1f4cc20398ad96924020cf346134713e3314f61f2e476a,Will the highest temperature in Hong Kong be 22°C on March 23?,2026-03-23,2026-03-20 18:05:38.345092+00:00,2.25,22.0,27.1,1.6,0.0072,0.1127,0.04,-0.1054,0.1054,No,0.9928,0.8873,838.39161,95.5816,0.0916,2,27.0,27.1,0.1,0.15,0.11890003381043623,0.25804516119338355
London,london,0xbbcf412469cd886c1014d5c23ca38a78e5edba7c9c779c50ee0f21a9a06c4519,Will the highest temperature in London be 15°C on March 20?,2026-03-20,2026-03-20 06:02:03.074735+00:00,-0.25,15.0,15.4,0.8,0.7754,0.4537,0.375,0.3216,0.3216,Yes,0.7754,0.4537,956.0755,6570.1407960000015,0.2166,3,14.0,15.4,1.4,0.14721764598206113,0.7090588494599956,8.829698165909345
London,london,0x8275cd63ad18328ca4a25420445fcaf3482ae376284a19a9a866a79edc0eb098,Will the highest temperature in London be 14°C on March 20?,2026-03-20,2026-03-20 06:02:03.074735+00:00,-0.25,14.0,15.4,0.8,0.2246,0.5445,0.45,-0.3198,0.3198,No,0.7754,0.4555,808.4452,7049.310672,0.2166,3,14.0,15.4,1.4,0.14687786960514232,0.7023051591657519,8.56596973637862
London,london,0x41bc8d9e5cc22058f35cda764de3554de98fbfd03f7ae87109707a67e1c65a9b,Will the highest temperature in London be 16°C on March 20?,2026-03-20,2026-03-19 18:02:16.066699+00:00,0.25,16.0,15.2,0.8,0.9484,0.2959,0.054,0.6525,0.6525,Yes,0.9484,0.2959,1229.97186,4835.203302,0.9712,4,13.0,15.2,2.2,0.15,2.20513687056438,6.190536561819609
London,london,0x9da43fc13052a599af24f739f920b793eedc6614b68486b09e55375b27872724,Will the highest temperature in London be 13°C on March 20?,2026-03-20,2026-03-19 18:02:16.066699+00:00,0.25,13.0,15.2,0.8,0.0516,0.6849,0.125,-0.6333,0.6333,No,0.9484,0.3151,1316.326,6304.0340300000025,0.9712,4,13.0,15.2,2.2,0.15,2.0098381466201207,6.065628511336212
London,london,0x5b9918299b1321788cde08a892254ca8eafaf3b924eb1f8eb85e6fa66ebcd238,Will the highest temperature in London be 18°C on March 19?,2026-03-19,2026-03-18 18:02:05.763591+00:00,0.25,18.0,16.1,0.8,0.0547,0.2278,0.1165,-0.173,0.173,No,0.9453,0.7722,944.44244,6552.683239999995,0.149,3,16.0,16.1,0.1,0.15,0.22416472416472422,1.5804479606049515
London,london,0xffb186cb586f2e2d6ae889e15ee417d6ef995820360c472fea6e399967817fab,Will the highest temperature in London be 15°C on March 19?,2026-03-19,2026-03-18 18:02:05.763591+00:00,0.25,15.0,16.1,0.8,0.2882,0.1466,0.075,0.1416,0.1416,Yes,0.2882,0.1466,939.0268,6750.580602,0.149,3,16.0,16.1,0.1,0.04148113428638388,0.965893587994543,1.292507503181631
London,london,0xf7640ac4324bc2d1cd6e14c561e2fd9aef2483d96b61b7ddc84d1775022a268c,Will the highest temperature in London be 19°C on March 18?,2026-03-18,2026-03-17 23:20:41.010914+00:00,0.03,19.0,17.9,0.8,0.2174,0.1323,0.115,0.0851,0.0851,Yes,0.2174,0.1323,1270.5433,4652.621751999999,0.0775,4,18.0,17.9,-0.1,0.024518842918059242,0.6432350718065005,1.1477238923405964
London,london,0xa3ad99ec37982ad5ba140618ed98dca878f1168c858d85e4b6aa574fd018bc91,Will the highest temperature in London be 13°C on March 22?,2026-03-22,2026-03-21 12:02:04.116668+00:00,0.5,13.0,13.0,0.8,0.6384,0.5159,0.405,0.1225,0.1225,Yes,0.6384,0.5159,2136.1343,2442.82787,0.0459,3,13.0,13.0,0.0,0.06326172278454863,0.2374491180461329,0.9392345845606693
London,london,0x5b9918299b1321788cde08a892254ca8eafaf3b924eb1f8eb85e6fa66ebcd238,Will the highest temperature in London be 18°C on March 19?,2026-03-19,2026-03-18 18:15:37.104127+00:00,0.24,18.0,16.4,0.8,0.1292,0.2237,0.1095,-0.0945,0.0945,No,0.8708,0.7763,816.87346,6657.853239999995,0.0311,3,16.0,16.4,0.4,0.10561019222172559,0.12173128944995493,0.8564646906210163
London,london,0x27cadf7c04045e625edfa3b879119129f9cb41d61e770855ec91731a34602109,Will the highest temperature in London be 17°C on March 19?,2026-03-19,2026-03-18 08:07:51.793318+00:00,0.66,17.0,16.1,0.8,0.9219,0.8048,0.235,0.1171,0.1171,Yes,0.9219,0.8048,2047.5996,4231.382590000003,0.0738,3,17.0,16.1,-0.9,0.1499743852459017,0.14550198807157066,0.7697216914061099
London,london,0x6e5e5cca4f4f55d2554baa134176745287d3c95a3a861ad8ff763d5d4c19346b,Will the highest temperature in London be 13°C on March 23?,2026-03-23,2026-03-21 12:02:04.116602+00:00,1.5,13.0,13.0,1.2,0.4897,0.2743,0.24,0.2154,0.2154,Yes,0.4897,0.2743,1205.0087,423.177079,0.1201,4,14.0,13.0,-1.0,0.07420421661843737,0.7852716004374773,0.7641392103713202
London,london,0x6e5e5cca4f4f55d2554baa134176745287d3c95a3a861ad8ff763d5d4c19346b,Will the highest temperature in London be 13°C on March 23?,2026-03-23,2026-03-21 06:02:02.529303+00:00,1.75,13.0,14.4,1.2,0.2848,0.5288,0.285,-0.2439,0.2439,No,0.7152,0.4712,903.831,454.187139,0.125,3,13.0,14.4,1.4,0.11535552193645988,0.5178268251273344,0.7379599033548432
London,london,0xc0bb95fcf7fe52be303254e47fd8065cedb1530e9629fc8021f5ce0ca3dd8a0f,Will the highest temperature in London be 14°C on March 24?,2026-03-24,2026-03-22 06:02:05.981428+00:00,1.75,14.0,13.8,1.2,0.5987,0.3717,0.26,0.227,0.227,Yes,0.5987,0.3717,1005.7219,647.936091,0.1455,4,15.0,13.8,-1.2,0.09032309406334556,0.6107075598601024,0.697591650719193
London,london,0xef8436832e2e9beee6be2d363f201048b59f5777de734960aaa8f7d3f65303f0,Will the highest temperature in London be 15°C on March 23?,2026-03-23,2026-03-21 06:02:02.529303+00:00,1.75,15.0,14.4,1.2,0.4812,0.2968,0.16,0.1844,0.1844,Yes,0.4812,0.2968,1612.7127,373.65711099999993,0.125,3,13.0,14.4,1.4,0.06555745164960182,0.6212938005390836,0.6053477322170915
London,london,0x09955db89cab5567cac573d2552f598a7c44b1716d081115f04b30f224c496b7,Will the highest temperature in London be 12°C on March 24?,2026-03-24,2026-03-22 12:02:06.707733+00:00,1.5,12.0,14.0,1.2,0.1968,0.0521,0.032,0.1447,0.1447,Yes,0.1968,0.0521,1474.86882,498.447943,0.1522,6,15.0,14.0,-1.0,0.038163308365861376,2.777351247600768,0.5279381038068405
London,london,0x9da43fc13052a599af24f739f920b793eedc6614b68486b09e55375b27872724,Will the highest temperature in London be 13°C on March 20?,2026-03-20,2026-03-18 08:07:51.793182+00:00,1.66,13.0,14.1,1.2,0.3531,0.2375,0.095,0.1156,0.1156,Yes,0.3531,0.2375,1715.1824,643.1455679999999,0.0339,3,14.0,14.1,0.1,0.03790163934426229,0.48673684210526336,0.39859830318193845
London,london,0x9793d9a0812dfb13c156d9f85c6fc9fe00a1e718e156757fa265d35f7502fd85,Will the highest temperature in London be 11°C on March 22?,2026-03-22,2026-03-19 07:19:07.089868+00:00,2.7,11.0,13.0,1.6,0.3173,0.1613,0.0125,0.156,0.156,Yes,0.3173,0.1613,1782.70606,999.469735,0.0793,3,12.0,13.0,1.0,0.04650053654465245,0.9671419714817113,0.364964366080801
London,london,0xf6a0cfe4bd8d2b3cf3b476ad5efaf7599e3d3379001ab25b2cbb43ae06354f7a,Will the highest temperature in London be 15°C on March 24?,2026-03-24,2026-03-22 06:02:05.981428+00:00,1.75,15.0,13.8,1.2,0.3784,0.4932,0.345,-0.1148,0.1148,No,0.6216,0.5068,931.1334,522.92219,0.1455,4,15.0,13.8,-1.2,0.058191403081914034,0.22651933701657456,0.34886321672172443
London,london,0x459856bef5a1299c7810eed2aad646f2ea771713aab4aa6bf3e49a3fd1ac5e45,Will the highest temperature in London be 12°C on March 20?,2026-03-20,2026-03-17 23:20:41.010961+00:00,2.03,12.0,14.1,1.6,0.2007,0.0814,0.055,0.1194,0.1194,Yes,0.2007,0.0814,1341.4321,491.3817440000001,0.1093,5,15.0,14.1,-0.9,0.03246788591334639,1.4656019656019654,0.3399000975454692
London,london,0x8275cd63ad18328ca4a25420445fcaf3482ae376284a19a9a866a79edc0eb098,Will the highest temperature in London be 14°C on March 20?,2026-03-20,2026-03-18 08:07:51.793182+00:00,1.66,14.0,14.1,1.2,0.5232,0.625,0.25,-0.1018,0.1018,No,0.4768,0.375,1308.9511,640.949043,0.0339,3,14.0,14.1,0.1,0.04072,0.27146666666666674,0.3382844675381843
London,london,0x459856bef5a1299c7810eed2aad646f2ea771713aab4aa6bf3e49a3fd1ac5e45,Will the highest temperature in London be 12°C on March 20?,2026-03-20,2026-03-17 23:10:24.292327+00:00,2.03,12.0,14.1,1.6,0.2007,0.0884,0.055,0.1124,0.1124,Yes,0.2007,0.0884,1115.7337,491.3817440000001,0.0777,5,15.0,14.1,-0.9,0.030797498903027635,1.2703619909502262,0.31179508384825433
London,london,0x7f0e782e2f60487fc53495a769f4559de745b5175113b8ffd197d038d170167e,Will the highest temperature in London be 14°C on March 23?,2026-03-23,2026-03-21 12:02:04.116602+00:00,1.5,14.0,13.0,1.2,0.3529,0.44,0.385,-0.0871,0.0871,No,0.6471,0.56,690.7764,340.721711,0.1201,4,14.0,13.0,-1.0,0.04948863636363635,0.1555357142857141,0.28478489415677166
London,london,0x887290b86db907bf71381a877a560ceffb5c6af1511ad2a99e13aa4af136156e,Will the highest temperature in London be 17°C on March 24?,2026-03-24,2026-03-22 06:02:05.981428+00:00,1.75,17.0,13.8,1.2,0.021,0.1101,0.077,-0.089,0.089,No,0.979,0.8899,1329.68904,468.484643,0.1455,4,15.0,13.8,-1.2,0.15,0.10012360939431386,0.2845409966400775
London,london,0x459856bef5a1299c7810eed2aad646f2ea771713aab4aa6bf3e49a3fd1ac5e45,Will the highest temperature in London be 12°C on March 20?,2026-03-20,2026-03-17 22:28:14.280447+00:00,2.06,12.0,14.1,1.6,0.2007,0.0995,0.065,0.1013,0.1013,Yes,0.2007,0.0995,1246.119,483.5817440000001,0.0779,5,15.0,14.1,-0.9,0.02809550249861188,1.0170854271356782,0.28208058820190174
London,london,0x48161d4bafbf43e7527b594a9318016b90115e261eb54822c599fd5578a0ecc6,Will the highest temperature in London be 17°C on March 20?,2026-03-20,2026-03-17 23:20:41.010961+00:00,2.03,17.0,14.1,1.6,0.0942,0.182,0.123,-0.0878,0.0878,No,0.9058,0.818,846.69184,469.26761,0.1093,5,15.0,14.1,-0.9,0.1206043956043957,0.10733496332518344,0.23398933116013867
London,london,0x48161d4bafbf43e7527b594a9318016b90115e261eb54822c599fd5578a0ecc6,Will the highest temperature in London be 17°C on March 20?,2026-03-20,2026-03-17 22:28:14.280447+00:00,2.06,17.0,14.1,1.6,0.0942,0.1783,0.1165,-0.0841,0.0841,No,0.9058,0.8217,856.1991,460.424879,0.0779,5,15.0,14.1,-0.9,0.11791923724060574,0.10234878909577705,0.22186861912873113
London,london,0x58623aabeb345e4e988c5da194fb0e02e1b1609709fd444556150e4d708cd927,Will the highest temperature in London be 12°C on March 22?,2026-03-22,2026-03-19 07:19:07.089868+00:00,2.7,12.0,13.0,1.6,0.5595,0.6452,0.05,-0.0857,0.0857,No,0.4405,0.3548,1934.2607,897.2176100000001,0.0793,3,12.0,13.0,1.0,0.03320675759454432,0.24154453213077787,0.2026804283620566
Seoul,seoul,0xc06bb60be7cd70ea277107e3e222dc85d594fd0f503f944bf2d2fe270bc32c2f,Will the highest temperature in Seoul be 10°C on March 20?,2026-03-20,2026-03-19 18:01:11.143462+00:00,0.25,10.0,12.0,0.8,0.1002,0.7487,0.21,-0.6485,0.6485,No,0.8998,0.2513,808.3606,5526.783953000002,1.0259,5,10.0,12.0,2.0,0.15,2.5805809789096696,5.79001945702088
Seoul,seoul,0xb892706d8b722142e5545305b6971debba1a97ec0480a6f7dbcbb690d20f1e32,Will the highest temperature in Seoul be 13°C on March 21?,2026-03-21,2026-03-20 18:01:02.993269+00:00,0.25,13.0,12.0,0.8,0.8887,0.3063,0.0925,0.5824,0.5824,Yes,0.8887,0.3063,682.11353,4950.385356000001,0.7454,4,10.0,12.0,2.0,0.15,1.901403852432256,5.068169874907728
Seoul,seoul,0x7fda9f350653a2ad7cb568a5c51311d5c258367ee64bd31f4b3e64107f343c15,Will the highest temperature in Seoul be 10°C on March 21?,2026-03-21,2026-03-20 18:01:02.993269+00:00,0.25,10.0,12.0,0.8,0.1113,0.6788,0.205,-0.5675,0.5675,No,0.8887,0.3212,782.6415,7005.042804,0.7454,4,10.0,12.0,2.0,0.15,1.7668119551681198,5.042390078324102
Seoul,seoul,0x52c96889da6e24ac2d9163b909c856e608127bc8e6a41d20dd3ae2348260e38e,Will the highest temperature in Seoul be 13°C on March 20?,2026-03-20,2026-03-19 18:01:11.143462+00:00,0.25,13.0,12.0,0.8,0.7997,0.1907,0.0535,0.609,0.609,Yes,0.7997,0.1907,488.30124,5541.813776000002,1.0259,5,10.0,12.0,2.0,0.15,3.193497640272679,5.028698406009848
Seoul,seoul,0xbfac942af7cdd277dbb177bb5e790b1f0690eaf0012ff6ae413cede38ae0edde,Will the highest temperature in Seoul be 8°C on March 18?,2026-03-18,2026-03-17 23:19:41.987045+00:00,0.03,8.0,7.2,0.8,0.8577,0.6255,0.43,0.2322,0.2322,Yes,0.8577,0.6255,910.534,5982.224889,0.1519,4,8.0,7.2,-0.8,0.15,0.3712230215827339,2.985797979849648
Seoul,seoul,0x997d15131431909ef5165618bce65c081a00a7e9e1676254397c8d7e8e644626,Will the highest temperature in Seoul be 12°C on March 22?,2026-03-22,2026-03-21 06:01:02.575598+00:00,0.75,12.0,15.2,0.8,0.9949,0.5705,0.085,0.4245,0.4245,Yes,0.9949,0.5705,2231.9659,4547.467447999998,0.532,3,12.0,15.2,3.2,0.15,0.743908851884312,2.6186847990754676
Seoul,seoul,0x0c04a4ddcc83d03961ccc3773c7ee6224f764a78daa6285d2ad658abfb098c89,Will the highest temperature in Seoul be 13°C on March 23?,2026-03-23,2026-03-22 06:01:05.192746+00:00,0.75,13.0,16.3,0.8,1.0,0.5566,0.0295,0.4434,0.4434,Yes,1.0,0.5566,1584.98911,5889.107702999999,0.5858,5,13.0,16.3,3.3,0.15,0.7966223499820337,2.6139187454334594
Seoul,seoul,0xc8d185151133f9bfa0346d9773804d8a3981d6b93c492b75b38df666a5389a68,Will the highest temperature in Seoul be 9°C on March 18?,2026-03-18,2026-03-17 23:19:41.987045+00:00,0.03,9.0,7.2,0.8,0.1423,0.3273,0.225,-0.185,0.185,No,0.8577,0.6727,1326.4779,5460.549285000002,0.1519,4,8.0,7.2,-0.8,0.14130766880537735,0.2750111491006393,2.5100786404745277
Seoul,seoul,0xf3a94481567220c785ccd8921991e9aa5d460469b60f02d610bb3e22ced13d63,Will the highest temperature in Seoul be 11°C on March 22?,2026-03-22,2026-03-21 06:01:02.575598+00:00,0.75,11.0,15.2,0.8,0.0051,0.3389,0.0505,-0.3339,0.3339,No,0.9949,0.6611,3287.30328,4906.534828,0.532,3,12.0,15.2,3.2,0.15,0.504916049009227,2.1631716816663493
Seoul,seoul,0x22481955913372f68ca48f8909393813abafac2fb2a2739c0908b1d71cd47382,Will the highest temperature in Seoul be 11°C on March 19?,2026-03-19,2026-03-18 18:01:03.223453+00:00,0.25,11.0,9.1,0.8,0.9854,0.7851,0.0475,0.2003,0.2003,Yes,0.9854,0.7851,1731.26401,7018.155730000001,0.1846,2,11.0,9.1,-1.9,0.15,0.2551267354477138,1.9915654093291382
Seoul,seoul,0x8af00e53341bf527ee9b5587cc1e82b4f2b74aacd94a5975a4302ba7c13ef8f1,Will the highest temperature in Seoul be 6°C on March 19?,2026-03-19,2026-03-18 18:01:03.223453+00:00,0.25,6.0,9.1,0.8,0.0146,0.2149,0.013,-0.2003,0.2003,No,0.9854,0.7851,1063.60056,7735.646792,0.1846,2,11.0,9.1,-1.9,0.15,0.2551267354477138,1.8615494611140844
Seoul,seoul,0x7fda9f350653a2ad7cb568a5c51311d5c258367ee64bd31f4b3e64107f343c15,Will the highest temperature in Seoul be 10°C on March 21?,2026-03-21,2026-03-20 12:01:02.633437+00:00,0.5,10.0,12.1,0.8,0.9746,0.7155,0.215,0.2592,0.2592,Yes,0.9746,0.7155,1308.0863,5254.928059999999,0.2464,4,10.0,12.1,2.1,0.15,0.3621243885394829,1.8603003521472683
Seoul,seoul,0xc8d185151133f9bfa0346d9773804d8a3981d6b93c492b75b38df666a5389a68,Will the highest temperature in Seoul be 9°C on March 18?,2026-03-18,2026-03-17 23:09:23.130304+00:00,0.04,9.0,7.2,0.8,0.9996,0.8813,0.245,0.1183,0.1183,Yes,0.9996,0.8813,1153.5979,5378.969285000003,0.1241,3,9.0,7.2,-1.8,0.15,0.13423351866560762,1.5448024596983951
Seoul,seoul,0x9ca45f5568878265b81bcb0b18da684e68b117cbac6528d1f7ff239d8ab19e93,Will the highest temperature in Seoul be 16°C or higher on March 23?,2026-03-23,2026-03-20 06:01:03.052792+00:00,2.75,16.0,18.4,1.6,0.9332,0.23,0.23,0.7032,0.7032,Yes,0.9332,0.23,1239.1437,838.626554,0.7385,7,15.0,18.4,3.4,0.15,3.057391304347826,1.5411942527420823
Seoul,seoul,0x4b4d0bf48a01f2ac1c2a26737fab81c5dd40d6acc6b037e2e993ecb0db4b3a05,Will the highest temperature in Seoul be 9°C on March 21?,2026-03-21,2026-03-20 12:01:02.633437+00:00,0.5,9.0,12.1,0.8,0.0252,0.2146,0.0645,-0.1894,0.1894,No,0.9748,0.7854,2469.83637,6353.246806999998,0.2464,4,10.0,12.1,2.1,0.15,0.2411510058568882,1.479651889701828
Seoul,seoul,0xbb0d9b47c71566302c7a9f6a3e53a44fe4e9e3d8f54dd3a6360e02d535bd275f,Will the highest temperature in Seoul be 11°C on March 23?,2026-03-23,2026-03-22 06:01:05.192746+00:00,0.75,11.0,16.3,0.8,0.0,0.2075,0.011,-0.2075,0.2075,No,1.0,0.7925,4143.92568,6960.539542,0.5858,5,13.0,16.3,3.3,0.15,0.26182965299684535,1.3827202628038286
Seoul,seoul,0xd35d0aec6505830420d8d0688a8c585b3010c7c296632a6ef3442f3be6f840c9,Will the highest temperature in Seoul be 14°C or higher on March 21?,2026-03-21,2026-03-18 18:01:03.223588+00:00,2.25,14.0,14.4,1.6,0.5987,0.095,0.095,0.5037,0.5037,Yes,0.5987,0.095,1169.1749,769.4262239999999,0.5884,5,11.0,14.4,3.4,0.13914364640883978,5.302105263157895,1.2940343321322378
Seoul,seoul,0x3355ac34f80da3799018b692486f2e29a5556e287435e870b8361ec404832dd5,Will the highest temperature in Seoul be 12°C on March 21?,2026-03-21,2026-03-18 18:01:03.223588+00:00,2.25,12.0,14.4,1.6,0.7032,0.2505,0.205,0.4527,0.4527,Yes,0.7032,0.2505,1421.2433,810.4060199999999,0.5884,5,11.0,14.4,3.4,0.15,1.807185628742515,1.195126467861406
Seoul,seoul,0x989278accddf79ff348a2ae0ee7c8df48f3a685e390ba4b9cfe0179b04616f31,Will the highest temperature in Seoul be 15°C on March 23?,2026-03-23,2026-03-20 06:01:03.052792+00:00,2.75,15.0,18.4,1.6,0.7885,0.262,0.215,0.5264,0.5264,Yes,0.7885,0.262,1330.2969,817.484363,0.7385,7,15.0,18.4,3.4,0.15,2.009541984732824,1.1651918840974156
Seoul,seoul,0x3355ac34f80da3799018b692486f2e29a5556e287435e870b8361ec404832dd5,Will the highest temperature in Seoul be 12°C on March 21?,2026-03-21,2026-03-18 18:14:35.121398+00:00,2.24,12.0,12.9,1.6,0.7664,0.3445,0.21,0.4218,0.4218,Yes,0.7664,0.3445,1338.2397,808.4060199999999,0.4272,4,12.0,12.9,0.9,0.15,1.2246734397677796,1.108357601328481
Seoul,seoul,0x997d15131431909ef5165618bce65c081a00a7e9e1676254397c8d7e8e644626,Will the highest temperature in Seoul be 12°C on March 22?,2026-03-22,2026-03-19 07:18:06.323267+00:00,2.7,12.0,15.9,1.6,0.841,0.4172,0.155,0.4238,0.4238,Yes,0.841,0.4172,3276.7034,940.1783040000004,0.3918,3,11.0,15.9,4.9,0.15,1.0158197507190794,1.072068090058092
Seoul,seoul,0x989278accddf79ff348a2ae0ee7c8df48f3a685e390ba4b9cfe0179b04616f31,Will the highest temperature in Seoul be 15°C on March 23?,2026-03-23,2026-03-20 12:01:02.633476+00:00,2.5,15.0,17.5,1.6,0.7183,0.2735,0.16,0.4448,0.4448,Yes,0.7183,0.2735,1305.8142,927.458926,0.5098,3,13.0,17.5,4.5,0.15,1.6263254113345522,1.0638648628063319
Seoul,seoul,0xe3cde051de2caa4536c5def43245454a94210c28dc5669ea4bdfeeac5c252bd2,Will the highest temperature in Seoul be 13°C on March 25?,2026-03-25,2026-03-22 12:01:04.636638+00:00,2.5,13.0,17.4,1.6,0.8648,0.425,0.085,0.4398,0.4398,Yes,0.8648,0.425,1322.9945,916.388565,0.4441,5,12.0,17.4,5.4,0.15,1.034823529411765,1.053820698181273
Seoul,seoul,0xd12b28aca75bd0b8287b4a4ac89ac3e58f097a75e20cc6181f5ba6e5e7ba6765,Will the highest temperature in Seoul be 12°C on March 25?,2026-03-25,2026-03-22 18:01:03.880689+00:00,2.25,12.0,17.3,1.6,0.8933,0.5039,0.065,0.3894,0.3894,Yes,0.8933,0.5039,1470.9491,707.4069249999999,0.3659,4,12.0,17.3,5.3,0.15,0.7727723754713236,1.0328789291359444
Seoul,seoul,0x88fe6ea3b427014bf03fecc285bebbb9c76fd946ee4039fa20d33e1649c1589b,Will the highest temperature in Seoul be 14°C on March 24?,2026-03-24,2026-03-21 18:01:03.340057+00:00,2.25,14.0,14.7,1.6,0.7733,0.3927,0.205,0.3805,0.3805,Yes,0.7733,0.3927,1086.2672,687.240416,0.3095,5,12.0,14.7,2.7,0.15,0.9691876750700281,0.9673586641259749
Seoul,seoul,0xf3a94481567220c785ccd8921991e9aa5d460469b60f02d610bb3e22ced13d63,Will the highest temperature in Seoul be 11°C on March 22?,2026-03-22,2026-03-19 07:18:06.323267+00:00,2.7,11.0,15.9,1.6,0.159,0.5518,0.205,-0.3929,0.3929,No,0.841,0.4482,2174.5437,669.857699,0.3918,3,11.0,15.9,4.9,0.15,0.8763944667559125,0.9435780672200302
Seoul,seoul,0xd12b28aca75bd0b8287b4a4ac89ac3e58f097a75e20cc6181f5ba6e5e7ba6765,Will the highest temperature in Seoul be 12°C on March 25?,2026-03-25,2026-03-22 12:01:04.636638+00:00,2.5,12.0,17.4,1.6,0.1352,0.475,0.095,-0.3398,0.3398,No,0.8648,0.525,1471.9028,668.272566,0.4441,5,12.0,17.4,5.4,0.15,0.6472380952380952,0.8262792489755003
Seoul,seoul,0x0c04a4ddcc83d03961ccc3773c7ee6224f764a78daa6285d2ad658abfb098c89,Will the highest temperature in Seoul be 13°C on March 23?,2026-03-23,2026-03-20 12:01:02.633476+00:00,2.5,13.0,17.5,1.6,0.0508,0.4017,0.235,-0.3509,0.3509,No,0.9492,0.5983,1047.6618,813.7208980000001,0.5098,3,13.0,17.5,4.5,0.15,0.5864950693631956,0.8135347656942258
Seoul,seoul,0xb50fd0e8569928782e0320442abd2f54bc84a08f080c51099709eac8719f9dcc,Will the highest temperature in Seoul be 12°C on March 24?,2026-03-24,2026-03-21 18:01:03.340057+00:00,2.25,12.0,14.7,1.6,0.2137,0.5268,0.275,-0.3131,0.3131,No,0.7863,0.4732,1184.9498,804.522387,0.3095,5,12.0,14.7,2.7,0.14858580106302202,0.661665257819104,0.8058965438721216
Seoul,seoul,0xf3a94481567220c785ccd8921991e9aa5d460469b60f02d610bb3e22ced13d63,Will the highest temperature in Seoul be 11°C on March 22?,2026-03-22,2026-03-19 12:01:02.373239+00:00,2.5,11.0,16.4,1.6,0.8971,0.6024,0.175,0.2947,0.2947,Yes,0.8971,0.6024,2236.1804,836.3428880000002,0.2314,3,11.0,16.4,5.4,0.15,0.4892098273572376,0.7576709103656611
Seoul,seoul,0x4b88b7e550580e43ad4a99af7297d549e144e4c5d6fcd3aade0e1415b63ebe2d,Will the highest temperature in Seoul be 11°C on March 25?,2026-03-25,2026-03-22 18:01:03.880689+00:00,2.25,11.0,17.3,1.6,0.0992,0.3488,0.045,-0.2497,0.2497,No,0.9008,0.6512,1127.81369,521.704121,0.3659,4,12.0,17.3,5.3,0.15,0.38329238329238335,0.6382261655776776
Seoul,seoul,0x4b4d0bf48a01f2ac1c2a26737fab81c5dd40d6acc6b037e2e993ecb0db4b3a05,Will the highest temperature in Seoul be 9°C on March 21?,2026-03-21,2026-03-18 18:14:35.121398+00:00,2.24,9.0,12.9,1.6,0.0503,0.2871,0.175,-0.2368,0.2368,No,0.9497,0.7129,1507.4813,755.4112879999999,0.4272,4,12.0,12.9,0.9,0.15,0.3321643989339318,0.6325203398488147
Seoul,seoul,0x9297d7e52a2b62b37981011969c8d7b7229e8924a24200634e967aac7d75dddc,Will the highest temperature in Seoul be 10°C on March 22?,2026-03-22,2026-03-21 06:01:02.575598+00:00,0.75,10.0,15.2,0.8,0.0,0.0906,0.0135,-0.0906,0.0906,No,1.0,0.9094,3516.83707,6726.489846999997,0.532,3,12.0,15.2,3.2,0.15,0.0996261271167802,0.5918428047637471
Seoul,seoul,0xba72358316b56149e8618151c5fd82d393ebb5682fa2bf8ec6ebb86d0dfe3ab4,Will the highest temperature in Seoul be 8°C on March 23?,2026-03-23,2026-03-22 06:01:05.192746+00:00,0.75,8.0,16.3,0.8,0.0,0.0849,0.0045,-0.0849,0.0849,No,1.0,0.9151,4421.34706,5984.513694,0.5858,5,13.0,16.3,3.3,0.15,0.09277674571085126,0.5701494032692
Seoul,seoul,0x4b4d0bf48a01f2ac1c2a26737fab81c5dd40d6acc6b037e2e993ecb0db4b3a05,Will the highest temperature in Seoul be 9°C on March 21?,2026-03-21,2026-03-18 18:01:03.223588+00:00,2.25,9.0,14.4,1.6,0.0084,0.2199,0.18,-0.2115,0.2115,No,0.9916,0.7801,1555.5198,757.4112879999999,0.5884,5,11.0,14.4,3.4,0.15,0.27111908729650036,0.5652977930189903
Seoul,seoul,0x1f29e0d2b468553420dead291ff703fc723c23178708143686bb7d65c2ce20ab,Will the highest temperature in Seoul be 9°C on March 23?,2026-03-23,2026-03-22 06:01:05.192746+00:00,0.75,9.0,16.3,0.8,0.0,0.0849,0.0045,-0.0849,0.0849,No,1.0,0.9151,3855.37193,7366.446584000006,0.5858,5,13.0,16.3,3.3,0.15,0.09277674571085126,0.5608481846364285
Seoul,seoul,0x9297d7e52a2b62b37981011969c8d7b7229e8924a24200634e967aac7d75dddc,Will the highest temperature in Seoul be 10°C on March 22?,2026-03-22,2026-03-19 12:01:02.373239+00:00,2.5,10.0,16.4,1.6,0.0959,0.2926,0.085,-0.1967,0.1967,No,0.9041,0.7074,2279.5508,729.261816,0.2314,3,11.0,16.4,5.4,0.15,0.278060503251343,0.5069727619491315
Seoul,seoul,0x9ca45f5568878265b81bcb0b18da684e68b117cbac6528d1f7ff239d8ab19e93,Will the highest temperature in Seoul be 16°C or higher on March 23?,2026-03-23,2026-03-22 06:01:05.192746+00:00,0.75,16.0,16.3,0.8,0.6462,0.553,0.553,0.0932,0.0932,Yes,0.6462,0.553,869.57715,6238.693164999999,0.5858,5,13.0,16.3,3.3,0.052125279642058125,0.16853526220614823,0.5047082998797082
Seoul,seoul,0x0c04a4ddcc83d03961ccc3773c7ee6224f764a78daa6285d2ad658abfb098c89,Will the highest temperature in Seoul be 13°C on March 23?,2026-03-23,2026-03-20 06:01:03.052792+00:00,2.75,13.0,18.4,1.6,0.0282,0.2255,0.185,-0.1973,0.1973,No,0.9718,0.7745,1141.9373,690.430006,0.7385,7,15.0,18.4,3.4,0.15,0.25474499677211115,0.42746452244660954
Seoul,seoul,0x7fda9f350653a2ad7cb568a5c51311d5c258367ee64bd31f4b3e64107f343c15,Will the highest temperature in Seoul be 10°C on March 21?,2026-03-21,2026-03-18 18:01:03.223588+00:00,2.25,10.0,14.4,1.6,0.0536,0.2077,0.17,-0.1541,0.1541,No,0.9464,0.7923,1472.0809,736.790081,0.5884,5,11.0,14.4,3.4,0.15,0.19449703395178597,0.4087915116413074
Seoul,seoul,0xd35d0aec6505830420d8d0688a8c585b3010c7c296632a6ef3442f3be6f840c9,Will the highest temperature in Seoul be 14°C or higher on March 21?,2026-03-21,2026-03-18 18:14:35.121398+00:00,2.24,14.0,12.9,1.6,0.2459,0.095,0.095,0.1509,0.1509,Yes,0.2459,0.095,1163.1197,772.9262239999999,0.4272,4,12.0,12.9,0.9,0.04168508287292818,1.588421052631579,0.3887999332556991
Seoul,seoul,0x7fda9f350653a2ad7cb568a5c51311d5c258367ee64bd31f4b3e64107f343c15,Will the highest temperature in Seoul be 10°C on March 21?,2026-03-21,2026-03-18 18:14:35.121398+00:00,2.24,10.0,12.9,1.6,0.1821,0.3035,0.185,-0.1214,0.1214,No,0.8179,0.6965,1489.6161,744.790081,0.4272,4,12.0,12.9,0.9,0.09999999999999994,0.17430007178750895,0.3237456566181937
Seoul,seoul,0xb9e42f441488c1f168ee78a1703d64763a322aad2261277b343e5cc9a7d0063c,Will the highest temperature in Seoul be 10°C on March 25?,2026-03-25,2026-03-22 18:01:03.880689+00:00,2.25,10.0,17.3,1.6,0.0075,0.1202,0.0155,-0.1126,0.1126,No,0.9925,0.8798,1509.31138,654.3555139999999,0.3659,4,12.0,17.3,5.3,0.15,0.1280972948397363,0.29972363933272944
Seoul,seoul,0xaf2a25366fdcde272a2a348894fa1efd1d3cdda07761833d7076a9d1f627e8f0,Will the highest temperature in Seoul be 12°C on March 23?,2026-03-23,2026-03-20 06:01:03.052792+00:00,2.75,12.0,18.4,1.6,0.003,0.1219,0.1,-0.1189,0.1189,No,0.997,0.8781,1469.1494,837.053689,0.7385,7,15.0,18.4,3.4,0.15,0.13540599020612687,0.26681596481027803
Seoul,seoul,0xcb431df52073d98c9354a83b3c504453451ecdd1f592b4f861155da88d72f008,Will the highest temperature in Seoul be 9°C on March 22?,2026-03-22,2026-03-19 12:01:02.373239+00:00,2.5,9.0,16.4,1.6,0.007,0.105,0.0305,-0.098,0.098,No,0.993,0.895,1822.04968,680.034079,0.2314,3,11.0,16.4,5.4,0.15,0.10949720670391061,0.24527002351894378
Seoul,seoul,0x1e73d65ed6c93fb3f66124d571b2302a0797f8560a8b71f76a1e5017ed00fb3e,Will the highest temperature in Seoul be 14°C on March 23?,2026-03-23,2026-03-20 12:01:02.633476+00:00,2.5,14.0,17.5,1.6,0.2309,0.3248,0.19,-0.0939,0.0939,No,0.7691,0.6752,1159.5898,964.391939,0.5098,3,13.0,17.5,4.5,0.07227524630541873,0.13906990521327,0.22087419677891568
