entered_at_utc,city,condition_id,market_id,question,target_date,entry_yes_price,liquidity,leg,side,entry_side_price,band,settled_outcome,max_yes_after,min_yes_after
2026-07-23T16:15:52.227028+00:00,Wellington,0x813ca6fb4807a13a624741848f29f4c0a8e63af9e04e0577ccb45414bc6accf8,3024977,Will the highest temperature in Wellington be 14°C on July 24?,2026-07-24,0.655,1271.67,favorite,Yes,0.655,fav_core,,0.97,0.58
2026-07-23T16:15:52.227028+00:00,Hong Kong,0x60e24b71d888d3f453271ba9cfe84cf0848c8839a1456a2e703df721632b5dff,3025448,Will the lowest temperature in Hong Kong be 28°C on July 24?,2026-07-24,0.785,685.78,favorite,Yes,0.785,fav_outer,,0.975,0.73
2026-07-23T16:15:52.227028+00:00,London,0xe0045338a7108314f110460363c293a56f0e9447b9dcbefe4f011facc572e04d,3050149,Will the highest temperature in London be 25°C or below on July 25?,2026-07-25,0.072,3146.49,shoulder,No,0.928,outer,,0.0405,0.0305
2026-07-23T16:15:52.227028+00:00,London,0x283d834be051d2bfa5d264729e970c23f5fb47982c591ecf3e89d21d5dc2e996,3050150,Will the highest temperature in London be 26°C on July 25?,2026-07-25,0.08,2904.69,shoulder,No,0.92,outer,,0.105,0.045
2026-07-23T16:15:52.227028+00:00,London,0xeaf09fe0d08e8d88d2366925d2e39d37f51122169da9102e43de03fc227fbc4f,3050151,Will the highest temperature in London be 27°C on July 25?,2026-07-25,0.275,3538.37,shoulder,No,0.725,core,,0.28,0.245
2026-07-23T16:15:52.227028+00:00,London,0xf19d70134749729d9d3ab006a01881b942e74bdd8bae6db1c3f1c4daa90912e4,3050153,Will the highest temperature in London be 29°C on July 25?,2026-07-25,0.16,2459.52,shoulder,No,0.84,outer,,0.255,0.17
2026-07-23T16:15:52.227028+00:00,London,0x3a809a4fdc4df02513c34107432517b936bc5282fe2506deb6cefffc6cad175f,3050154,Will the highest temperature in London be 30°C on July 25?,2026-07-25,0.065,2775.07,shoulder,No,0.935,outer,,0.07,0.06
2026-07-23T16:15:52.227028+00:00,Paris,0x960687f4b25fabeb091407a4f7fdd4d6ad224060ed257167a46addafb8b803c4,3050162,Will the highest temperature in Paris be 28°C on July 25?,2026-07-25,0.095,3053.1,shoulder,No,0.905,outer,,0.08,0.03
2026-07-23T16:15:52.227028+00:00,Paris,0xc1c399354cf9b563d00724eec653c50dc45f62419315efb758fc9e15f5a973dd,3050163,Will the highest temperature in Paris be 29°C on July 25?,2026-07-25,0.215,3194.69,shoulder,No,0.785,core,,0.23,0.21
2026-07-23T16:15:52.227028+00:00,Paris,0x33bd40b641eb95a418388c981661858c108ccf7b64ebec1c7409f39ff0d60cf3,3050165,Will the highest temperature in Paris be 31°C on July 25?,2026-07-25,0.255,3151.36,shoulder,No,0.745,core,,0.265,0.245
2026-07-23T16:15:52.227028+00:00,Paris,0x8aad12c1d1b75f4bdcb744b6ef7c98631dfb780311a7702257d8fa527a449520,3050166,Will the highest temperature in Paris be 32°C on July 25?,2026-07-25,0.055,3145.74,shoulder,No,0.945,outer,,0.055,0.035
2026-07-23T16:15:52.227028+00:00,Seoul,0xbf471e4b3eec555e1a01c32674e95d418587259edcf5c0d2a52ad657de1f29a0,3050183,Will the highest temperature in Seoul be 27°C on July 25?,2026-07-25,0.0735,4743.17,shoulder,No,0.9265,outer,,0.0505,0.036
2026-07-23T16:15:52.227028+00:00,Seoul,0xc0cc7a5c8884808e11c204719278a34a60946768e3df69dd2acde92419c663b0,3050184,Will the highest temperature in Seoul be 28°C on July 25?,2026-07-25,0.155,3768.44,shoulder,No,0.845,outer,,0.135,0.08
2026-07-23T16:15:52.227028+00:00,Seoul,0x03729808e7eb0126c0353f782fea08aeb95044450385849ffeeadae325e3de3d,3050185,Will the highest temperature in Seoul be 29°C on July 25?,2026-07-25,0.305,5405.49,shoulder,No,0.695,core,,0.285,0.27
2026-07-23T16:15:52.227028+00:00,Seoul,0x92f3d1726c62e8afcd54c09d536e615f9aab99af1382ccb30f9d85ef6d008539,3050186,Will the highest temperature in Seoul be 30°C on July 25?,2026-07-25,0.33,7006.17,shoulder,No,0.67,core,,0.365,0.355
2026-07-23T16:15:52.227028+00:00,Seoul,0xd57c96b63e762f62f75e2429a9f4872a24eaa5c1724959aedfad6143901c9afe,3050187,Will the highest temperature in Seoul be 31°C on July 25?,2026-07-25,0.145,4267.16,shoulder,No,0.855,outer,,0.225,0.155
2026-07-23T16:15:52.227028+00:00,Ankara,0x5d0229bf2b1eabb8835d2e0d6e8c9c3b8cecd112fad7582506645c033423a342,3050191,Will the highest temperature in Ankara be 18°C on July 25?,2026-07-25,0.1005,2344.29,shoulder,No,0.8995,outer,,0.1385,0.073
2026-07-23T16:15:52.227028+00:00,Ankara,0x98a38d33f8467f44609489ceacf2c1065438722cc4bf9d5d117c2571d91629ee,3050192,Will the highest temperature in Ankara be 19°C on July 25?,2026-07-25,0.21,4231.12,shoulder,No,0.79,core,,0.245,0.2
2026-07-23T16:15:52.227028+00:00,Ankara,0xdbdac049c73ba24570d34de49317bf88a32137200c80acc75e4f1fe412824b72,3050193,Will the highest temperature in Ankara be 20°C on July 25?,2026-07-25,0.245,3734.93,shoulder,No,0.755,core,,0.305,0.235
2026-07-23T16:15:52.227028+00:00,Ankara,0xbdebff3fe064f6082998290372dd6f125e9c543103e9ae9300c3bc8ed856b801,3050194,Will the highest temperature in Ankara be 21°C on July 25?,2026-07-25,0.205,3878.85,shoulder,No,0.795,core,,0.245,0.185
2026-07-23T16:15:52.227028+00:00,Ankara,0x55beb2b539125870fe376dd8c1f239cb164b938cd6e2e3e69d5046ebfaa0976e,3050195,Will the highest temperature in Ankara be 22°C on July 25?,2026-07-25,0.135,3749.01,shoulder,No,0.865,outer,,0.145,0.07
2026-07-23T16:15:52.227028+00:00,Ankara,0x200cea8e014a9cc0d0129dafdd2c5b477fb2d340e65193b944de52abe5849f7b,3050196,Will the highest temperature in Ankara be 23°C on July 25?,2026-07-25,0.085,4832.91,shoulder,No,0.915,outer,,0.1,0.03
2026-07-23T16:15:52.227028+00:00,Wellington,0x23fbc7a3e6a74ffcacc7e0f5d7aeca9c5a3c86c21927020b81ade1ab17b0233d,3050204,Will the highest temperature in Wellington be 11°C on July 25?,2026-07-25,0.205,4113.87,shoulder,No,0.795,core,,0.205,0.075
2026-07-23T16:15:52.227028+00:00,Wellington,0x7217383daad9bc880622108aad52fbec1cd48973a7d5e935a1488107ca0a28a5,3050206,Will the highest temperature in Wellington be 13°C on July 25?,2026-07-25,0.225,5117.25,shoulder,No,0.775,core,,0.355,0.22
2026-07-23T16:15:52.227028+00:00,Wellington,0x686102763544a3dcddded9ac65bd4daf54f2669b213cd43a3abc9cfb14403672,3050207,Will the highest temperature in Wellington be 14°C on July 25?,2026-07-25,0.09,4233.86,shoulder,No,0.91,outer,,0.07,0.025
2026-07-23T16:15:52.227028+00:00,Munich,0x9010ec6b78fa20cc1ddc46204b45ecd3dc937ed7627b09ea9c68f7e19fd22e8c,3050214,Will the highest temperature in Munich be 29°C on July 25?,2026-07-25,0.125,2799.52,shoulder,No,0.875,outer,,0.145,0.07
2026-07-23T16:15:52.227028+00:00,Munich,0xef68c447071d67251ea8f42c670d2e27e1486cd853c7eece8630f60251adf46d,3050217,Will the highest temperature in Munich be 32°C on July 25?,2026-07-25,0.065,2451.02,shoulder,No,0.935,outer,,0.135,0.085
2026-07-23T16:15:52.227028+00:00,Tel Aviv,0x82db636fae34e9889526b24f3933e69f2914d7e8bf4e51d505dece7b8e9d1742,3050224,Will the highest temperature in Tel Aviv be 33°C on July 25?,2026-07-25,0.17,3019.51,shoulder,No,0.83,outer,,0.175,0.105
2026-07-23T16:15:52.227028+00:00,Tel Aviv,0xdc5caa1433a08cac549d7aeba25a14fea8d49284e6159470120260e694596c6f,3050226,Will the highest temperature in Tel Aviv be 35°C on July 25?,2026-07-25,0.335,4516.62,shoulder,No,0.665,core,,0.33,0.305
2026-07-23T16:15:52.227028+00:00,Tel Aviv,0xd39511ecae2d21726e9567a913f9a7d5b66342e1515ad89c8e46d43445a56371,3050227,Will the highest temperature in Tel Aviv be 36°C on July 25?,2026-07-25,0.0605,2896.74,shoulder,No,0.9395,outer,,0.0595,0.046
2026-07-23T16:15:52.227028+00:00,Tokyo,0xc18f8cd592e6c5e998ba7ac19fcdf418a0e1921144b0c9a26066de1f490e2397,3050238,Will the highest temperature in Tokyo be 31°C on July 25?,2026-07-25,0.14,5012.08,shoulder,No,0.86,outer,,0.145,0.065
2026-07-23T16:15:52.227028+00:00,Tokyo,0xe3e7d19a54b39fef9adf03538104ba8dd1261a9f72630e1e994f6468d18b042c,3050239,Will the highest temperature in Tokyo be 32°C on July 25?,2026-07-25,0.335,3633.27,shoulder,No,0.665,core,,0.34,0.275
2026-07-23T16:15:52.227028+00:00,Tokyo,0x42e6ae229821daa951193823d8fe3f62882f2e478904b1fbfd8309a9e8d30ec0,3050240,Will the highest temperature in Tokyo be 33°C on July 25?,2026-07-25,0.285,4581.53,shoulder,No,0.715,core,,0.355,0.255
2026-07-23T16:15:52.227028+00:00,Tokyo,0x13f91f27e1386ecc0d709ab13181461fe437a60516ffd332605eabffda2d4a15,3050241,Will the highest temperature in Tokyo be 34°C on July 25?,2026-07-25,0.185,4393.79,shoulder,No,0.815,outer,,0.215,0.16
2026-07-23T16:15:52.227028+00:00,Tokyo,0x32987f3939b6dba314b2b795b2bd6573c230ef419ee949344a71450ed028b96b,3050242,Will the highest temperature in Tokyo be 35°C on July 25?,2026-07-25,0.0585,4605.75,shoulder,No,0.9415,outer,,0.104,0.0475
2026-07-23T16:15:52.227028+00:00,Hong Kong,0xade6407fbd9f77a8f90af6f18c6ed8ec6e7ddf0df61054e7c158690f755dc329,3050246,Will the highest temperature in Hong Kong be 31°C on July 25?,2026-07-25,0.064,5281.94,shoulder,No,0.936,outer,,0.0675,0.041
2026-07-23T16:15:52.227028+00:00,Hong Kong,0xb9ba5a1aab7799113572597370d54d3493e7e51448a9f90942e690f36f8c3587,3050247,Will the highest temperature in Hong Kong be 32°C on July 25?,2026-07-25,0.215,4055.75,shoulder,No,0.785,core,,0.22,0.165
2026-07-23T16:15:52.227028+00:00,Hong Kong,0xabcc3cda4bd0a1bbf74a29adda3dfa1014701d391fe87610b73f72ac4f934c7b,3050249,Will the highest temperature in Hong Kong be 34°C on July 25?,2026-07-25,0.265,4817.6,shoulder,No,0.735,core,,0.35,0.265
2026-07-23T16:15:52.227028+00:00,Hong Kong,0xaef46b3b1b94a421536ab284bb0a24082aded58ca5709faacc8bd1f745899010,3050250,Will the highest temperature in Hong Kong be 35°C on July 25?,2026-07-25,0.09,4218.5,shoulder,No,0.91,outer,,0.09,0.075
2026-07-23T16:15:52.227028+00:00,Shanghai,0x97b2acd1a52df6913eda6aa024ebdaa0859c74c70509d4da6798dfaa1d7b65f3,3050260,Will the highest temperature in Shanghai be 34°C on July 25?,2026-07-25,0.185,4561.87,shoulder,No,0.815,outer,,0.205,0.185
2026-07-23T16:15:52.227028+00:00,Shanghai,0x0ce24aa05b0f167611f82fa1a50b87b5a5e9f349a9715ea548e59a43895fbb3d,3050261,Will the highest temperature in Shanghai be 35°C on July 25?,2026-07-25,0.345,4804.08,shoulder,No,0.655,core,,0.395,0.315
2026-07-23T16:15:52.227028+00:00,Shanghai,0xe5bc79fa4614809a9740e3645c0ac5fd42faaea161140fd7806662bc7809c8be,3050262,Will the highest temperature in Shanghai be 36°C on July 25?,2026-07-25,0.315,4106.12,shoulder,No,0.685,core,,0.315,0.265
2026-07-23T16:15:52.227028+00:00,Shanghai,0xe5db7df23fa06f1c4cb2e3879e98781204d25b7c39bda67eb145d4b0babc5ee9,3050263,Will the highest temperature in Shanghai be 37°C on July 25?,2026-07-25,0.115,4113.86,shoulder,No,0.885,outer,,0.145,0.11
2026-07-23T16:15:52.227028+00:00,Singapore,0xbedb6670c0bb4fcc1cb64fabbe4396f3b23302ea6b8269733b59d112fc4af966,3050271,Will the highest temperature in Singapore be 29°C on July 25?,2026-07-25,0.215,3063.45,shoulder,No,0.785,core,,0.22,0.19
2026-07-23T16:15:52.227028+00:00,Singapore,0xfd1437192ab30037655b5a8f26bf2c2ae6499a4837628f80b4a57715816b6766,3050273,Will the highest temperature in Singapore be 31°C on July 25?,2026-07-25,0.27,3622.86,shoulder,No,0.73,core,,0.315,0.265
2026-07-23T16:15:52.227028+00:00,Milan,0x5fb296f8bbb5e0d44fc6a8b3f6e33953fbc8fb416cf143089747166a0296ea79,3050277,Will the highest temperature in Milan be 28°C or below on July 25?,2026-07-25,0.284,4609.76,shoulder,No,0.716,core,,0.3785,0.2835
2026-07-23T16:15:52.227028+00:00,Milan,0xc24ef7f5def0824272fc6375d35802b555ec9618bc0b1b6e8c777b7af519d373,3050278,Will the highest temperature in Milan be 29°C on July 25?,2026-07-25,0.315,4125.87,shoulder,No,0.685,core,,0.42,0.315
2026-07-23T16:15:52.227028+00:00,Milan,0x099144139bf9583c5eaff1494897745967128557880a0334ad6cac1cc276f128,3050279,Will the highest temperature in Milan be 30°C on July 25?,2026-07-25,0.26,3542.28,shoulder,No,0.74,core,,0.27,0.205
2026-07-23T16:15:52.227028+00:00,Milan,0x58e332885ec37042fb86906f97ec2177aadc54c9539be2a4cf344066db1f453f,3050280,Will the highest temperature in Milan be 31°C on July 25?,2026-07-25,0.15,4430.29,shoulder,No,0.85,outer,,0.15,0.085
2026-07-23T16:15:52.227028+00:00,Madrid,0x74c267f204675eb104fdc2280633f71df815ece66d213683b3bb30f389f4ab2e,3050289,Will the highest temperature in Madrid be 28°C on July 25?,2026-07-25,0.14,3553.29,shoulder,No,0.86,outer,,0.205,0.135
2026-07-23T16:15:52.227028+00:00,Madrid,0xb1dbc3e789ba92a44c69e9de8dc022ddd5a543981e12efa516a3ef0d58ce20cc,3050292,Will the highest temperature in Madrid be 31°C on July 25?,2026-07-25,0.105,2377.52,shoulder,No,0.895,outer,,0.11,0.065
2026-07-23T16:15:52.227028+00:00,Warsaw,0xac8a40974f0c73df9f2b347ee900ff0afdeae797d023d1016dd9a98392af62de,3050302,Will the highest temperature in Warsaw be 23°C on July 25?,2026-07-25,0.0605,2553.24,shoulder,No,0.9395,outer,,0.06,0.0365
2026-07-23T16:15:52.227028+00:00,Warsaw,0xf01d61f19e5122feeb429684de87970a724b0387642a98633d54b5fe96c7ca9f,3050303,Will the highest temperature in Warsaw be 24°C on July 25?,2026-07-25,0.295,4801.35,shoulder,No,0.705,core,,0.305,0.275
2026-07-23T16:15:52.227028+00:00,Warsaw,0x293e2bf33f0f80e22930b9d455561cfa97daf233e812107f553a7f7141a744a0,3050305,Will the highest temperature in Warsaw be 26°C on July 25?,2026-07-25,0.175,3442.0,shoulder,No,0.825,outer,,0.185,0.165
2026-07-23T16:15:52.227028+00:00,Taipei,0x5359a78116e55c8e6253908b93b9e1d0d1c5a71ca4fcd6896a2fe1cae0e26757,3050316,Will the highest temperature in Taipei be 33°C on July 25?,2026-07-25,0.135,4099.64,shoulder,No,0.865,outer,,0.09,0.035
2026-07-23T16:15:52.227028+00:00,Taipei,0x9c55705db9f3d7b0b7324f0329cf3473f05c828aa9784563c3da6c03d4ef444c,3050317,Will the highest temperature in Taipei be 34°C on July 25?,2026-07-25,0.24,3989.59,shoulder,No,0.76,core,,0.265,0.155
2026-07-23T16:15:52.227028+00:00,Taipei,0xd7de77cbecc7165a8276ab41fe94b8d8d62f6307a0d47ab5e6e9af34b84763a9,3050318,Will the highest temperature in Taipei be 35°C on July 25?,2026-07-25,0.245,4505.47,shoulder,No,0.755,core,,0.32,0.295
2026-07-23T16:15:52.227028+00:00,Taipei,0x71cd06be21c56d2e8e6a72702a7726716614a7ea2856040c99c2e827f8697dfd,3050319,Will the highest temperature in Taipei be 36°C on July 25?,2026-07-25,0.225,3737.25,shoulder,No,0.775,core,,0.28,0.225
2026-07-23T16:15:52.227028+00:00,Taipei,0xb8d9d80f9344946d437b0d78e59ef8df196fb37bc9ca3004010f81b90ae0216b,3050320,Will the highest temperature in Taipei be 37°C or higher on July 25?,2026-07-25,0.135,3123.95,shoulder,No,0.865,outer,,0.225,0.135
2026-07-23T16:15:52.227028+00:00,Chongqing,0x195da7850b2a43db0be2501094eeea32a6c74bb376922d2c3b2fbf80c638ce9a,3050325,Will the highest temperature in Chongqing be 38°C on July 25?,2026-07-25,0.155,6753.37,shoulder,No,0.845,outer,,0.125,0.055
2026-07-23T16:15:52.227028+00:00,Chongqing,0x52a9572574b20d8d9ca7c52e8b4f5190f7b319fcc4c65b585d0fd3d9b5b878e2,3050326,Will the highest temperature in Chongqing be 39°C on July 25?,2026-07-25,0.235,6531.19,shoulder,No,0.765,core,,0.22,0.21
2026-07-23T16:15:52.227028+00:00,Chongqing,0xa08a8b8a21ecf534db4af48cd86f3b8fc1093b87797c338a23348499058f6097,3050327,Will the highest temperature in Chongqing be 40°C on July 25?,2026-07-25,0.305,4928.07,shoulder,No,0.695,core,,0.485,0.34
2026-07-23T16:15:52.227028+00:00,Chongqing,0x831ab52606abbfa5e4beeba33107d494201bcdd51011785235833c80ca77cc02,3050328,Will the highest temperature in Chongqing be 41°C on July 25?,2026-07-25,0.22,4823.1,shoulder,No,0.78,core,,0.23,0.185
2026-07-23T16:15:52.227028+00:00,Chongqing,0x3d99bb6c59ede3760654c16f84f9fd7984d883405d78476f66d5227e155d5a96,3050329,Will the highest temperature in Chongqing be 42°C on July 25?,2026-07-25,0.1205,6505.82,shoulder,No,0.8795,outer,,0.0735,0.066
2026-07-23T16:15:52.227028+00:00,Beijing,0xaf11d90f4638159a8448dd8025af3dab720221308a176429ae78b767d5ecfcf8,3050336,Will the highest temperature in Beijing be 30°C on July 25?,2026-07-25,0.11,2913.79,shoulder,No,0.89,outer,,0.135,0.11
2026-07-23T16:15:52.227028+00:00,Beijing,0x95bfb53f265a3cf12f3f75431008a7bdf551cbd1c03401302d34e570c3e05e22,3050337,Will the highest temperature in Beijing be 31°C on July 25?,2026-07-25,0.235,3559.79,shoulder,No,0.765,core,,0.245,0.235
2026-07-23T16:15:52.227028+00:00,Beijing,0xfca6c543ccedc905a7faa169ffe3dc10be713a42956670ed8b821bc1e173e45e,3050338,Will the highest temperature in Beijing be 32°C on July 25?,2026-07-25,0.3,3765.72,shoulder,No,0.7,core,,0.305,0.285
2026-07-23T16:15:52.227028+00:00,Beijing,0x9151f6b199ba18d586d0352ef26af92d3b65b3f536922a364dbf22875d2d3098,3050339,Will the highest temperature in Beijing be 33°C on July 25?,2026-07-25,0.265,3797.26,shoulder,No,0.735,core,,0.235,0.195
2026-07-23T16:15:52.227028+00:00,Beijing,0x1a00114940d1d43d2a3979f8090789fbc6d435ac23d714ccd6b143168981f7b7,3050340,Will the highest temperature in Beijing be 34°C on July 25?,2026-07-25,0.055,3097.54,shoulder,No,0.945,outer,,0.075,0.055
2026-07-23T16:15:52.227028+00:00,Wuhan,0x57cbd5b726b05359208fda256d4a50b80f216c8076cfc5185ddb6006361256a6,3050347,Will the highest temperature in Wuhan be 34°C on July 25?,2026-07-25,0.055,3206.86,shoulder,No,0.945,outer,,0.0615,0.035
2026-07-23T16:15:52.227028+00:00,Wuhan,0xed29f9208a017960982add8dee14d77b7cfcb851774dc479ebaa62d72024f460,3050348,Will the highest temperature in Wuhan be 35°C on July 25?,2026-07-25,0.14,2596.02,shoulder,No,0.86,outer,,0.135,0.11
2026-07-23T16:15:52.227028+00:00,Wuhan,0x58ea8d193b048eeba015149a400a1347a9b4362c6ed510a0d80472db63b374e5,3050349,Will the highest temperature in Wuhan be 36°C on July 25?,2026-07-25,0.295,4729.45,shoulder,No,0.705,core,,0.305,0.295
2026-07-23T16:15:52.227028+00:00,Wuhan,0x6444e41b5f48b6c8384e5bfa23963df979c92a1b7155809cf79741aa31f19700,3050351,Will the highest temperature in Wuhan be 38°C on July 25?,2026-07-25,0.115,2899.44,shoulder,No,0.885,outer,,0.135,0.105
2026-07-23T16:15:52.227028+00:00,Chengdu,0x27f071c9bc984289e31a414b7d5c648aa2b409459d3a7ad7d5aef377ffbd0605,3050357,Will the highest temperature in Chengdu be 36°C on July 25?,2026-07-25,0.071,3989.07,shoulder,No,0.929,outer,,0.07,0.038
2026-07-23T16:15:52.227028+00:00,Chengdu,0x2b723da9956b05fe596200c1f472af3914a431828a8b1e38fef7a88f0b4973b8,3050358,Will the highest temperature in Chengdu be 37°C on July 25?,2026-07-25,0.105,4076.23,shoulder,No,0.895,outer,,0.095,0.055
2026-07-23T16:15:52.227028+00:00,Chengdu,0x3014e3817204ed621410ecfe1d29b29db976d549edacbe5c93a74d4192b73a62,3050359,Will the highest temperature in Chengdu be 38°C on July 25?,2026-07-25,0.21,3970.6,shoulder,No,0.79,core,,0.205,0.155
2026-07-23T16:15:52.227028+00:00,Chengdu,0x76a0fb157643c5a6f5ffd3637b8ccb3fd9526a875740c155e56f83929d344e9d,3050360,Will the highest temperature in Chengdu be 39°C on July 25?,2026-07-25,0.255,4497.87,shoulder,No,0.745,core,,0.335,0.295
2026-07-23T16:15:52.227028+00:00,Chengdu,0x8c30045e964527b79cd9e41eed48f2719293adaf627fd1d6b038d2548a4a2b87,3050361,Will the highest temperature in Chengdu be 40°C on July 25?,2026-07-25,0.215,4738.65,shoulder,No,0.785,core,,0.255,0.225
2026-07-23T16:15:52.227028+00:00,Chengdu,0x8f1fa5ce6b2ed98c30481a936eafc4c8917feec722271961ae79b5b7410e5a85,3050362,Will the highest temperature in Chengdu be 41°C on July 25?,2026-07-25,0.14,3681.24,shoulder,No,0.86,outer,,0.155,0.125
2026-07-23T16:15:52.227028+00:00,Shenzhen,0x963dc9d0888c57b75345c332d9c9390a2e5ce5162bfe62e992fca65758506c29,3050368,Will the highest temperature in Shenzhen be 32°C on July 25?,2026-07-25,0.08,2932.78,shoulder,No,0.92,outer,,0.085,0.075
2026-07-23T16:15:52.227028+00:00,Shenzhen,0xab190302435b8c9270157bdd6b513a33c19362c395b2a178c380d4b83e4e1577,3050369,Will the highest temperature in Shenzhen be 33°C on July 25?,2026-07-25,0.235,3988.17,shoulder,No,0.765,core,,0.235,0.2
2026-07-23T16:15:52.227028+00:00,Shenzhen,0x9b6529f4806785eee9ee0c25a752638602ceec8b5a56f5f91ba764f9bad0484c,3050370,Will the highest temperature in Shenzhen be 34°C on July 25?,2026-07-25,0.345,5234.34,shoulder,No,0.655,core,,0.4,0.34
2026-07-23T16:15:52.227028+00:00,Shenzhen,0x6525f06eb6aafbe9cce0cf0205624a63f058ca6bb43b01db82141dd3bdb1e42e,3050371,Will the highest temperature in Shenzhen be 35°C on July 25?,2026-07-25,0.225,4589.73,shoulder,No,0.775,core,,0.225,0.215
2026-07-23T16:15:52.227028+00:00,Shenzhen,0x7ba08e9c5b60ab246d154496d3e4f5a8cbb78809161fe982dc5b5ef2f6accacf,3050372,Will the highest temperature in Shenzhen be 36°C on July 25?,2026-07-25,0.13,3235.67,shoulder,No,0.87,outer,,0.12,0.08
2026-07-23T16:15:52.227028+00:00,Moscow,0x43668de1329e5c22c7f546162eb1aa4418771d671adee05eae1f9f916ac07df0,3050379,Will the highest temperature in Moscow be 20°C on July 25?,2026-07-25,0.155,3086.8,shoulder,No,0.845,outer,,0.22,0.155
2026-07-23T16:15:52.227028+00:00,Moscow,0x9fe02027b34c2e617c791a628beb527497cfce45b18359e068ceb41202802bff,3050380,Will the highest temperature in Moscow be 21°C on July 25?,2026-07-25,0.285,3925.14,shoulder,No,0.715,core,,0.295,0.28
2026-07-23T16:15:52.227028+00:00,Moscow,0x186f7dc942845d6aefc47a980498774cd6ae4f770e19913e6e2118440ef1c31c,3050381,Will the highest temperature in Moscow be 22°C on July 25?,2026-07-25,0.305,5681.26,shoulder,No,0.695,core,,0.325,0.275
2026-07-23T16:15:52.227028+00:00,Moscow,0x5627283112d3c7c07e109b043b6777657b7139ea13fe7cbf4fe74386640a30da,3050382,Will the highest temperature in Moscow be 23°C on July 25?,2026-07-25,0.15,2918.37,shoulder,No,0.85,outer,,0.15,0.085
2026-07-23T16:15:52.227028+00:00,Moscow,0xc4c484827b771c51a3e91aa1d159e4f94ad4c9e06a88c38ca804e6e2c6bcbd4e,3050383,Will the highest temperature in Moscow be 24°C on July 25?,2026-07-25,0.07,3442.51,shoulder,No,0.93,outer,,0.07,0.015
2026-07-23T16:15:52.227028+00:00,Istanbul,0xf7e6f057ce0f535685706625c3c226dfd61a68d3acea127f535b4ca800b081ab,3050390,Will the highest temperature in Istanbul be 21°C on July 25?,2026-07-25,0.135,2850.45,shoulder,No,0.865,outer,,0.14,0.105
2026-07-23T16:15:52.227028+00:00,Istanbul,0x02884d8d9bfc6a7e58772ea0874b961eb2bb900782b21846cd3be277a800c94a,3050391,Will the highest temperature in Istanbul be 22°C on July 25?,2026-07-25,0.305,4386.92,shoulder,No,0.695,core,,0.3,0.285
2026-07-23T16:15:52.227028+00:00,Istanbul,0x792105069d6d6cad52cdab3f02d502ad2819374ef99ae153fbcef27b367f75f5,3050392,Will the highest temperature in Istanbul be 23°C on July 25?,2026-07-25,0.305,4061.76,shoulder,No,0.695,core,,0.355,0.305
2026-07-23T16:15:52.227028+00:00,Istanbul,0x84d0161df4fc32aadb786fb21c7f04a807c37e6873109ba4bb91194abef1599d,3050393,Will the highest temperature in Istanbul be 24°C on July 25?,2026-07-25,0.18,2914.35,shoulder,No,0.82,outer,,0.185,0.17
2026-07-23T16:15:52.227028+00:00,Istanbul,0x2703bccfcd4576fe176443369c17035f9ce657f44e3870d2beb7ad82f963d3c1,3050394,Will the highest temperature in Istanbul be 25°C on July 25?,2026-07-25,0.0635,2499.51,shoulder,No,0.9365,outer,,0.064,0.0555
2026-07-23T16:15:52.227028+00:00,Busan,0x9b085d21001fe9c8d6a93d5d9842a7be003ef9330eea93a15acee7f9964500fc,3050401,Will the highest temperature in Busan be 33°C on July 25?,2026-07-25,0.105,2987.36,shoulder,No,0.895,outer,,0.135,0.105
2026-07-23T16:15:52.227028+00:00,Busan,0x83fb35e005806cc95608f2a46a8afb157ce8ead95ea775a3c78ef21a141d6a44,3050403,Will the highest temperature in Busan be 35°C on July 25?,2026-07-25,0.295,7793.6,shoulder,No,0.705,core,,0.335,0.295
2026-07-23T16:15:52.227028+00:00,Busan,0x3aa322c8dc8160dc6829ecaebdde60b9dffebd84322ef4eb0d5dcac9f2f80370,3050404,Will the highest temperature in Busan be 36°C on July 25?,2026-07-25,0.125,3166.72,shoulder,No,0.875,outer,,0.135,0.105
2026-07-23T16:15:52.227028+00:00,Amsterdam,0x10f04c65d05913543b01ba574d1637bad0d0acd0c2af826886d18afdc2c83802,3050411,Will the highest temperature in Amsterdam be 22°C on July 25?,2026-07-25,0.055,2951.56,shoulder,No,0.945,outer,,0.065,0.03
2026-07-23T16:15:52.227028+00:00,Amsterdam,0x3b455429c58e9622af46d69423b43ecfe612c388d3f00806396f5fd386f6e107,3050412,Will the highest temperature in Amsterdam be 23°C on July 25?,2026-07-25,0.17,3394.74,shoulder,No,0.83,outer,,0.305,0.175
2026-07-23T16:15:52.227028+00:00,Amsterdam,0x6e241d0722fe15fadf11a3d02431d8d3fb1283aa993adc5404ab3316b2d7537d,3050414,Will the highest temperature in Amsterdam be 25°C on July 25?,2026-07-25,0.29,5040.51,shoulder,No,0.71,core,,0.305,0.21
2026-07-23T16:15:52.227028+00:00,Amsterdam,0xad120636c74730452ca09baae7ad712c878886f40b75c80af871ed3d529da58b,3050415,Will the highest temperature in Amsterdam be 26°C on July 25?,2026-07-25,0.105,3499.18,shoulder,No,0.895,outer,,0.135,0.095
2026-07-23T16:15:52.227028+00:00,Helsinki,0xada6ad09b75398977508242fa556fd175c542498af3c0fb3a1bfa7284f68aa9d,3050423,Will the highest temperature in Helsinki be 18°C on July 25?,2026-07-25,0.0545,3076.99,shoulder,No,0.9455,outer,,0.0565,0.035
2026-07-23T16:15:52.227028+00:00,Helsinki,0x9937d4407771664af8da6a462637991a60e4518174b23696fb47ffa18479d512,3050424,Will the highest temperature in Helsinki be 19°C on July 25?,2026-07-25,0.225,3543.47,shoulder,No,0.775,core,,0.32,0.23
2026-07-23T16:15:52.227028+00:00,Helsinki,0xaa457eeaaffcdf3d6bee85b26df2e45dca4527190b5ae0359952d091bf85396d,3050426,Will the highest temperature in Helsinki be 21°C on July 25?,2026-07-25,0.255,4178.28,shoulder,No,0.745,core,,0.265,0.18
2026-07-23T16:15:52.227028+00:00,Helsinki,0xc42fdce33d8596386c5fc3dd3fb1bca05f788b3aa393e674785f49197470e190,3050427,Will the highest temperature in Helsinki be 22°C on July 25?,2026-07-25,0.085,3552.7,shoulder,No,0.915,outer,,0.075,0.035
2026-07-23T16:15:52.227028+00:00,Kuala Lumpur,0xbd00d813edf292d5a5ad22d54bb9d57a92ab6e0433f609e9953326666fa64152,3050437,Will the highest temperature in Kuala Lumpur be 29°C on July 25?,2026-07-25,0.205,4213.45,shoulder,No,0.795,core,,0.19,0.175
2026-07-23T16:15:52.227028+00:00,Kuala Lumpur,0x77ea76696e35628073548f44f4026723dd5710c2f0208eeff094d11dd3843930,3050438,Will the highest temperature in Kuala Lumpur be 30°C on July 25?,2026-07-25,0.29,5121.33,shoulder,No,0.71,core,,0.335,0.285
2026-07-23T16:15:52.227028+00:00,Kuala Lumpur,0x371ca125b1dc9e195ea6cc0d1e7f94e925edb575e647f0755a3fb1b9f805f9dd,3050439,Will the highest temperature in Kuala Lumpur be 31°C on July 25?,2026-07-25,0.34,5457.89,shoulder,No,0.66,core,,0.335,0.325
2026-07-23T16:15:52.227028+00:00,Kuala Lumpur,0x932ba43814473f696dc5c7c255c693c672499c96efab6eafaa8edf21e762ec44,3050440,Will the highest temperature in Kuala Lumpur be 32°C on July 25?,2026-07-25,0.125,3088.72,shoulder,No,0.875,outer,,0.125,0.12
2026-07-23T16:15:52.227028+00:00,Kuala Lumpur,0x8fe671500af96fd5ace372e062c920a6c62fc830f1aa3b7c993402db86be768a,3050441,Will the highest temperature in Kuala Lumpur be 33°C or higher on July 25?,2026-07-25,0.07,4061.43,shoulder,No,0.93,outer,,0.085,0.045
2026-07-23T16:15:52.227028+00:00,Jeddah,0x1187c8f6ee8a83de9f81b6e7f378fec48f93009c560d083001e48240dd5cf6ce,3050447,Will the highest temperature in Jeddah be 38°C on July 25?,2026-07-25,0.09,2562.3,shoulder,No,0.91,outer,,0.125,0.07
2026-07-23T16:15:52.227028+00:00,Jeddah,0xea3e82a0805bee76208dc153811232569a36f00e197658ecee728388088cb109,3050448,Will the highest temperature in Jeddah be 39°C on July 25?,2026-07-25,0.195,2140.45,shoulder,No,0.805,outer,,0.225,0.175
2026-07-23T16:15:52.227028+00:00,Jeddah,0x4ed5c3463fa1618ff607b52ad7747a5298ba54d4196690758d733fdc5533106e,3050449,Will the highest temperature in Jeddah be 40°C on July 25?,2026-07-25,0.315,5029.53,shoulder,No,0.685,core,,0.325,0.29
2026-07-23T16:15:52.227028+00:00,Jeddah,0xd0b6e102134576ff51849c24cd5729a101259bc281238c54c7df91732318f255,3050450,Will the highest temperature in Jeddah be 41°C on July 25?,2026-07-25,0.26,5064.42,shoulder,No,0.74,core,,0.28,0.205
2026-07-23T16:15:52.227028+00:00,Jeddah,0xab9474fe911cc7088e5308044b5417c1f15d76a1079a3e6845673811ff71af9a,3050451,Will the highest temperature in Jeddah be 42°C on July 25?,2026-07-25,0.07,2623.0,shoulder,No,0.93,outer,,0.085,0.07
2026-07-23T16:15:52.227028+00:00,Guangzhou,0xedfc4bd05953acfd931c69c52e64f76b04985ab81ed7151e6f28b93851176aa2,3050458,Will the highest temperature in Guangzhou be 36°C on July 25?,2026-07-25,0.155,3406.44,shoulder,No,0.845,outer,,0.18,0.155
2026-07-23T16:15:52.227028+00:00,Guangzhou,0x62d4951c4cf8207ddf95213672341417b9194e3f50a93666e4c69cc9e7f8e00a,3050460,Will the highest temperature in Guangzhou be 38°C on July 25?,2026-07-25,0.305,5183.47,shoulder,No,0.695,core,,0.305,0.305
2026-07-23T16:15:52.227028+00:00,Guangzhou,0x52636c02c3722d92b3a9471c0c6f8a0c55cf85b620d59f28f7b9a270a7800fe6,3050461,Will the highest temperature in Guangzhou be 39°C on July 25?,2026-07-25,0.135,4832.46,shoulder,No,0.865,outer,,0.135,0.115
2026-07-23T16:15:52.227028+00:00,Qingdao,0xe94e1891fed7dc85e168298906cc17d47a4ab9586d5518b713d41904dbfb33b2,3050469,Will the highest temperature in Qingdao be 29°C on July 25?,2026-07-25,0.05,2126.25,shoulder,No,0.95,outer,,0.055,0.0255
2026-07-23T16:15:52.227028+00:00,Qingdao,0x7d730e99358be2f91e858f20d82747a536883c90f25e3b3c052e45aae94fb985,3050470,Will the highest temperature in Qingdao be 30°C on July 25?,2026-07-25,0.115,2079.82,shoulder,No,0.885,outer,,0.11,0.08
2026-07-23T16:15:52.227028+00:00,Qingdao,0x6dcb8cc98c0bf94ba003fa9383d6be58e938a862aea83490fa17e2934b84cb56,3050471,Will the highest temperature in Qingdao be 31°C on July 25?,2026-07-25,0.23,2344.79,shoulder,No,0.77,core,,0.245,0.215
2026-07-23T16:15:52.227028+00:00,Qingdao,0x83844c526b0660aeefa831cc8d0720aba6f712e4b6f127ae6cd7af746afc6865,3050472,Will the highest temperature in Qingdao be 32°C on July 25?,2026-07-25,0.29,3642.4,shoulder,No,0.71,core,,0.295,0.27
2026-07-23T16:15:52.227028+00:00,Qingdao,0xe9cb8c72caf5b8863022ac6545782a8c883c892772c629d0223a949d2e02c478,3050473,Will the highest temperature in Qingdao be 33°C on July 25?,2026-07-25,0.215,2810.03,shoulder,No,0.785,core,,0.26,0.215
2026-07-23T16:15:52.227028+00:00,Qingdao,0x177f8919c2491452faa2ef473c0eea666f9f057674f04301d8b2b495e2ddd5f1,3050474,Will the highest temperature in Qingdao be 34°C or higher on July 25?,2026-07-25,0.14,2319.53,shoulder,No,0.86,outer,,0.19,0.085
2026-07-23T16:15:52.227028+00:00,Manila,0x0e1ce80fa46b761925708ebb33bc18e4fe9b7e227709c224e373151b52225319,3050479,Will the highest temperature in Manila be 29°C on July 25?,2026-07-25,0.115,3183.79,shoulder,No,0.885,outer,,0.135,0.065
2026-07-23T16:15:52.227028+00:00,Manila,0x4bf02d78e74bd0b877651cf5bf0be461d767f4f7dbf463d196725f7aa785e447,3050480,Will the highest temperature in Manila be 30°C on July 25?,2026-07-25,0.285,5252.7,shoulder,No,0.715,core,,0.335,0.285
2026-07-23T16:15:52.227028+00:00,Manila,0x18f74f79e206e03f21ac84ee30dfbbb2474c61b5f52c0580e324936e01dde095,3050481,Will the highest temperature in Manila be 31°C on July 25?,2026-07-25,0.345,3695.56,shoulder,No,0.655,core,,0.4,0.345
2026-07-23T16:15:52.227028+00:00,Manila,0x14d17f027ed2d30aacf11d0b264e16c3e6e21750d8889c74f7325057565b5272,3050482,Will the highest temperature in Manila be 32°C on July 25?,2026-07-25,0.225,3212.01,shoulder,No,0.775,core,,0.245,0.185
2026-07-23T16:15:52.227028+00:00,Manila,0xc11f8fd643b3d9471b957a7750ffb4c17937baea31620bb8ea41a1f5f3329ef0,3050483,Will the highest temperature in Manila be 33°C on July 25?,2026-07-25,0.06,3212.4,shoulder,No,0.94,outer,,0.05,0.0315
2026-07-23T16:15:52.227028+00:00,London,0x511d8547d732f3286ca7c02885d26ffe9a3727fe755776c77c91fbe7e3d75ac2,3050587,Will the lowest temperature in London be 16°C on July 25?,2026-07-25,0.22,2639.84,shoulder,No,0.78,core,,0.245,0.205
2026-07-23T16:15:52.227028+00:00,London,0x158b49357e33f8ee8caf493c563c57064cd150d4aaaa105fffaa88310d0c5d43,3050589,Will the lowest temperature in London be 17°C on July 25?,2026-07-25,0.225,4059.75,shoulder,No,0.775,core,,0.305,0.265
2026-07-23T16:15:52.227028+00:00,London,0xd6e41c8d71718df207b273d2d6cab2e2f242444c75c0cc7923069350f5aacf7d,3050592,Will the lowest temperature in London be 19°C on July 25?,2026-07-25,0.05,1599.6,shoulder,No,0.95,outer,,0.0705,0.0225
2026-07-23T16:15:52.227028+00:00,Paris,0xe0c6a7cba6adca4714039f19abf1395f30ddb6225f8ec005534fdf0d83285341,3050612,Will the lowest temperature in Paris be 14°C on July 25?,2026-07-25,0.065,1817.81,shoulder,No,0.935,outer,,0.075,0.035
2026-07-23T16:15:52.227028+00:00,Paris,0xf8156fda777b10d4feec082eec7bd43eb4bf77f1db71187103e65df83855ca0b,3050614,Will the lowest temperature in Paris be 15°C on July 25?,2026-07-25,0.185,2623.7,shoulder,No,0.815,outer,,0.2,0.18
2026-07-23T16:15:52.227028+00:00,Paris,0x7289ff024fc1df385068f7c684fb1fd08e8764dc2ae0ec80899bc89d4a7d8ab0,3050617,Will the lowest temperature in Paris be 17°C on July 25?,2026-07-25,0.265,2966.85,shoulder,No,0.735,core,,0.305,0.265
2026-07-23T16:15:52.227028+00:00,Paris,0x9d13aa3dc3b590212e88800fe26e8fc9c5f62f8efe4498e65033ce220e01609b,3050619,Will the lowest temperature in Paris be 18°C on July 25?,2026-07-25,0.055,2212.85,shoulder,No,0.945,outer,,0.06,0.035
2026-07-23T16:15:52.227028+00:00,Seoul,0x4a659e848ae7157e8830b302e56cf1b5ed614e53e3e830fa0d836d0a44b5d161,3050646,Will the lowest temperature in Seoul be 23°C on July 25?,2026-07-25,0.085,1562.21,shoulder,No,0.915,outer,,0.095,0.0355
2026-07-23T16:15:52.227028+00:00,Seoul,0x569679ada01c1b19d3a352f0561030cb791c3721cd6c81e593c1ba92f6ec4e36,3050648,Will the lowest temperature in Seoul be 24°C on July 25?,2026-07-25,0.31,2451.92,shoulder,No,0.69,core,,0.35,0.31
2026-07-23T16:15:52.227028+00:00,Seoul,0x53e135f4a3b927fcb27dd3a497583e97ee109467a96e86325ac63c8acb57a1af,3050652,Will the lowest temperature in Seoul be 26°C on July 25?,2026-07-25,0.125,1181.13,shoulder,No,0.875,outer,,0.14,0.11
2026-07-23T16:15:52.227028+00:00,Tokyo,0xb7aa3e060b628314a228187b1533918ba1f9a3cd29c9b71ed1efad51edd0ea1b,3050677,Will the lowest temperature in Tokyo be 24°C on July 25?,2026-07-25,0.059,866.72,shoulder,No,0.941,outer,,0.076,0.059
2026-07-23T16:15:52.227028+00:00,Tokyo,0x11047647145fa99a0a950c1c8cd07e2fdf3dfd01a65da44a7e322dc67cb41b84,3050678,Will the lowest temperature in Tokyo be 25°C on July 25?,2026-07-25,0.31,1051.76,shoulder,No,0.69,core,,0.345,0.285
2026-07-23T16:15:52.227028+00:00,Tokyo,0x65abe3bc8abd032d065a878356beacaee58a0d97ec3d6906aaa2aac490ea502a,3050680,Will the lowest temperature in Tokyo be 27°C on July 25?,2026-07-25,0.159,1207.63,shoulder,No,0.841,outer,,0.131,0.1225
2026-07-23T16:15:52.227028+00:00,Hong Kong,0x9bdcfa29abde2424b572e9d52fb156c03e5b9eb95f3b0d2fa9c495b6d37e0bbc,3050687,Will the lowest temperature in Hong Kong be 25°C on July 25?,2026-07-25,0.0625,1764.1,shoulder,No,0.9375,outer,,0.1535,0.081
2026-07-23T16:15:52.227028+00:00,Hong Kong,0x21008fdfff220b049ea7b773e908816e652f9f53926365ed7174a33bd6d7477f,3050688,Will the lowest temperature in Hong Kong be 26°C on July 25?,2026-07-25,0.31,1896.29,shoulder,No,0.69,core,,0.275,0.225
2026-07-23T16:15:52.227028+00:00,Hong Kong,0xce2710e35c53c59b6c0d13ad3cd6b9bbddc60d215c13e135fd6f5e69267f004d,3050689,Will the lowest temperature in Hong Kong be 27°C on July 25?,2026-07-25,0.265,3293.89,shoulder,No,0.735,core,,0.485,0.27
2026-07-23T16:15:52.227028+00:00,Hong Kong,0x45fcd8429287af0ca06c7791725a80e7f5de8d8f3e28b07e5ac43265a20dd0bb,3050690,Will the lowest temperature in Hong Kong be 28°C on July 25?,2026-07-25,0.315,3226.85,shoulder,No,0.685,core,,0.315,0.155
2026-07-23T16:15:52.227028+00:00,Hong Kong,0xf8336012d6678e4a2a9f28f59e52e4ba56b27015a5f2b00550b8ce61d68b738d,3050691,Will the lowest temperature in Hong Kong be 29°C on July 25?,2026-07-25,0.075,1824.94,shoulder,No,0.925,outer,,0.085,0.04
2026-07-23T16:15:52.227028+00:00,Shanghai,0x59378941de64172860f62024cd42156b5d76fa438ae5ed4d9137365dac3f6340,3050699,Will the lowest temperature in Shanghai be 27°C on July 25?,2026-07-25,0.265,1692.43,shoulder,No,0.735,core,,0.265,0.12
2026-07-23T16:15:52.227028+00:00,Shanghai,0x9f588e2e6ef89047bf909d0acfcadcba6e306946c441b609aad92b8a4e39329c,3050701,Will the lowest temperature in Shanghai be 29°C on July 25?,2026-07-25,0.255,1869.6,shoulder,No,0.745,core,,0.25,0.235
2026-07-23T16:15:52.227028+00:00,Lucknow,0x7b01bb0730f4f3136ace1d5c4ae977d405313244e8e70ed9ba06c57a06aae614,3051145,Will the highest temperature in Lucknow be 31°C on July 25?,2026-07-25,0.115,3134.9,shoulder,No,0.885,outer,,0.125,0.1
2026-07-23T16:15:52.227028+00:00,Lucknow,0x6fff24f5cbe8686e141a7d43bac113efb7a6049ae9458f0f281ec484cb8c6cfb,3051146,Will the highest temperature in Lucknow be 32°C on July 25?,2026-07-25,0.23,2892.58,shoulder,No,0.77,core,,0.25,0.215
2026-07-23T16:15:52.227028+00:00,Lucknow,0x4b8059858e0b990a39640fe9d985e98c24ce5f9ffd26a5af9e1d3b5da922dfd9,3051147,Will the highest temperature in Lucknow be 33°C on July 25?,2026-07-25,0.315,3912.65,shoulder,No,0.685,core,,0.33,0.295
2026-07-23T16:15:52.227028+00:00,Lucknow,0x46f83bcca95d218875e6175b3fbc11846a66aed4857ac6453df01bba32aa001a,3051148,Will the highest temperature in Lucknow be 34°C on July 25?,2026-07-25,0.225,2804.58,shoulder,No,0.775,core,,0.24,0.22
2026-07-23T16:15:52.227028+00:00,Lucknow,0xc166aa4467b4838eb73effdb88b660fab3f363ae4b093bad2fedf4cb8cf42160,3051149,Will the highest temperature in Lucknow be 35°C or higher on July 25?,2026-07-25,0.13,2270.64,shoulder,No,0.87,outer,,0.15,0.075
2026-07-23T16:15:52.227028+00:00,Cape Town,0xc64dc478adaf458f68afa283fa23a0d8756acf960504709a333e8dd341885f8c,3051155,Will the highest temperature in Cape Town be 18°C on July 25?,2026-07-25,0.095,2855.06,shoulder,No,0.905,outer,,0.115,0.1
2026-07-23T16:15:52.227028+00:00,Cape Town,0x0dca3bc755225e13c5447adc882045bb34626f5f5b244688ae6acf4e4dbc233d,3051156,Will the highest temperature in Cape Town be 19°C on July 25?,2026-07-25,0.315,3351.24,shoulder,No,0.685,core,,0.335,0.305
2026-07-23T16:15:52.227028+00:00,Cape Town,0x6afdf745ae1e48c59bd4055508750b4228601308dea904adc1a6151c7a026e2c,3051158,Will the highest temperature in Cape Town be 21°C on July 25?,2026-07-25,0.205,3243.57,shoulder,No,0.795,core,,0.205,0.18
2026-07-23T16:15:52.227028+00:00,Karachi,0xc6827250653a5e8625894457ca023e69927c8c2e68e7754c587f4333e367254b,3051165,Will the highest temperature in Karachi be 32°C on July 25?,2026-07-25,0.095,2720.19,shoulder,No,0.905,outer,,0.0905,0.062
2026-07-23T16:15:52.227028+00:00,Karachi,0x6085ac81f6f33674faacdef016f1ee40fb1e267198409209a967d5d77b46bd6b,3051166,Will the highest temperature in Karachi be 33°C on July 25?,2026-07-25,0.245,3233.24,shoulder,No,0.755,core,,0.25,0.165
2026-07-23T16:15:52.227028+00:00,Karachi,0x22a558a0f7552c744cd91e41cc5f783fd585b2936286579d098f7dd465eecdb8,3051168,Will the highest temperature in Karachi be 35°C on July 25?,2026-07-25,0.225,3717.78,shoulder,No,0.775,core,,0.245,0.235
2026-07-23T16:15:52.227028+00:00,Karachi,0xa29327f5d23c520cc3ffc1c5849b2fc8f9631e36693463ea5dc8cf44ed6a3db1,3051169,Will the highest temperature in Karachi be 36°C on July 25?,2026-07-25,0.07,3954.59,shoulder,No,0.93,outer,,0.1,0.055
2026-07-23T17:16:57.776576+00:00,Shanghai,0x9136c0de1a8c688f18ffc5a94d2262ffea6791f645f5fc878a4f98b137673ab6,3025459,Will the lowest temperature in Shanghai be 28°C on July 24?,2026-07-24,0.75,158.55,favorite,Yes,0.75,fav_outer,,0.96,0.695
2026-07-23T17:16:57.776576+00:00,Munich,0x45b7d7dbef2681bf6b84d4cfe18217a7c74717cafaf4c32be731cbfff8632532,3050213,Will the highest temperature in Munich be 28°C on July 25?,2026-07-25,0.053,2517.91,shoulder,No,0.947,outer,,0.0435,0.011
2026-07-23T17:16:57.776576+00:00,Busan,0x72ddd4aacbdf6373c302cda83f70cc5d225ea15322ff008b7c483012e74d177c,3050400,Will the highest temperature in Busan be 32°C on July 25?,2026-07-25,0.057,1759.85,shoulder,No,0.943,outer,,0.0495,0.0105
2026-07-23T17:16:57.776576+00:00,London,0x5369d55d2d91e6bffc37a6cd0ec3136af53b206cc4db691b8de4c32d66e5bc3e,3050585,Will the lowest temperature in London be 15°C on July 25?,2026-07-25,0.097,1315.15,shoulder,No,0.903,outer,,0.1005,0.021
2026-07-23T17:16:57.776576+00:00,London,0xcaacfe7a80a844aa57140480de2b15e462cf7da3a4c162c8d44ab7ef79eab393,3050591,Will the lowest temperature in London be 18°C on July 25?,2026-07-25,0.225,3867.19,shoulder,No,0.775,core,,0.48,0.205
2026-07-23T17:16:57.776576+00:00,Tokyo,0xa34f0ccd4b3999c8f090ee7f5b5f50a727c7436cfaa3c24decbc259af25ba929,3050681,Will the lowest temperature in Tokyo be 28°C on July 25?,2026-07-25,0.051,658.09,shoulder,No,0.949,outer,,0.0545,0.0085
2026-07-23T17:16:57.776576+00:00,Shanghai,0x0fa7e765f64bc77dc2be71bab722e89f8fc7fcd300a09dd75cddf39db8354fb4,3050700,Will the lowest temperature in Shanghai be 28°C on July 25?,2026-07-25,0.345,767.2,shoulder,No,0.655,core,,0.5,0.39
2026-07-23T17:48:00.992410+00:00,Tokyo,0x8decaf2376113fa4a7e158e554c02302a4b837e82654008fd511e56832be370a,3050237,Will the highest temperature in Tokyo be 30°C on July 25?,2026-07-25,0.05,4156.71,shoulder,No,0.95,outer,,0.065,0.0135
2026-07-23T17:48:00.992410+00:00,Seoul,0x778cd9deb6a6dcd08550b8c9f1b1290edf826e825552e14222c053109dde6054,3050653,Will the lowest temperature in Seoul be 27°C on July 25?,2026-07-25,0.0525,1216.98,shoulder,No,0.9475,outer,,0.065,0.0265
2026-07-23T19:46:46.353306+00:00,Shenzhen,0x5b3c0b10b0689e2246fbad4e39ccac91cb7b87cc1e4fa14ae199d4e226549933,3050367,Will the highest temperature in Shenzhen be 31°C on July 25?,2026-07-25,0.05,4488.95,shoulder,No,0.95,outer,,0.0505,0.0195
2026-07-23T19:46:46.353306+00:00,Moscow,0x2c510879f5dbcd7030111fe69b30f1b4d48df742a6f4ee911d8eb7651e929eb8,3050378,Will the highest temperature in Moscow be 19°C on July 25?,2026-07-25,0.0595,2597.34,shoulder,No,0.9405,outer,,0.07,0.0565
2026-07-23T21:23:53.773925+00:00,Tel Aviv,0x9b14fbc71be4687dba4888d71d9a8e53e8f97bfa10876390642ee6318552fdb5,3025009,Will the highest temperature in Tel Aviv be 32°C on July 24?,2026-07-24,0.695,2107.09,favorite,Yes,0.695,fav_core,,0.665,0.655
2026-07-23T21:23:53.773925+00:00,Tokyo,0xde497e9f3f6f68b850cff5f8af746eb706cf92b972be4e9d1f222412997b23cd,3025437,Will the lowest temperature in Tokyo be 27°C on July 24?,2026-07-24,0.78,156.75,favorite,Yes,0.78,fav_outer,,0.665,0.47
2026-07-23T21:23:53.773925+00:00,Madrid,0x54132eb280bab24bc7b6dae75d27bb4a9f8c26f76659af21df853aceb4b556f5,3050291,Will the highest temperature in Madrid be 30°C on July 25?,2026-07-25,0.295,4206.35,shoulder,No,0.705,core,,0.275,0.235
2026-07-23T21:23:53.773925+00:00,Shanghai,0x25b47fda4b151f0904105e6e7ecbd1594a168cccd2c04d1c239d4709551cee05,3050698,Will the lowest temperature in Shanghai be 26°C on July 25?,2026-07-25,0.061,932.66,shoulder,No,0.939,outer,,0.0635,0.061
2026-07-23T21:23:53.773925+00:00,Shanghai,0x95538643cc7d675519d0e80cb53f06934b40d236c5d34a0e17d56db18ded7b9b,3050702,Will the lowest temperature in Shanghai be 30°C on July 25?,2026-07-25,0.0545,868.56,shoulder,No,0.9455,outer,,0.0245,0.0245
2026-07-23T23:14:09.410206+00:00,Madrid,0x024d470332fa713424a39c2535d010a2e23f8d1d575878a74768742bf657bb6f,3025073,Will the highest temperature in Madrid be 33°C on July 24?,2026-07-24,0.65,2332.18,favorite,Yes,0.65,fav_core,,0.67,0.67
2026-07-23T23:14:09.410206+00:00,Seoul,0xa8145ce08b27adc7ae4d5318cdcb664c4e7649438475c89151b5053d9fb68991,3050188,Will the highest temperature in Seoul be 32°C or higher on July 25?,2026-07-25,0.0655,2525.87,shoulder,No,0.9345,outer,,0.0685,0.0685
2026-07-23T23:14:09.410206+00:00,Ankara,0xc614e99d6f5d184fea5b64963b57a6abca4bec80bc6f8fdfbef9ba05b9789a09,3050190,Will the highest temperature in Ankara be 17°C on July 25?,2026-07-25,0.0555,3580.04,shoulder,No,0.9445,outer,,0.065,0.065
2026-07-23T23:14:09.410206+00:00,Madrid,0x538a3cf46ede51253f32a8d8ff763bd2804ad00e387ec95cf0caa668a77c2049,3050288,Will the highest temperature in Madrid be 27°C or below on July 25?,2026-07-25,0.0785,1901.42,shoulder,No,0.9215,outer,,0.0555,0.0555
2026-07-23T23:14:09.410206+00:00,Amsterdam,0x009ebf3638d9464cace799796cf82f78af9fa0f8995f6e8ad87c512c9dc82c05,3050413,Will the highest temperature in Amsterdam be 24°C on July 25?,2026-07-25,0.325,3261.65,shoulder,No,0.675,core,,0.325,0.325
2026-07-24T03:43:17.746111+00:00,Munich,0xd7b20af9d40a4e74cddbee1cbb54150705c91e695495f6e80591d6087cc40e7c,3050215,Will the highest temperature in Munich be 30°C on July 25?,2026-07-25,0.33,8502.52,shoulder,No,0.67,core,,,
2026-07-24T03:43:17.746111+00:00,Sao Paulo,0x3282fa159b0b4d5debc9713b2544b7ad92649933e19dd5f85ab95cbe9d729023,3074079,Will the highest temperature in Sao Paulo be 19°C on July 25?,2026-07-25,0.1,1049.51,shoulder,No,0.9,outer,,,
2026-07-24T03:43:17.746111+00:00,Sao Paulo,0x7b0b3d214d120fae23af04f4d67d3f15f8988b10518113b974a47bff39a588d3,3074080,Will the highest temperature in Sao Paulo be 20°C on July 25?,2026-07-25,0.195,1453.08,shoulder,No,0.805,outer,,,
2026-07-24T03:43:17.746111+00:00,Sao Paulo,0x63017ea28d9470d83594fab60857bb781a605ebaf6690f791e76513703411b82,3074081,Will the highest temperature in Sao Paulo be 21°C on July 25?,2026-07-25,0.305,3451.72,shoulder,No,0.695,core,,,
2026-07-24T03:43:17.746111+00:00,Sao Paulo,0x18c60063b1c43e6697e864e050120a61960808d0acd492585f318dd1ae78c1a0,3074082,Will the highest temperature in Sao Paulo be 22°C on July 25?,2026-07-25,0.275,1858.06,shoulder,No,0.725,core,,,
2026-07-24T03:43:17.746111+00:00,Sao Paulo,0x63a2414f1872a7343b880e6e3979206b3db8a769fd0b27da947a1cc1493f0703,3074083,Will the highest temperature in Sao Paulo be 23°C on July 25?,2026-07-25,0.125,1021.31,shoulder,No,0.875,outer,,,
2026-07-24T03:43:17.746111+00:00,Buenos Aires,0xdef7dd4cc68977da5eab339bc2d0d437a6f0f8b0228ffa5fcf4ca9229f0cdced,3074089,Will the highest temperature in Buenos Aires be 14°C on July 25?,2026-07-25,0.06,844.53,shoulder,No,0.94,outer,,,
2026-07-24T03:43:17.746111+00:00,Buenos Aires,0x7f4e1e76f26e3ed980d132eab6361611b0abc42ece71ea65cb2e6c234a74b8fd,3074090,Will the highest temperature in Buenos Aires be 15°C on July 25?,2026-07-25,0.2,904.23,shoulder,No,0.8,core,,,
2026-07-24T03:43:17.746111+00:00,Buenos Aires,0x09a457ea201862ecb776344550dc7ec1730f299699b180db96652938decfbd30,3074091,Will the highest temperature in Buenos Aires be 16°C on July 25?,2026-07-25,0.285,2049.39,shoulder,No,0.715,core,,,
2026-07-24T03:43:17.746111+00:00,Buenos Aires,0x828c675e22864a209aa07befc97c3534f1887c6ff6ae222455908aeacb2ac950,3074092,Will the highest temperature in Buenos Aires be 17°C on July 25?,2026-07-25,0.315,2355.77,shoulder,No,0.685,core,,,
2026-07-24T03:43:17.746111+00:00,Buenos Aires,0xdacf38a672a41598535ce0a09734ba24a1f7926f52e53bf2d5b72a50d5db59d1,3074093,Will the highest temperature in Buenos Aires be 18°C on July 25?,2026-07-25,0.16,919.02,shoulder,No,0.84,outer,,,
2026-07-24T03:43:17.746111+00:00,Buenos Aires,0xd759869c2424d0e80e206bee3480f7381089f5d9ceb0c4596b6224c2703f2231,3074094,Will the highest temperature in Buenos Aires be 19°C on July 25?,2026-07-25,0.07,830.27,shoulder,No,0.93,outer,,,
2026-07-24T03:43:17.746111+00:00,Toronto,0x1ac21d42075f6e009a9745476522a1354a075875551b25ae35165e0a67ab4b2a,3074100,Will the highest temperature in Toronto be 24°C on July 25?,2026-07-25,0.05,830.62,shoulder,No,0.95,outer,,,
2026-07-24T03:43:17.746111+00:00,Toronto,0x1f0e66b7a6400072df56bad902b6dd8e9aea744dc9d6a72c4474786fba39bf64,3074101,Will the highest temperature in Toronto be 25°C on July 25?,2026-07-25,0.065,774.52,shoulder,No,0.935,outer,,,
2026-07-24T03:43:17.746111+00:00,Toronto,0xebd7c7bb33c741a142c238ebe4a188021ef6fa23dc0f1cb547e92eed4b595711,3074102,Will the highest temperature in Toronto be 26°C on July 25?,2026-07-25,0.31,1157.57,shoulder,No,0.69,core,,,
2026-07-24T03:43:17.746111+00:00,Toronto,0x94816ebbe4c9ba3d4b8e5e00b7d5efd2f23cd086046440a593394ccbda41f765,3074104,Will the highest temperature in Toronto be 28°C on July 25?,2026-07-25,0.175,1155.28,shoulder,No,0.825,outer,,,
2026-07-24T03:43:17.746111+00:00,Toronto,0x091354537eef4ec630c9a2a98120d899ec439659973bf6742bc7089bc99f24a2,3074105,Will the highest temperature in Toronto be 29°C on July 25?,2026-07-25,0.05,774.76,shoulder,No,0.95,outer,,,
2026-07-24T03:43:17.746111+00:00,Seattle,0xef29af6afc2c4ab61cf86d9941961b6a32754f6eaa9391195c6bd6eae172887e,3074112,Will the highest temperature in Seattle be between 68-69°F on July 25?,2026-07-25,0.225,836.82,shoulder,No,0.775,core,,,
2026-07-24T03:43:17.746111+00:00,Seattle,0x08ac4678de1bc342bfaeec63af4b115bbea517e2cbb9e37467b614778fd33dcb,3074113,Will the highest temperature in Seattle be between 70-71°F on July 25?,2026-07-25,0.335,1432.83,shoulder,No,0.665,core,,,
2026-07-24T03:43:17.746111+00:00,Seattle,0xb7c57cee710ee5c5aea2a2e0248eb93e44401de3887c1bcf3ec40bcebbe59d9c,3074114,Will the highest temperature in Seattle be between 72-73°F on July 25?,2026-07-25,0.235,1076.6,shoulder,No,0.765,core,,,
2026-07-24T03:43:17.746111+00:00,Seattle,0x2c128d0d2995fd1af6a48281a1dc7982a9b4467c219d1e73ed15f7eb47496b5b,3074115,Will the highest temperature in Seattle be between 74-75°F on July 25?,2026-07-25,0.125,848.05,shoulder,No,0.875,outer,,,
2026-07-24T03:43:17.746111+00:00,NYC,0x37b4e66ed76a1ae459bf10d847a67f8b177df9e948837bb216db7f0ddeeb0a8f,3074121,Will the highest temperature in New York City be between 78-79°F on July 25?,2026-07-25,0.06,889.71,shoulder,No,0.94,outer,,,
2026-07-24T03:43:17.746111+00:00,NYC,0x7dfcb186ea5222309816d212c280cfe57df6a299d7e840a57513af736efcb380,3074122,Will the highest temperature in New York City be between 80-81°F on July 25?,2026-07-25,0.335,1732.93,shoulder,No,0.665,core,,,
2026-07-24T03:43:17.746111+00:00,NYC,0x4f7bb99fa88e37cd204323612dca2423ccee7c140d19f44093d4d1adcf27fdf7,3074124,Will the highest temperature in New York City be between 84-85°F on July 25?,2026-07-25,0.175,1149.39,shoulder,No,0.825,outer,,,
2026-07-24T03:43:17.746111+00:00,NYC,0x840d10a687b9d904f0bf0438cc1e3efde9c136d3910237ea962cb6ae5dab7b15,3074125,Will the highest temperature in New York City be between 86-87°F on July 25?,2026-07-25,0.08,1028.05,shoulder,No,0.92,outer,,,
2026-07-24T03:43:17.746111+00:00,Dallas,0x1f651faa398a766b0fca3e1a65a6f480e19317b3ac4dcc13fb9813d6e0ed4f18,3074132,Will the highest temperature in Dallas be between 96-97°F on July 25?,2026-07-25,0.13,985.36,shoulder,No,0.87,outer,,,
2026-07-24T03:43:17.746111+00:00,Dallas,0x2541495f8864f24f84496e0c9618aec19859f78781d160fbb9b8e44ecb67d724,3074133,Will the highest temperature in Dallas be between 98-99°F on July 25?,2026-07-25,0.345,1197.23,shoulder,No,0.655,core,,,
2026-07-24T03:43:17.746111+00:00,Dallas,0x467193ce6bd0412f98c5cd59ec171a31574830180e9344d42b6dd645301cd680,3074135,Will the highest temperature in Dallas be between 102-103°F on July 25?,2026-07-25,0.165,1076.99,shoulder,No,0.835,outer,,,
2026-07-24T03:43:17.746111+00:00,Dallas,0x88202855e4a257dd8910a211931697d14f88004c510c34cb2216d5d073e05ad0,3074136,Will the highest temperature in Dallas be between 104-105°F on July 25?,2026-07-25,0.065,950.0,shoulder,No,0.935,outer,,,
2026-07-24T03:43:17.746111+00:00,Atlanta,0x8fec40e9b48917df502f67f0eeaf4d61b332ef4bbb2d475cbc712dd3e89173e4,3074146,Will the highest temperature in Atlanta be between 80-81°F on July 25?,2026-07-25,0.07,882.69,shoulder,No,0.93,outer,,,
2026-07-24T03:43:17.746111+00:00,Atlanta,0x2ada83253aa70413a38bd0ee1461e3471a6f3d9f3e6849dbc57bd71c5a852f8e,3074147,Will the highest temperature in Atlanta be between 82-83°F on July 25?,2026-07-25,0.24,889.9,shoulder,No,0.76,core,,,
2026-07-24T03:43:17.746111+00:00,Atlanta,0x057e55854a5facc3287f1a4caa7757eb14f16fa4231ba46e7fcc7a89220af216,3074148,Will the highest temperature in Atlanta be between 84-85°F on July 25?,2026-07-25,0.33,1902.39,shoulder,No,0.67,core,,,
2026-07-24T03:43:17.746111+00:00,Atlanta,0xc84415124b40599790c0e3f26e0b7dbe39617115b2e71b70d089a443498e0112,3074149,Will the highest temperature in Atlanta be between 86-87°F on July 25?,2026-07-25,0.245,1416.74,shoulder,No,0.755,core,,,
2026-07-24T03:43:17.746111+00:00,Atlanta,0xbeaacd4b2255e63d71bdfb2c63510bf2c6470894ddec5a2e3ff31f8e7904f695,3074150,Will the highest temperature in Atlanta be between 88-89°F on July 25?,2026-07-25,0.15,942.28,shoulder,No,0.85,outer,,,
2026-07-24T03:43:17.746111+00:00,Miami,0x34d4c724f6783cb7aace35879cfb24f7d506c31807a40ccb4baaf4884648c2c4,3074158,Will the highest temperature in Miami be between 88-89°F on July 25?,2026-07-25,0.125,893.43,shoulder,No,0.875,outer,,,
2026-07-24T03:43:17.746111+00:00,Miami,0x44ac85a33eb0c1d259cfdcc43b95febb47a42d159e0c06397c9f8e6b56ca7025,3074161,Will the highest temperature in Miami be between 94-95°F on July 25?,2026-07-25,0.09,942.61,shoulder,No,0.91,outer,,,
2026-07-24T03:43:17.746111+00:00,Chicago,0x08f1993821fac0ff66ad300a6c90e95f97eb8d2d8b416d531eeed522e4e2eb20,3074164,Will the highest temperature in Chicago be 79°F or below on July 25?,2026-07-25,0.205,399.42,shoulder,No,0.795,core,,,
2026-07-24T03:43:17.746111+00:00,Chicago,0x75ac9500383d40444106d21824adc102063d1eb8a57628db7906d3eed0310ec1,3074165,Will the highest temperature in Chicago be between 80-81°F on July 25?,2026-07-25,0.31,1173.96,shoulder,No,0.69,core,,,
2026-07-24T03:43:17.746111+00:00,Chicago,0xab6a9b88ac30cfb92e77c1853baa96c61bb2320ff74ce9dba0b18d4dde6b6738,3074166,Will the highest temperature in Chicago be between 82-83°F on July 25?,2026-07-25,0.25,1444.9,shoulder,No,0.75,core,,,
2026-07-24T03:43:17.746111+00:00,Chicago,0x6aea2d38ff312462a4e97086f9be19de7b4cf1d5fa23b159777750033dbc97ac,3074167,Will the highest temperature in Chicago be between 84-85°F on July 25?,2026-07-25,0.18,1327.12,shoulder,No,0.82,outer,,,
2026-07-24T03:43:17.746111+00:00,Chicago,0xecd7c547f1737a4c5f7a9bafec0d8daeddc5ba4ff6c3b879e4569446eac9e7f1,3074168,Will the highest temperature in Chicago be between 86-87°F on July 25?,2026-07-25,0.095,1235.82,shoulder,No,0.905,outer,,,
2026-07-24T03:43:17.746111+00:00,Austin,0xc4e9caf3a4b38aa87cb4c7e4ecb7fb0e43e4207024a699c81b446656b52541c9,3074178,Will the highest temperature in Austin be between 92-93°F on July 25?,2026-07-25,0.09,925.8,shoulder,No,0.91,outer,,,
2026-07-24T03:43:17.746111+00:00,Austin,0xdf763c88cd28371062de93385bdbe481d50d7fd092c5ff3e0d9bc6a94984ecb1,3074179,Will the highest temperature in Austin be between 94-95°F on July 25?,2026-07-25,0.215,1491.83,shoulder,No,0.785,core,,,
2026-07-24T03:43:17.746111+00:00,Austin,0xda45f8deae76fdc016128c5f768648fa57ab5f83c699d641976722cf18f36395,3074181,Will the highest temperature in Austin be between 98-99°F on July 25?,2026-07-25,0.23,1260.01,shoulder,No,0.77,core,,,
2026-07-24T03:43:17.746111+00:00,Austin,0xefad59d008a807b58bd0c22b0cc972cfd3b70fc1ceaaeafa873984675b7493f7,3074182,Will the highest temperature in Austin be between 100-101°F on July 25?,2026-07-25,0.1,1050.25,shoulder,No,0.9,outer,,,
2026-07-24T03:43:17.746111+00:00,Denver,0x4213c0c4ad7f6bf2d80798f647093dbf20a55903df062201c3c6834609154596,3074189,Will the highest temperature in Denver be between 94-95°F on July 25?,2026-07-25,0.095,842.94,shoulder,No,0.905,outer,,,
2026-07-24T03:43:17.746111+00:00,Denver,0x4b48446d98ffdde49db89affe097d96efedae4b5b0adc87cc8c167c102af0618,3074190,Will the highest temperature in Denver be between 96-97°F on July 25?,2026-07-25,0.17,1007.47,shoulder,No,0.83,outer,,,
2026-07-24T03:43:17.746111+00:00,Denver,0x1dee5d0ada64742ca4a7a378caf2b572ec77e23a1810c07c6b90a3933c6643f4,3074192,Will the highest temperature in Denver be between 100-101°F on July 25?,2026-07-25,0.255,1714.44,shoulder,No,0.745,core,,,
2026-07-24T03:43:17.746111+00:00,Denver,0xc1f0ca22439ebd0ec338cf7d6325a016eae31f4df849be4209506549f1eecc96,3074193,Will the highest temperature in Denver be between 102-103°F on July 25?,2026-07-25,0.125,1086.17,shoulder,No,0.875,outer,,,
2026-07-24T03:43:17.746111+00:00,Houston,0x07f6ddf1f66c2685138aca0cd431135ffeb9e3c04def52fca53f266eeb97091e,3074201,Will the highest temperature in Houston be between 90-91°F on July 25?,2026-07-25,0.105,1168.16,shoulder,No,0.895,outer,,,
2026-07-24T03:43:17.746111+00:00,Houston,0x912e10654628d96ba3059221723074a14ca42d9d5e1ba8929176c7259cacf80e,3074202,Will the highest temperature in Houston be between 92-93°F on July 25?,2026-07-25,0.34,1081.25,shoulder,No,0.66,core,,,
2026-07-24T03:43:17.746111+00:00,Houston,0xb9d95e401fb065fab5f963557676fc947bb594e84ceafb809ee93a403015760b,3074204,Will the highest temperature in Houston be between 96-97°F on July 25?,2026-07-25,0.135,1039.35,shoulder,No,0.865,outer,,,
2026-07-24T03:43:17.746111+00:00,Los Angeles,0x0cb31a649e5bbbf3165978786752af9a04b97affc5389663c433ab700dc4c128,3074211,Will the highest temperature in Los Angeles be between 76-77°F on July 25?,2026-07-25,0.065,1257.31,shoulder,No,0.935,outer,,,
2026-07-24T03:43:17.746111+00:00,Los Angeles,0x107ea4a7c7a313d8b21ba782d64caf5eb771ae2bfa9f97d2e22acec7d5d4d910,3074212,Will the highest temperature in Los Angeles be between 78-79°F on July 25?,2026-07-25,0.28,1657.14,shoulder,No,0.72,core,,,
2026-07-24T03:43:17.746111+00:00,Los Angeles,0xe253ca43f9fd25655634a33f53093a38187faa3c56f77c063893eb73acea60aa,3074214,Will the highest temperature in Los Angeles be between 82-83°F on July 25?,2026-07-25,0.235,1606.8,shoulder,No,0.765,core,,,
2026-07-24T03:43:17.746111+00:00,Los Angeles,0x08fddf14b246c62986d5ab124aa065145f4e48c51b29f0847dc16551ec33e77d,3074215,Will the highest temperature in Los Angeles be between 84-85°F on July 25?,2026-07-25,0.095,1315.95,shoulder,No,0.905,outer,,,
2026-07-24T03:43:17.746111+00:00,San Francisco,0x73aac1e81a6f27c9797d2db2186bd25bb5071fcbd3a271abff9d7b75a962a664,3074223,Will the highest temperature in San Francisco be between 66-67°F on July 25?,2026-07-25,0.11,962.48,shoulder,No,0.89,outer,,,
2026-07-24T03:43:17.746111+00:00,San Francisco,0x990e013fcc7183b895c5efa1924dd02ca35d106b2bd2721ffb755ab9a1a4f31e,3074224,Will the highest temperature in San Francisco be between 68-69°F on July 25?,2026-07-25,0.315,1618.3,shoulder,No,0.685,core,,,
2026-07-24T03:43:17.746111+00:00,San Francisco,0x04d738398322090a88be290bd224b6de952ec97efe409079f633996ee9b987f4,3074226,Will the highest temperature in San Francisco be between 72-73°F on July 25?,2026-07-25,0.19,1004.0,shoulder,No,0.81,outer,,,
2026-07-24T03:43:17.746111+00:00,San Francisco,0xd08561a8c3e2285d432f95c2f2f874a6fe0d41d87bdcc714ffac2aa5be87fc3c,3074227,Will the highest temperature in San Francisco be between 74-75°F on July 25?,2026-07-25,0.06,861.9,shoulder,No,0.94,outer,,,
2026-07-24T03:43:17.746111+00:00,Mexico City,0x4ebf2f0363774038cf1dc512f0627fff3aba77217f2bf57c1fa3092b0ac32a02,3074232,Will the highest temperature in Mexico City be 25°C on July 25?,2026-07-25,0.13,867.36,shoulder,No,0.87,outer,,,
2026-07-24T03:43:17.746111+00:00,Mexico City,0xef5f05ab81ff2961b7971b71987ef3fb2ef793339297078bb8807cda5c85abbc,3074233,Will the highest temperature in Mexico City be 26°C on July 25?,2026-07-25,0.285,1782.25,shoulder,No,0.715,core,,,
2026-07-24T03:43:17.746111+00:00,Mexico City,0xe6efbe3ac4f01649a76ce2b91ad055c3687fa9bef79d5954c64110e666a42e25,3074235,Will the highest temperature in Mexico City be 28°C on July 25?,2026-07-25,0.175,897.06,shoulder,No,0.825,outer,,,
2026-07-24T03:43:17.746111+00:00,Mexico City,0x5a17e13cba786b66734c4f1861f5213252f00baba8d38fba683b3604cf57a3ae,3074236,Will the highest temperature in Mexico City be 29°C on July 25?,2026-07-25,0.08,909.4,shoulder,No,0.92,outer,,,
2026-07-24T03:43:17.746111+00:00,Panama City,0x2b6c0e81f665762eea33f3a622f80c3dcaf008b39bed950b16c21e163dbc84dc,3074245,Will the highest temperature in Panama City be 31°C on July 25?,2026-07-25,0.18,944.32,shoulder,No,0.82,outer,,,
2026-07-24T03:43:17.746111+00:00,Panama City,0x42a23aa627ddefba3c22aa1842ee7791673d6f2eb1ec295d51459eac3dfc2b62,3074246,Will the highest temperature in Panama City be 32°C on July 25?,2026-07-25,0.345,1682.11,shoulder,No,0.655,core,,,
2026-07-24T03:43:17.746111+00:00,Panama City,0x2730298e31f6729d51fb3814d558b1e2e44dc5288385f713798247d1332250c3,3074248,Will the highest temperature in Panama City be 34°C on July 25?,2026-07-25,0.13,865.28,shoulder,No,0.87,outer,,,
2026-07-24T03:43:17.746111+00:00,NYC,0xabc44f1ff146422907389adebddaa6353f141fa67b448d8036a38d4591d8c7a6,3074401,Will the lowest temperature in New York City be between 60-61°F on July 25?,2026-07-25,0.08,152.82,shoulder,No,0.92,outer,,,
2026-07-24T03:43:17.746111+00:00,NYC,0xf9e201083cb5bf29e3127431d7f69df3ed3cb4e10faa0ade6eddd672e23018e4,3074406,Will the lowest temperature in New York City be between 62-63°F on July 25?,2026-07-25,0.135,136.56,shoulder,No,0.865,outer,,,
2026-07-24T03:43:17.746111+00:00,NYC,0x92c1784a70aa80d59450fd7fa163faecc38e5465c0555ec1bef545bc978446d0,3074408,Will the lowest temperature in New York City be between 64-65°F on July 25?,2026-07-25,0.195,131.76,shoulder,No,0.805,outer,,,
2026-07-24T03:43:17.746111+00:00,NYC,0xbd1dc00561defe657b2e1ba0780a689fc4a034c86924dfbca075c58ef15ca99d,3074410,Will the lowest temperature in New York City be between 66-67°F on July 25?,2026-07-25,0.225,136.63,shoulder,No,0.775,core,,,
2026-07-24T03:43:17.746111+00:00,NYC,0xb999857f2b88ff56ec577c6118103d583b11bdaad519f4d28fda99b18db66583,3074412,Will the lowest temperature in New York City be between 68-69°F on July 25?,2026-07-25,0.195,132.06,shoulder,No,0.805,outer,,,
2026-07-24T03:43:17.746111+00:00,NYC,0xfeaf78330fa95f325e18aedd138903f05f4f4b19e77a5a78499214e38257bcae,3074414,Will the lowest temperature in New York City be between 70-71°F on July 25?,2026-07-25,0.14,136.02,shoulder,No,0.86,outer,,,
2026-07-24T03:43:17.746111+00:00,NYC,0x3d00b5e273f9eb72e5dc34063800dee1be2d456c46fe1a6acd29539a0a999afb,3074416,Will the lowest temperature in New York City be between 72-73°F on July 25?,2026-07-25,0.16,135.29,shoulder,No,0.84,outer,,,
2026-07-24T03:43:17.746111+00:00,NYC,0x08e09d0226236ee045276189186161276852b20084a36e8c3148053095de6fc3,3074417,Will the lowest temperature in New York City be between 74-75°F on July 25?,2026-07-25,0.08,188.52,shoulder,No,0.92,outer,,,
2026-07-24T03:43:17.746111+00:00,Miami,0x0ca72e843414debb99ea340707241ed80011575140555ffd2442a022e9b30835,3074420,Will the lowest temperature in Miami be between 72-73°F on July 25?,2026-07-25,0.07,345.38,shoulder,No,0.93,outer,,,
2026-07-24T03:43:17.746111+00:00,Miami,0x78dcc35f6652167d8b34b67ac77f0ff3793616fd9faebafd3c871eca4794eac3,3074421,Will the lowest temperature in Miami be between 74-75°F on July 25?,2026-07-25,0.085,142.79,shoulder,No,0.915,outer,,,
2026-07-24T03:43:17.746111+00:00,Miami,0x4334b03588e479764013a64df7ddbf425267a75772cc1bed57f6ec082b29184d,3074422,Will the lowest temperature in Miami be between 76-77°F on July 25?,2026-07-25,0.11,145.41,shoulder,No,0.89,outer,,,
2026-07-24T03:43:17.746111+00:00,Miami,0xe1c7f4e43ce1e17bd8a36ba6a9e72668e20072cacc5fe003c0f70725d0781232,3074423,Will the lowest temperature in Miami be between 78-79°F on July 25?,2026-07-25,0.18,187.51,shoulder,No,0.82,outer,,,
2026-07-24T03:43:17.746111+00:00,Miami,0x92fee330362d225671c458561f66f52cd0fe6b31bbdb9f112b7f4dffc728f26b,3074425,Will the lowest temperature in Miami be between 82-83°F on July 25?,2026-07-25,0.22,199.1,shoulder,No,0.78,core,,,
2026-07-24T03:43:17.746111+00:00,Miami,0x3cfcc8c16fb104dff3cd9bc3ab2ed85cf8c4f4207ce8998d7a98b5e0b2417ba5,3074426,Will the lowest temperature in Miami be between 84-85°F on July 25?,2026-07-25,0.11,144.93,shoulder,No,0.89,outer,,,
2026-07-24T03:43:17.746111+00:00,Miami,0xf7d0a69a459b7627f4eaaff781bcaf905587d73bfeb916d74caefc563a8f7eb2,3074427,Will the lowest temperature in Miami be between 86-87°F on July 25?,2026-07-25,0.08,212.65,shoulder,No,0.92,outer,,,
