city,fetched_at_utc,date_local,date_utc,temp_max_c,temp_min_c,precip_sum_mm
Hong Kong,2026-03-17T22:46:06.566720+00:00,2026-03-18,2026-03-17T16:00:00+00:00,26.8,17.3,0.0
Hong Kong,2026-03-17T22:46:06.566720+00:00,2026-03-19,2026-03-18T16:00:00+00:00,27.4,17.8,0.0
Hong Kong,2026-03-17T22:46:06.566720+00:00,2026-03-20,2026-03-19T16:00:00+00:00,24.0,20.1,0.0
Hong Kong,2026-03-17T22:46:06.566720+00:00,2026-03-21,2026-03-20T16:00:00+00:00,26.3,19.2,0.0
Hong Kong,2026-03-17T22:46:06.566720+00:00,2026-03-22,2026-03-21T16:00:00+00:00,25.5,20.1,0.0
Hong Kong,2026-03-17T22:46:06.566720+00:00,2026-03-23,2026-03-22T16:00:00+00:00,26.8,20.4,0.0
Hong Kong,2026-03-17T22:46:06.566720+00:00,2026-03-24,2026-03-23T16:00:00+00:00,27.7,21.1,0.0
Hong Kong,2026-03-17T22:46:06.566720+00:00,2026-03-25,2026-03-24T16:00:00+00:00,25.1,20.2,0.0
Hong Kong,2026-03-17T22:46:06.566720+00:00,2026-03-26,2026-03-25T16:00:00+00:00,25.5,21.9,0.0
Hong Kong,2026-03-17T22:46:06.566720+00:00,2026-03-27,2026-03-26T16:00:00+00:00,25.9,22.3,0.0
Hong Kong,2026-03-17T22:46:06.566720+00:00,2026-03-28,2026-03-27T16:00:00+00:00,23.2,20.7,0.0
Hong Kong,2026-03-17T22:46:06.566720+00:00,2026-03-29,2026-03-28T16:00:00+00:00,24.5,20.7,0.0
Hong Kong,2026-03-17T22:46:06.566720+00:00,2026-03-30,2026-03-29T16:00:00+00:00,26.3,22.2,0.0
Hong Kong,2026-03-17T22:46:06.566720+00:00,2026-03-31,2026-03-30T16:00:00+00:00,24.0,19.2,0.9
Hong Kong,2026-03-17T22:46:06.566720+00:00,2026-04-01,2026-03-31T16:00:00+00:00,23.0,19.9,0.0
Hong Kong,2026-03-17T22:46:06.566720+00:00,2026-04-02,2026-04-01T16:00:00+00:00,,,
Hong Kong,2026-03-17T23:13:56.216086+00:00,2026-03-18,2026-03-17T16:00:00+00:00,26.8,17.3,0.0
Hong Kong,2026-03-17T23:13:56.216086+00:00,2026-03-19,2026-03-18T16:00:00+00:00,27.4,17.8,0.0
Hong Kong,2026-03-17T23:13:56.216086+00:00,2026-03-20,2026-03-19T16:00:00+00:00,24.0,20.1,0.0
Hong Kong,2026-03-17T23:13:56.216086+00:00,2026-03-21,2026-03-20T16:00:00+00:00,26.3,19.2,0.0
Hong Kong,2026-03-17T23:13:56.216086+00:00,2026-03-22,2026-03-21T16:00:00+00:00,25.5,20.1,0.0
Hong Kong,2026-03-17T23:13:56.216086+00:00,2026-03-23,2026-03-22T16:00:00+00:00,26.8,20.4,0.0
Hong Kong,2026-03-17T23:13:56.216086+00:00,2026-03-24,2026-03-23T16:00:00+00:00,27.7,21.1,0.0
Hong Kong,2026-03-17T23:13:56.216086+00:00,2026-03-25,2026-03-24T16:00:00+00:00,25.1,20.2,0.0
Hong Kong,2026-03-17T23:13:56.216086+00:00,2026-03-26,2026-03-25T16:00:00+00:00,25.5,21.9,0.0
Hong Kong,2026-03-17T23:13:56.216086+00:00,2026-03-27,2026-03-26T16:00:00+00:00,25.9,22.3,0.0
Hong Kong,2026-03-17T23:13:56.216086+00:00,2026-03-28,2026-03-27T16:00:00+00:00,23.2,20.7,0.0
Hong Kong,2026-03-17T23:13:56.216086+00:00,2026-03-29,2026-03-28T16:00:00+00:00,24.5,20.7,0.0
Hong Kong,2026-03-17T23:13:56.216086+00:00,2026-03-30,2026-03-29T16:00:00+00:00,26.3,22.2,0.0
Hong Kong,2026-03-17T23:13:56.216086+00:00,2026-03-31,2026-03-30T16:00:00+00:00,24.0,19.2,0.9
Hong Kong,2026-03-17T23:13:56.216086+00:00,2026-04-01,2026-03-31T16:00:00+00:00,23.0,19.9,0.0
Hong Kong,2026-03-17T23:13:56.216086+00:00,2026-04-02,2026-04-01T16:00:00+00:00,,,
Hong Kong,2026-03-17T23:24:12.680923+00:00,2026-03-18,2026-03-17T16:00:00+00:00,26.8,17.3,0.0
Hong Kong,2026-03-17T23:24:12.680923+00:00,2026-03-19,2026-03-18T16:00:00+00:00,27.4,17.8,0.0
Hong Kong,2026-03-17T23:24:12.680923+00:00,2026-03-20,2026-03-19T16:00:00+00:00,24.0,20.1,0.0
Hong Kong,2026-03-17T23:24:12.680923+00:00,2026-03-21,2026-03-20T16:00:00+00:00,26.3,19.2,0.0
Hong Kong,2026-03-17T23:24:12.680923+00:00,2026-03-22,2026-03-21T16:00:00+00:00,25.5,20.1,0.0
Hong Kong,2026-03-17T23:24:12.680923+00:00,2026-03-23,2026-03-22T16:00:00+00:00,26.8,20.4,0.0
Hong Kong,2026-03-17T23:24:12.680923+00:00,2026-03-24,2026-03-23T16:00:00+00:00,27.7,21.1,0.0
Hong Kong,2026-03-17T23:24:12.680923+00:00,2026-03-25,2026-03-24T16:00:00+00:00,25.1,20.2,0.0
Hong Kong,2026-03-17T23:24:12.680923+00:00,2026-03-26,2026-03-25T16:00:00+00:00,25.5,21.9,0.0
Hong Kong,2026-03-17T23:24:12.680923+00:00,2026-03-27,2026-03-26T16:00:00+00:00,25.9,22.3,0.0
Hong Kong,2026-03-17T23:24:12.680923+00:00,2026-03-28,2026-03-27T16:00:00+00:00,23.2,20.7,0.0
Hong Kong,2026-03-17T23:24:12.680923+00:00,2026-03-29,2026-03-28T16:00:00+00:00,24.5,20.7,0.0
Hong Kong,2026-03-17T23:24:12.680923+00:00,2026-03-30,2026-03-29T16:00:00+00:00,26.3,22.2,0.0
Hong Kong,2026-03-17T23:24:12.680923+00:00,2026-03-31,2026-03-30T16:00:00+00:00,24.0,19.2,0.9
Hong Kong,2026-03-17T23:24:12.680923+00:00,2026-04-01,2026-03-31T16:00:00+00:00,23.0,19.9,0.0
Hong Kong,2026-03-17T23:24:12.680923+00:00,2026-04-02,2026-04-01T16:00:00+00:00,,,
Hong Kong,2026-03-18T08:01:55.695789+00:00,2026-03-18,2026-03-17T16:00:00+00:00,26.8,17.3,0.0
Hong Kong,2026-03-18T08:01:55.695789+00:00,2026-03-19,2026-03-18T16:00:00+00:00,27.1,17.7,0.0
Hong Kong,2026-03-18T08:01:55.695789+00:00,2026-03-20,2026-03-19T16:00:00+00:00,24.1,20.3,0.0
Hong Kong,2026-03-18T08:01:55.695789+00:00,2026-03-21,2026-03-20T16:00:00+00:00,26.3,19.4,0.0
Hong Kong,2026-03-18T08:01:55.695789+00:00,2026-03-22,2026-03-21T16:00:00+00:00,25.0,19.7,0.0
Hong Kong,2026-03-18T08:01:55.695789+00:00,2026-03-23,2026-03-22T16:00:00+00:00,26.6,20.1,0.0
Hong Kong,2026-03-18T08:01:55.695789+00:00,2026-03-24,2026-03-23T16:00:00+00:00,27.0,19.3,0.0
Hong Kong,2026-03-18T08:01:55.695789+00:00,2026-03-25,2026-03-24T16:00:00+00:00,28.2,19.5,0.0
Hong Kong,2026-03-18T08:01:55.695789+00:00,2026-03-26,2026-03-25T16:00:00+00:00,24.3,21.3,0.0
Hong Kong,2026-03-18T08:01:55.695789+00:00,2026-03-27,2026-03-26T16:00:00+00:00,25.9,21.9,0.0
Hong Kong,2026-03-18T08:01:55.695789+00:00,2026-03-28,2026-03-27T16:00:00+00:00,23.0,21.2,0.0
Hong Kong,2026-03-18T08:01:55.695789+00:00,2026-03-29,2026-03-28T16:00:00+00:00,25.2,20.9,0.0
Hong Kong,2026-03-18T08:01:55.695789+00:00,2026-03-30,2026-03-29T16:00:00+00:00,23.2,22.1,0.0
Hong Kong,2026-03-18T08:01:55.695789+00:00,2026-03-31,2026-03-30T16:00:00+00:00,25.3,22.3,0.0
Hong Kong,2026-03-18T08:01:55.695789+00:00,2026-04-01,2026-03-31T16:00:00+00:00,26.7,22.9,0.0
Hong Kong,2026-03-18T08:01:55.695789+00:00,2026-04-02,2026-04-01T16:00:00+00:00,27.2,23.6,0.0
Hong Kong,2026-03-18T08:11:43.569512+00:00,2026-03-18,2026-03-17T16:00:00+00:00,26.8,17.3,0.0
Hong Kong,2026-03-18T08:11:43.569512+00:00,2026-03-19,2026-03-18T16:00:00+00:00,27.1,17.7,0.0
Hong Kong,2026-03-18T08:11:43.569512+00:00,2026-03-20,2026-03-19T16:00:00+00:00,24.1,20.3,0.0
Hong Kong,2026-03-18T08:11:43.569512+00:00,2026-03-21,2026-03-20T16:00:00+00:00,26.3,19.4,0.0
Hong Kong,2026-03-18T08:11:43.569512+00:00,2026-03-22,2026-03-21T16:00:00+00:00,25.0,19.7,0.0
Hong Kong,2026-03-18T08:11:43.569512+00:00,2026-03-23,2026-03-22T16:00:00+00:00,26.6,20.1,0.0
Hong Kong,2026-03-18T08:11:43.569512+00:00,2026-03-24,2026-03-23T16:00:00+00:00,27.0,19.3,0.0
Hong Kong,2026-03-18T08:11:43.569512+00:00,2026-03-25,2026-03-24T16:00:00+00:00,28.2,19.5,0.0
Hong Kong,2026-03-18T08:11:43.569512+00:00,2026-03-26,2026-03-25T16:00:00+00:00,24.3,21.3,0.0
Hong Kong,2026-03-18T08:11:43.569512+00:00,2026-03-27,2026-03-26T16:00:00+00:00,25.9,21.9,0.0
Hong Kong,2026-03-18T08:11:43.569512+00:00,2026-03-28,2026-03-27T16:00:00+00:00,23.0,21.2,0.0
Hong Kong,2026-03-18T08:11:43.569512+00:00,2026-03-29,2026-03-28T16:00:00+00:00,25.2,20.9,0.0
Hong Kong,2026-03-18T08:11:43.569512+00:00,2026-03-30,2026-03-29T16:00:00+00:00,23.2,22.1,0.0
Hong Kong,2026-03-18T08:11:43.569512+00:00,2026-03-31,2026-03-30T16:00:00+00:00,25.3,22.3,0.0
Hong Kong,2026-03-18T08:11:43.569512+00:00,2026-04-01,2026-03-31T16:00:00+00:00,26.7,22.9,0.0
Hong Kong,2026-03-18T08:11:43.569512+00:00,2026-04-02,2026-04-01T16:00:00+00:00,27.2,23.6,0.0
Hong Kong,2026-03-18T18:05:40.394529+00:00,2026-03-19,2026-03-18T16:00:00+00:00,27.7,18.2,0.0
Hong Kong,2026-03-18T18:05:40.394529+00:00,2026-03-20,2026-03-19T16:00:00+00:00,24.5,20.1,0.0
Hong Kong,2026-03-18T18:05:40.394529+00:00,2026-03-21,2026-03-20T16:00:00+00:00,25.2,19.6,0.0
Hong Kong,2026-03-18T18:05:40.394529+00:00,2026-03-22,2026-03-21T16:00:00+00:00,25.2,20.3,0.0
Hong Kong,2026-03-18T18:05:40.394529+00:00,2026-03-23,2026-03-22T16:00:00+00:00,26.8,19.8,0.0
Hong Kong,2026-03-18T18:05:40.394529+00:00,2026-03-24,2026-03-23T16:00:00+00:00,27.0,20.2,0.0
Hong Kong,2026-03-18T18:05:40.394529+00:00,2026-03-25,2026-03-24T16:00:00+00:00,27.1,19.4,0.0
Hong Kong,2026-03-18T18:05:40.394529+00:00,2026-03-26,2026-03-25T16:00:00+00:00,25.8,20.7,0.0
Hong Kong,2026-03-18T18:05:40.394529+00:00,2026-03-27,2026-03-26T16:00:00+00:00,27.8,22.2,0.0
Hong Kong,2026-03-18T18:05:40.394529+00:00,2026-03-28,2026-03-27T16:00:00+00:00,25.5,21.7,0.0
Hong Kong,2026-03-18T18:05:40.394529+00:00,2026-03-29,2026-03-28T16:00:00+00:00,23.6,20.8,0.0
Hong Kong,2026-03-18T18:05:40.394529+00:00,2026-03-30,2026-03-29T16:00:00+00:00,26.3,21.6,0.0
Hong Kong,2026-03-18T18:05:40.394529+00:00,2026-03-31,2026-03-30T16:00:00+00:00,26.3,23.4,0.0
Hong Kong,2026-03-18T18:05:40.394529+00:00,2026-04-01,2026-03-31T16:00:00+00:00,26.0,22.9,0.0
Hong Kong,2026-03-18T18:05:40.394529+00:00,2026-04-02,2026-04-01T16:00:00+00:00,26.6,23.6,0.0
Hong Kong,2026-03-18T18:05:40.394529+00:00,2026-04-03,2026-04-02T16:00:00+00:00,,,
Hong Kong,2026-03-18T18:19:11.845948+00:00,2026-03-19,2026-03-18T16:00:00+00:00,27.7,18.2,0.0
Hong Kong,2026-03-18T18:19:11.845948+00:00,2026-03-20,2026-03-19T16:00:00+00:00,24.5,20.1,0.0
Hong Kong,2026-03-18T18:19:11.845948+00:00,2026-03-21,2026-03-20T16:00:00+00:00,25.2,19.6,0.0
Hong Kong,2026-03-18T18:19:11.845948+00:00,2026-03-22,2026-03-21T16:00:00+00:00,25.2,20.3,0.0
Hong Kong,2026-03-18T18:19:11.845948+00:00,2026-03-23,2026-03-22T16:00:00+00:00,26.8,19.8,0.0
Hong Kong,2026-03-18T18:19:11.845948+00:00,2026-03-24,2026-03-23T16:00:00+00:00,27.0,20.2,0.0
Hong Kong,2026-03-18T18:19:11.845948+00:00,2026-03-25,2026-03-24T16:00:00+00:00,27.1,19.4,0.0
Hong Kong,2026-03-18T18:19:11.845948+00:00,2026-03-26,2026-03-25T16:00:00+00:00,25.8,20.7,0.0
Hong Kong,2026-03-18T18:19:11.845948+00:00,2026-03-27,2026-03-26T16:00:00+00:00,27.8,22.2,0.0
Hong Kong,2026-03-18T18:19:11.845948+00:00,2026-03-28,2026-03-27T16:00:00+00:00,25.5,21.7,0.0
Hong Kong,2026-03-18T18:19:11.845948+00:00,2026-03-29,2026-03-28T16:00:00+00:00,23.6,20.8,0.0
Hong Kong,2026-03-18T18:19:11.845948+00:00,2026-03-30,2026-03-29T16:00:00+00:00,26.3,21.6,0.0
Hong Kong,2026-03-18T18:19:11.845948+00:00,2026-03-31,2026-03-30T16:00:00+00:00,26.3,23.4,0.0
Hong Kong,2026-03-18T18:19:11.845948+00:00,2026-04-01,2026-03-31T16:00:00+00:00,26.0,22.9,0.0
Hong Kong,2026-03-18T18:19:11.845948+00:00,2026-04-02,2026-04-01T16:00:00+00:00,26.6,23.6,0.0
Hong Kong,2026-03-18T18:19:11.845948+00:00,2026-04-03,2026-04-02T16:00:00+00:00,,,
Hong Kong,2026-03-19T07:22:38.114237+00:00,2026-03-19,2026-03-18T16:00:00+00:00,27.9,17.9,0.0
Hong Kong,2026-03-19T07:22:38.114237+00:00,2026-03-20,2026-03-19T16:00:00+00:00,23.7,20.2,0.0
Hong Kong,2026-03-19T07:22:38.114237+00:00,2026-03-21,2026-03-20T16:00:00+00:00,26.0,19.8,0.0
Hong Kong,2026-03-19T07:22:38.114237+00:00,2026-03-22,2026-03-21T16:00:00+00:00,25.5,20.7,0.0
Hong Kong,2026-03-19T07:22:38.114237+00:00,2026-03-23,2026-03-22T16:00:00+00:00,27.0,19.9,0.0
Hong Kong,2026-03-19T07:22:38.114237+00:00,2026-03-24,2026-03-23T16:00:00+00:00,27.2,20.4,0.0
Hong Kong,2026-03-19T07:22:38.114237+00:00,2026-03-25,2026-03-24T16:00:00+00:00,27.4,19.5,0.0
Hong Kong,2026-03-19T07:22:38.114237+00:00,2026-03-26,2026-03-25T16:00:00+00:00,26.4,21.2,0.0
Hong Kong,2026-03-19T07:22:38.114237+00:00,2026-03-27,2026-03-26T16:00:00+00:00,25.8,21.8,0.0
Hong Kong,2026-03-19T07:22:38.114237+00:00,2026-03-28,2026-03-27T16:00:00+00:00,23.9,21.3,0.0
Hong Kong,2026-03-19T07:22:38.114237+00:00,2026-03-29,2026-03-28T16:00:00+00:00,24.3,20.1,0.0
Hong Kong,2026-03-19T07:22:38.114237+00:00,2026-03-30,2026-03-29T16:00:00+00:00,23.4,21.3,0.0
Hong Kong,2026-03-19T07:22:38.114237+00:00,2026-03-31,2026-03-30T16:00:00+00:00,25.1,21.7,0.6
Hong Kong,2026-03-19T07:22:38.114237+00:00,2026-04-01,2026-03-31T16:00:00+00:00,25.9,22.6,0.0
Hong Kong,2026-03-19T07:22:38.114237+00:00,2026-04-02,2026-04-01T16:00:00+00:00,26.3,22.8,0.0
Hong Kong,2026-03-19T07:22:38.114237+00:00,2026-04-03,2026-04-02T16:00:00+00:00,27.6,23.0,0.0
Hong Kong,2026-03-19T12:05:32.906136+00:00,2026-03-19,2026-03-18T16:00:00+00:00,27.9,17.9,0.0
Hong Kong,2026-03-19T12:05:32.906136+00:00,2026-03-20,2026-03-19T16:00:00+00:00,23.5,20.1,0.0
Hong Kong,2026-03-19T12:05:32.906136+00:00,2026-03-21,2026-03-20T16:00:00+00:00,24.8,20.2,0.0
Hong Kong,2026-03-19T12:05:32.906136+00:00,2026-03-22,2026-03-21T16:00:00+00:00,25.4,20.2,0.0
Hong Kong,2026-03-19T12:05:32.906136+00:00,2026-03-23,2026-03-22T16:00:00+00:00,26.9,19.5,0.0
Hong Kong,2026-03-19T12:05:32.906136+00:00,2026-03-24,2026-03-23T16:00:00+00:00,27.2,20.0,0.0
Hong Kong,2026-03-19T12:05:32.906136+00:00,2026-03-25,2026-03-24T16:00:00+00:00,27.4,19.5,0.0
Hong Kong,2026-03-19T12:05:32.906136+00:00,2026-03-26,2026-03-25T16:00:00+00:00,26.4,21.2,0.0
Hong Kong,2026-03-19T12:05:32.906136+00:00,2026-03-27,2026-03-26T16:00:00+00:00,25.2,22.0,0.0
Hong Kong,2026-03-19T12:05:32.906136+00:00,2026-03-28,2026-03-27T16:00:00+00:00,27.3,21.7,0.0
Hong Kong,2026-03-19T12:05:32.906136+00:00,2026-03-29,2026-03-28T16:00:00+00:00,21.4,19.9,0.0
Hong Kong,2026-03-19T12:05:32.906136+00:00,2026-03-30,2026-03-29T16:00:00+00:00,24.4,20.7,0.0
Hong Kong,2026-03-19T12:05:32.906136+00:00,2026-03-31,2026-03-30T16:00:00+00:00,26.2,22.4,0.0
Hong Kong,2026-03-19T12:05:32.906136+00:00,2026-04-01,2026-03-31T16:00:00+00:00,26.9,23.7,0.0
Hong Kong,2026-03-19T12:05:32.906136+00:00,2026-04-02,2026-04-01T16:00:00+00:00,26.3,23.6,0.0
Hong Kong,2026-03-19T12:05:32.906136+00:00,2026-04-03,2026-04-02T16:00:00+00:00,26.7,22.7,0.0
Hong Kong,2026-03-19T18:06:16.373947+00:00,2026-03-20,2026-03-19T16:00:00+00:00,23.7,20.6,0.0
Hong Kong,2026-03-19T18:06:16.373947+00:00,2026-03-21,2026-03-20T16:00:00+00:00,25.0,20.6,0.0
Hong Kong,2026-03-19T18:06:16.373947+00:00,2026-03-22,2026-03-21T16:00:00+00:00,26.3,20.4,0.0
Hong Kong,2026-03-19T18:06:16.373947+00:00,2026-03-23,2026-03-22T16:00:00+00:00,27.3,19.8,0.0
Hong Kong,2026-03-19T18:06:16.373947+00:00,2026-03-24,2026-03-23T16:00:00+00:00,26.8,20.8,0.0
Hong Kong,2026-03-19T18:06:16.373947+00:00,2026-03-25,2026-03-24T16:00:00+00:00,27.4,19.5,0.0
Hong Kong,2026-03-19T18:06:16.373947+00:00,2026-03-26,2026-03-25T16:00:00+00:00,26.7,21.1,0.0
Hong Kong,2026-03-19T18:06:16.373947+00:00,2026-03-27,2026-03-26T16:00:00+00:00,25.0,20.8,0.0
Hong Kong,2026-03-19T18:06:16.373947+00:00,2026-03-28,2026-03-27T16:00:00+00:00,25.9,22.0,0.0
Hong Kong,2026-03-19T18:06:16.373947+00:00,2026-03-29,2026-03-28T16:00:00+00:00,24.6,21.9,0.6
Hong Kong,2026-03-19T18:06:16.373947+00:00,2026-03-30,2026-03-29T16:00:00+00:00,23.7,21.8,0.3
Hong Kong,2026-03-19T18:06:16.373947+00:00,2026-03-31,2026-03-30T16:00:00+00:00,25.0,22.4,3.6
Hong Kong,2026-03-19T18:06:16.373947+00:00,2026-04-01,2026-03-31T16:00:00+00:00,21.9,19.9,11.1
Hong Kong,2026-03-19T18:06:16.373947+00:00,2026-04-02,2026-04-01T16:00:00+00:00,22.3,21.0,0.6
Hong Kong,2026-03-19T18:06:16.373947+00:00,2026-04-03,2026-04-02T16:00:00+00:00,23.1,21.6,0.6
Hong Kong,2026-03-19T18:06:16.373947+00:00,2026-04-04,2026-04-03T16:00:00+00:00,,,
Hong Kong,2026-03-20T06:05:34.226535+00:00,2026-03-20,2026-03-19T16:00:00+00:00,24.9,20.6,0.0
Hong Kong,2026-03-20T06:05:34.226535+00:00,2026-03-21,2026-03-20T16:00:00+00:00,24.5,20.6,0.0
Hong Kong,2026-03-20T06:05:34.226535+00:00,2026-03-22,2026-03-21T16:00:00+00:00,26.1,20.0,0.0
Hong Kong,2026-03-20T06:05:34.226535+00:00,2026-03-23,2026-03-22T16:00:00+00:00,26.9,18.8,0.0
Hong Kong,2026-03-20T06:05:34.226535+00:00,2026-03-24,2026-03-23T16:00:00+00:00,27.4,21.2,0.0
Hong Kong,2026-03-20T06:05:34.226535+00:00,2026-03-25,2026-03-24T16:00:00+00:00,27.7,20.7,0.0
Hong Kong,2026-03-20T06:05:34.226535+00:00,2026-03-26,2026-03-25T16:00:00+00:00,26.8,21.1,0.0
Hong Kong,2026-03-20T06:05:34.226535+00:00,2026-03-27,2026-03-26T16:00:00+00:00,27.0,21.9,0.0
Hong Kong,2026-03-20T06:05:34.226535+00:00,2026-03-28,2026-03-27T16:00:00+00:00,27.1,22.1,0.0
Hong Kong,2026-03-20T06:05:34.226535+00:00,2026-03-29,2026-03-28T16:00:00+00:00,24.1,21.3,0.0
Hong Kong,2026-03-20T06:05:34.226535+00:00,2026-03-30,2026-03-29T16:00:00+00:00,21.4,20.5,0.0
Hong Kong,2026-03-20T06:05:34.226535+00:00,2026-03-31,2026-03-30T16:00:00+00:00,23.5,20.4,0.3
Hong Kong,2026-03-20T06:05:34.226535+00:00,2026-04-01,2026-03-31T16:00:00+00:00,21.7,18.8,17.7
Hong Kong,2026-03-20T06:05:34.226535+00:00,2026-04-02,2026-04-01T16:00:00+00:00,22.7,19.7,0.0
Hong Kong,2026-03-20T06:05:34.226535+00:00,2026-04-03,2026-04-02T16:00:00+00:00,23.1,21.0,0.0
Hong Kong,2026-03-20T06:05:34.226535+00:00,2026-04-04,2026-04-03T16:00:00+00:00,24.3,22.0,0.0
Hong Kong,2026-03-20T12:05:35.513183+00:00,2026-03-20,2026-03-19T16:00:00+00:00,24.7,20.6,0.0
Hong Kong,2026-03-20T12:05:35.513183+00:00,2026-03-21,2026-03-20T16:00:00+00:00,24.0,20.4,0.0
Hong Kong,2026-03-20T12:05:35.513183+00:00,2026-03-22,2026-03-21T16:00:00+00:00,25.3,20.1,0.0
Hong Kong,2026-03-20T12:05:35.513183+00:00,2026-03-23,2026-03-22T16:00:00+00:00,27.1,18.4,0.0
Hong Kong,2026-03-20T12:05:35.513183+00:00,2026-03-24,2026-03-23T16:00:00+00:00,27.0,20.7,0.0
Hong Kong,2026-03-20T12:05:35.513183+00:00,2026-03-25,2026-03-24T16:00:00+00:00,27.9,21.1,0.0
Hong Kong,2026-03-20T12:05:35.513183+00:00,2026-03-26,2026-03-25T16:00:00+00:00,26.8,21.1,0.0
Hong Kong,2026-03-20T12:05:35.513183+00:00,2026-03-27,2026-03-26T16:00:00+00:00,27.0,21.9,0.0
Hong Kong,2026-03-20T12:05:35.513183+00:00,2026-03-28,2026-03-27T16:00:00+00:00,28.1,21.5,0.0
Hong Kong,2026-03-20T12:05:35.513183+00:00,2026-03-29,2026-03-28T16:00:00+00:00,23.1,20.8,0.0
Hong Kong,2026-03-20T12:05:35.513183+00:00,2026-03-30,2026-03-29T16:00:00+00:00,22.4,21.2,0.0
Hong Kong,2026-03-20T12:05:35.513183+00:00,2026-03-31,2026-03-30T16:00:00+00:00,24.7,21.7,0.3
Hong Kong,2026-03-20T12:05:35.513183+00:00,2026-04-01,2026-03-31T16:00:00+00:00,26.4,23.2,0.6
Hong Kong,2026-03-20T12:05:35.513183+00:00,2026-04-02,2026-04-01T16:00:00+00:00,27.3,23.8,0.0
Hong Kong,2026-03-20T12:05:35.513183+00:00,2026-04-03,2026-04-02T16:00:00+00:00,27.1,23.9,0.0
Hong Kong,2026-03-20T12:05:35.513183+00:00,2026-04-04,2026-04-03T16:00:00+00:00,27.0,24.1,0.0
Hong Kong,2026-03-20T18:05:38.721506+00:00,2026-03-21,2026-03-20T16:00:00+00:00,24.2,20.7,0.0
Hong Kong,2026-03-20T18:05:38.721506+00:00,2026-03-22,2026-03-21T16:00:00+00:00,25.5,20.3,0.0
Hong Kong,2026-03-20T18:05:38.721506+00:00,2026-03-23,2026-03-22T16:00:00+00:00,27.2,18.8,0.0
Hong Kong,2026-03-20T18:05:38.721506+00:00,2026-03-24,2026-03-23T16:00:00+00:00,26.8,21.4,0.0
Hong Kong,2026-03-20T18:05:38.721506+00:00,2026-03-25,2026-03-24T16:00:00+00:00,28.1,21.1,0.0
Hong Kong,2026-03-20T18:05:38.721506+00:00,2026-03-26,2026-03-25T16:00:00+00:00,26.9,22.3,0.0
Hong Kong,2026-03-20T18:05:38.721506+00:00,2026-03-27,2026-03-26T16:00:00+00:00,27.2,21.9,0.0
Hong Kong,2026-03-20T18:05:38.721506+00:00,2026-03-28,2026-03-27T16:00:00+00:00,28.5,21.8,0.0
Hong Kong,2026-03-20T18:05:38.721506+00:00,2026-03-29,2026-03-28T16:00:00+00:00,23.3,21.5,0.0
Hong Kong,2026-03-20T18:05:38.721506+00:00,2026-03-30,2026-03-29T16:00:00+00:00,21.9,20.2,0.9
Hong Kong,2026-03-20T18:05:38.721506+00:00,2026-03-31,2026-03-30T16:00:00+00:00,22.0,20.5,5.4
Hong Kong,2026-03-20T18:05:38.721506+00:00,2026-04-01,2026-03-31T16:00:00+00:00,20.7,20.0,1.2
Hong Kong,2026-03-20T18:05:38.721506+00:00,2026-04-02,2026-04-01T16:00:00+00:00,22.6,20.3,0.0
Hong Kong,2026-03-20T18:05:38.721506+00:00,2026-04-03,2026-04-02T16:00:00+00:00,25.9,22.1,0.3
Hong Kong,2026-03-20T18:05:38.721506+00:00,2026-04-04,2026-04-03T16:00:00+00:00,26.4,22.9,0.0
Hong Kong,2026-03-20T18:05:38.721506+00:00,2026-04-05,2026-04-04T16:00:00+00:00,,,
Hong Kong,2026-03-21T06:05:33.365093+00:00,2026-03-21,2026-03-20T16:00:00+00:00,23.6,20.7,0.0
Hong Kong,2026-03-21T06:05:33.365093+00:00,2026-03-22,2026-03-21T16:00:00+00:00,25.9,20.2,0.0
Hong Kong,2026-03-21T06:05:33.365093+00:00,2026-03-23,2026-03-22T16:00:00+00:00,26.8,18.7,0.0
Hong Kong,2026-03-21T06:05:33.365093+00:00,2026-03-24,2026-03-23T16:00:00+00:00,27.3,21.1,0.0
Hong Kong,2026-03-21T06:05:33.365093+00:00,2026-03-25,2026-03-24T16:00:00+00:00,28.1,20.5,0.0
Hong Kong,2026-03-21T06:05:33.365093+00:00,2026-03-26,2026-03-25T16:00:00+00:00,26.2,21.3,0.0
Hong Kong,2026-03-21T06:05:33.365093+00:00,2026-03-27,2026-03-26T16:00:00+00:00,26.6,21.5,0.0
Hong Kong,2026-03-21T06:05:33.365093+00:00,2026-03-28,2026-03-27T16:00:00+00:00,26.6,21.1,0.0
Hong Kong,2026-03-21T06:05:33.365093+00:00,2026-03-29,2026-03-28T16:00:00+00:00,22.7,20.3,0.0
Hong Kong,2026-03-21T06:05:33.365093+00:00,2026-03-30,2026-03-29T16:00:00+00:00,21.7,20.6,0.0
Hong Kong,2026-03-21T06:05:33.365093+00:00,2026-03-31,2026-03-30T16:00:00+00:00,21.5,20.4,2.4
Hong Kong,2026-03-21T06:05:33.365093+00:00,2026-04-01,2026-03-31T16:00:00+00:00,23.2,18.9,9.6
Hong Kong,2026-03-21T06:05:33.365093+00:00,2026-04-02,2026-04-01T16:00:00+00:00,22.5,19.2,0.0
Hong Kong,2026-03-21T06:05:33.365093+00:00,2026-04-03,2026-04-02T16:00:00+00:00,22.5,20.5,0.0
Hong Kong,2026-03-21T06:05:33.365093+00:00,2026-04-04,2026-04-03T16:00:00+00:00,24.7,21.6,0.0
Hong Kong,2026-03-21T06:05:33.365093+00:00,2026-04-05,2026-04-04T16:00:00+00:00,25.7,22.5,0.6
Hong Kong,2026-03-21T12:05:39.833942+00:00,2026-03-21,2026-03-20T16:00:00+00:00,23.5,20.7,0.0
Hong Kong,2026-03-21T12:05:39.833942+00:00,2026-03-22,2026-03-21T16:00:00+00:00,25.6,20.2,0.0
Hong Kong,2026-03-21T12:05:39.833942+00:00,2026-03-23,2026-03-22T16:00:00+00:00,26.8,18.3,0.0
Hong Kong,2026-03-21T12:05:39.833942+00:00,2026-03-24,2026-03-23T16:00:00+00:00,27.0,21.0,0.0
Hong Kong,2026-03-21T12:05:39.833942+00:00,2026-03-25,2026-03-24T16:00:00+00:00,27.4,21.2,0.0
Hong Kong,2026-03-21T12:05:39.833942+00:00,2026-03-26,2026-03-25T16:00:00+00:00,26.4,21.4,0.0
Hong Kong,2026-03-21T12:05:39.833942+00:00,2026-03-27,2026-03-26T16:00:00+00:00,26.6,21.5,0.0
Hong Kong,2026-03-21T12:05:39.833942+00:00,2026-03-28,2026-03-27T16:00:00+00:00,26.6,21.1,0.0
Hong Kong,2026-03-21T12:05:39.833942+00:00,2026-03-29,2026-03-28T16:00:00+00:00,22.3,20.2,0.0
Hong Kong,2026-03-21T12:05:39.833942+00:00,2026-03-30,2026-03-29T16:00:00+00:00,24.1,21.5,0.0
Hong Kong,2026-03-21T12:05:39.833942+00:00,2026-03-31,2026-03-30T16:00:00+00:00,22.3,21.3,2.4
Hong Kong,2026-03-21T12:05:39.833942+00:00,2026-04-01,2026-03-31T16:00:00+00:00,22.6,20.0,14.1
Hong Kong,2026-03-21T12:05:39.833942+00:00,2026-04-02,2026-04-01T16:00:00+00:00,22.8,21.0,0.0
Hong Kong,2026-03-21T12:05:39.833942+00:00,2026-04-03,2026-04-02T16:00:00+00:00,21.8,21.2,0.0
Hong Kong,2026-03-21T12:05:39.833942+00:00,2026-04-04,2026-04-03T16:00:00+00:00,25.3,21.4,0.9
Hong Kong,2026-03-21T12:05:39.833942+00:00,2026-04-05,2026-04-04T16:00:00+00:00,23.1,20.9,2.1
Hong Kong,2026-03-21T18:05:42.379891+00:00,2026-03-22,2026-03-21T16:00:00+00:00,25.7,20.4,0.0
Hong Kong,2026-03-21T18:05:42.379891+00:00,2026-03-23,2026-03-22T16:00:00+00:00,27.0,18.5,0.0
Hong Kong,2026-03-21T18:05:42.379891+00:00,2026-03-24,2026-03-23T16:00:00+00:00,27.1,20.4,0.0
Hong Kong,2026-03-21T18:05:42.379891+00:00,2026-03-25,2026-03-24T16:00:00+00:00,28.0,19.9,0.0
Hong Kong,2026-03-21T18:05:42.379891+00:00,2026-03-26,2026-03-25T16:00:00+00:00,27.0,21.6,0.0
Hong Kong,2026-03-21T18:05:42.379891+00:00,2026-03-27,2026-03-26T16:00:00+00:00,27.3,21.4,0.0
Hong Kong,2026-03-21T18:05:42.379891+00:00,2026-03-28,2026-03-27T16:00:00+00:00,27.1,21.0,0.0
Hong Kong,2026-03-21T18:05:42.379891+00:00,2026-03-29,2026-03-28T16:00:00+00:00,22.9,21.3,0.0
Hong Kong,2026-03-21T18:05:42.379891+00:00,2026-03-30,2026-03-29T16:00:00+00:00,26.0,21.6,0.6
Hong Kong,2026-03-21T18:05:42.379891+00:00,2026-03-31,2026-03-30T16:00:00+00:00,26.1,22.6,2.7
Hong Kong,2026-03-21T18:05:42.379891+00:00,2026-04-01,2026-03-31T16:00:00+00:00,24.5,22.0,0.9
Hong Kong,2026-03-21T18:05:42.379891+00:00,2026-04-02,2026-04-01T16:00:00+00:00,24.9,21.6,1.2
Hong Kong,2026-03-21T18:05:42.379891+00:00,2026-04-03,2026-04-02T16:00:00+00:00,22.9,21.9,0.0
Hong Kong,2026-03-21T18:05:42.379891+00:00,2026-04-04,2026-04-03T16:00:00+00:00,25.4,23.0,0.0
Hong Kong,2026-03-21T18:05:42.379891+00:00,2026-04-05,2026-04-04T16:00:00+00:00,26.6,23.4,0.0
Hong Kong,2026-03-21T18:05:42.379891+00:00,2026-04-06,2026-04-05T16:00:00+00:00,,,
Hong Kong,2026-03-22T06:05:40.227602+00:00,2026-03-22,2026-03-21T16:00:00+00:00,25.7,20.3,0.0
Hong Kong,2026-03-22T06:05:40.227602+00:00,2026-03-23,2026-03-22T16:00:00+00:00,27.2,18.5,0.0
Hong Kong,2026-03-22T06:05:40.227602+00:00,2026-03-24,2026-03-23T16:00:00+00:00,27.3,20.2,0.0
Hong Kong,2026-03-22T06:05:40.227602+00:00,2026-03-25,2026-03-24T16:00:00+00:00,28.0,19.6,0.0
Hong Kong,2026-03-22T06:05:40.227602+00:00,2026-03-26,2026-03-25T16:00:00+00:00,26.3,20.6,0.0
Hong Kong,2026-03-22T06:05:40.227602+00:00,2026-03-27,2026-03-26T16:00:00+00:00,27.0,21.4,0.0
Hong Kong,2026-03-22T06:05:40.227602+00:00,2026-03-28,2026-03-27T16:00:00+00:00,28.5,20.9,0.0
Hong Kong,2026-03-22T06:05:40.227602+00:00,2026-03-29,2026-03-28T16:00:00+00:00,26.3,22.3,0.0
Hong Kong,2026-03-22T06:05:40.227602+00:00,2026-03-30,2026-03-29T16:00:00+00:00,25.4,22.2,0.3
Hong Kong,2026-03-22T06:05:40.227602+00:00,2026-03-31,2026-03-30T16:00:00+00:00,25.8,22.7,0.0
Hong Kong,2026-03-22T06:05:40.227602+00:00,2026-04-01,2026-03-31T16:00:00+00:00,24.9,22.8,2.7
Hong Kong,2026-03-22T06:05:40.227602+00:00,2026-04-02,2026-04-01T16:00:00+00:00,23.7,21.7,0.0
Hong Kong,2026-03-22T06:05:40.227602+00:00,2026-04-03,2026-04-02T16:00:00+00:00,26.0,22.9,0.0
Hong Kong,2026-03-22T06:05:40.227602+00:00,2026-04-04,2026-04-03T16:00:00+00:00,27.3,18.9,1.2
Hong Kong,2026-03-22T06:05:40.227602+00:00,2026-04-05,2026-04-04T16:00:00+00:00,18.9,16.3,4.5
Hong Kong,2026-03-22T06:05:40.227602+00:00,2026-04-06,2026-04-05T16:00:00+00:00,21.2,16.8,0.0
Hong Kong,2026-03-22T12:05:43.971368+00:00,2026-03-22,2026-03-21T16:00:00+00:00,25.9,20.3,0.0
Hong Kong,2026-03-22T12:05:43.971368+00:00,2026-03-23,2026-03-22T16:00:00+00:00,27.3,18.1,0.0
Hong Kong,2026-03-22T12:05:43.971368+00:00,2026-03-24,2026-03-23T16:00:00+00:00,26.7,20.1,0.0
Hong Kong,2026-03-22T12:05:43.971368+00:00,2026-03-25,2026-03-24T16:00:00+00:00,27.8,20.1,0.0
Hong Kong,2026-03-22T12:05:43.971368+00:00,2026-03-26,2026-03-25T16:00:00+00:00,26.1,21.1,0.0
Hong Kong,2026-03-22T12:05:43.971368+00:00,2026-03-27,2026-03-26T16:00:00+00:00,27.4,21.0,0.0
Hong Kong,2026-03-22T12:05:43.971368+00:00,2026-03-28,2026-03-27T16:00:00+00:00,28.5,20.9,0.0
Hong Kong,2026-03-22T12:05:43.971368+00:00,2026-03-29,2026-03-28T16:00:00+00:00,26.3,21.5,0.0
Hong Kong,2026-03-22T12:05:43.971368+00:00,2026-03-30,2026-03-29T16:00:00+00:00,26.4,21.5,0.9
Hong Kong,2026-03-22T12:05:43.971368+00:00,2026-03-31,2026-03-30T16:00:00+00:00,23.7,21.6,6.6
Hong Kong,2026-03-22T12:05:43.971368+00:00,2026-04-01,2026-03-31T16:00:00+00:00,26.6,21.6,0.3
Hong Kong,2026-03-22T12:05:43.971368+00:00,2026-04-02,2026-04-01T16:00:00+00:00,23.2,21.8,0.3
Hong Kong,2026-03-22T12:05:43.971368+00:00,2026-04-03,2026-04-02T16:00:00+00:00,25.5,22.7,0.0
Hong Kong,2026-03-22T12:05:43.971368+00:00,2026-04-04,2026-04-03T16:00:00+00:00,27.2,23.5,0.0
Hong Kong,2026-03-22T12:05:43.971368+00:00,2026-04-05,2026-04-04T16:00:00+00:00,25.4,22.5,8.1
Hong Kong,2026-03-22T12:05:43.971368+00:00,2026-04-06,2026-04-05T16:00:00+00:00,25.4,22.3,0.9
Hong Kong,2026-03-22T18:05:42.700906+00:00,2026-03-23,2026-03-22T16:00:00+00:00,27.4,18.1,0.0
Hong Kong,2026-03-22T18:05:42.700906+00:00,2026-03-24,2026-03-23T16:00:00+00:00,26.7,20.3,0.0
Hong Kong,2026-03-22T18:05:42.700906+00:00,2026-03-25,2026-03-24T16:00:00+00:00,28.9,19.2,0.0
Hong Kong,2026-03-22T18:05:42.700906+00:00,2026-03-26,2026-03-25T16:00:00+00:00,25.7,20.8,0.0
Hong Kong,2026-03-22T18:05:42.700906+00:00,2026-03-27,2026-03-26T16:00:00+00:00,27.7,20.8,0.0
Hong Kong,2026-03-22T18:05:42.700906+00:00,2026-03-28,2026-03-27T16:00:00+00:00,26.0,21.1,0.0
Hong Kong,2026-03-22T18:05:42.700906+00:00,2026-03-29,2026-03-28T16:00:00+00:00,25.6,21.7,5.7
Hong Kong,2026-03-22T18:05:42.700906+00:00,2026-03-30,2026-03-29T16:00:00+00:00,26.3,21.5,0.9
Hong Kong,2026-03-22T18:05:42.700906+00:00,2026-03-31,2026-03-30T16:00:00+00:00,25.3,21.5,1.2
Hong Kong,2026-03-22T18:05:42.700906+00:00,2026-04-01,2026-03-31T16:00:00+00:00,24.8,22.7,3.0
Hong Kong,2026-03-22T18:05:42.700906+00:00,2026-04-02,2026-04-01T16:00:00+00:00,26.3,23.1,0.0
Hong Kong,2026-03-22T18:05:42.700906+00:00,2026-04-03,2026-04-02T16:00:00+00:00,25.9,23.3,0.0
Hong Kong,2026-03-22T18:05:42.700906+00:00,2026-04-04,2026-04-03T16:00:00+00:00,26.9,23.7,0.0
Hong Kong,2026-03-22T18:05:42.700906+00:00,2026-04-05,2026-04-04T16:00:00+00:00,26.4,23.4,0.0
Hong Kong,2026-03-22T18:05:42.700906+00:00,2026-04-06,2026-04-05T16:00:00+00:00,26.5,23.3,0.0
Hong Kong,2026-03-22T18:05:42.700906+00:00,2026-04-07,2026-04-06T16:00:00+00:00,,,
Hong Kong,2026-03-24T06:05:32.212719+00:00,2026-03-24,2026-03-23T16:00:00+00:00,27.4,20.8,0.0
Hong Kong,2026-03-24T06:05:32.212719+00:00,2026-03-25,2026-03-24T16:00:00+00:00,30.5,20.5,0.0
Hong Kong,2026-03-24T06:05:32.212719+00:00,2026-03-26,2026-03-25T16:00:00+00:00,26.6,22.1,0.0
Hong Kong,2026-03-24T06:05:32.212719+00:00,2026-03-27,2026-03-26T16:00:00+00:00,27.5,21.6,0.0
Hong Kong,2026-03-24T06:05:32.212719+00:00,2026-03-28,2026-03-27T16:00:00+00:00,25.8,21.8,0.0
Hong Kong,2026-03-24T06:05:32.212719+00:00,2026-03-29,2026-03-28T16:00:00+00:00,27.2,22.7,0.6
Hong Kong,2026-03-24T06:05:32.212719+00:00,2026-03-30,2026-03-29T16:00:00+00:00,27.1,23.3,4.5
Hong Kong,2026-03-24T06:05:32.212719+00:00,2026-03-31,2026-03-30T16:00:00+00:00,26.9,23.3,0.0
Hong Kong,2026-03-24T06:05:32.212719+00:00,2026-04-01,2026-03-31T16:00:00+00:00,25.8,22.8,0.3
Hong Kong,2026-03-24T06:05:32.212719+00:00,2026-04-02,2026-04-01T16:00:00+00:00,27.1,22.8,0.0
Hong Kong,2026-03-24T06:05:32.212719+00:00,2026-04-03,2026-04-02T16:00:00+00:00,25.4,20.7,1.2
Hong Kong,2026-03-24T06:05:32.212719+00:00,2026-04-04,2026-04-03T16:00:00+00:00,21.1,20.3,0.0
Hong Kong,2026-03-24T06:05:32.212719+00:00,2026-04-05,2026-04-04T16:00:00+00:00,21.0,19.5,0.6
Hong Kong,2026-03-24T06:05:32.212719+00:00,2026-04-06,2026-04-05T16:00:00+00:00,21.0,19.8,7.8
Hong Kong,2026-03-24T06:05:32.212719+00:00,2026-04-07,2026-04-06T16:00:00+00:00,23.7,19.8,8.1
Hong Kong,2026-03-24T06:05:32.212719+00:00,2026-04-08,2026-04-07T16:00:00+00:00,24.2,21.4,0.0
Hong Kong,2026-03-24T12:05:43.324932+00:00,2026-03-24,2026-03-23T16:00:00+00:00,27.3,20.8,0.0
Hong Kong,2026-03-24T12:05:43.324932+00:00,2026-03-25,2026-03-24T16:00:00+00:00,30.3,20.0,0.0
Hong Kong,2026-03-24T12:05:43.324932+00:00,2026-03-26,2026-03-25T16:00:00+00:00,26.0,21.7,0.0
Hong Kong,2026-03-24T12:05:43.324932+00:00,2026-03-27,2026-03-26T16:00:00+00:00,27.7,21.5,0.0
Hong Kong,2026-03-24T12:05:43.324932+00:00,2026-03-28,2026-03-27T16:00:00+00:00,24.3,21.9,0.0
Hong Kong,2026-03-24T12:05:43.324932+00:00,2026-03-29,2026-03-28T16:00:00+00:00,27.0,22.0,0.6
Hong Kong,2026-03-24T12:05:43.324932+00:00,2026-03-30,2026-03-29T16:00:00+00:00,27.1,23.3,4.5
Hong Kong,2026-03-24T12:05:43.324932+00:00,2026-03-31,2026-03-30T16:00:00+00:00,26.9,23.3,0.0
Hong Kong,2026-03-24T12:05:43.324932+00:00,2026-04-01,2026-03-31T16:00:00+00:00,26.2,23.8,0.0
Hong Kong,2026-03-24T12:05:43.324932+00:00,2026-04-02,2026-04-01T16:00:00+00:00,27.8,23.8,0.0
Hong Kong,2026-03-24T12:05:43.324932+00:00,2026-04-03,2026-04-02T16:00:00+00:00,24.1,21.9,0.0
Hong Kong,2026-03-24T12:05:43.324932+00:00,2026-04-04,2026-04-03T16:00:00+00:00,26.2,22.8,0.0
Hong Kong,2026-03-24T12:05:43.324932+00:00,2026-04-05,2026-04-04T16:00:00+00:00,26.8,21.4,29.1
Hong Kong,2026-03-24T12:05:43.324932+00:00,2026-04-06,2026-04-05T16:00:00+00:00,23.7,21.4,0.6
Hong Kong,2026-03-24T12:05:43.324932+00:00,2026-04-07,2026-04-06T16:00:00+00:00,23.1,21.9,0.0
Hong Kong,2026-03-24T12:05:43.324932+00:00,2026-04-08,2026-04-07T16:00:00+00:00,23.9,21.6,0.0
Hong Kong,2026-03-24T18:05:40.112343+00:00,2026-03-25,2026-03-24T16:00:00+00:00,30.1,20.0,0.0
Hong Kong,2026-03-24T18:05:40.112343+00:00,2026-03-26,2026-03-25T16:00:00+00:00,25.6,21.8,0.2
Hong Kong,2026-03-24T18:05:40.112343+00:00,2026-03-27,2026-03-26T16:00:00+00:00,27.4,21.7,0.0
Hong Kong,2026-03-24T18:05:40.112343+00:00,2026-03-28,2026-03-27T16:00:00+00:00,27.1,22.1,0.0
Hong Kong,2026-03-24T18:05:40.112343+00:00,2026-03-29,2026-03-28T16:00:00+00:00,25.9,22.2,0.0
Hong Kong,2026-03-24T18:05:40.112343+00:00,2026-03-30,2026-03-29T16:00:00+00:00,26.9,22.7,0.0
Hong Kong,2026-03-24T18:05:40.112343+00:00,2026-03-31,2026-03-30T16:00:00+00:00,26.6,23.6,5.1
Hong Kong,2026-03-24T18:05:40.112343+00:00,2026-04-01,2026-03-31T16:00:00+00:00,26.3,23.8,0.0
Hong Kong,2026-03-24T18:05:40.112343+00:00,2026-04-02,2026-04-01T16:00:00+00:00,27.2,23.9,0.0
Hong Kong,2026-03-24T18:05:40.112343+00:00,2026-04-03,2026-04-02T16:00:00+00:00,25.1,21.8,0.3
Hong Kong,2026-03-24T18:05:40.112343+00:00,2026-04-04,2026-04-03T16:00:00+00:00,25.8,22.5,0.0
Hong Kong,2026-03-24T18:05:40.112343+00:00,2026-04-05,2026-04-04T16:00:00+00:00,26.7,23.5,0.0
Hong Kong,2026-03-24T18:05:40.112343+00:00,2026-04-06,2026-04-05T16:00:00+00:00,26.9,23.9,0.0
Hong Kong,2026-03-24T18:05:40.112343+00:00,2026-04-07,2026-04-06T16:00:00+00:00,26.9,23.8,0.0
Hong Kong,2026-03-24T18:05:40.112343+00:00,2026-04-08,2026-04-07T16:00:00+00:00,27.8,24.1,0.0
Hong Kong,2026-03-24T18:05:40.112343+00:00,2026-04-09,2026-04-08T16:00:00+00:00,,,
Hong Kong,2026-03-24T22:46:52.794743+00:00,2026-03-25,2026-03-24T16:00:00+00:00,30.0,20.4,0.0
Hong Kong,2026-03-24T22:46:52.794743+00:00,2026-03-26,2026-03-25T16:00:00+00:00,25.5,22.2,0.1
Hong Kong,2026-03-24T22:46:52.794743+00:00,2026-03-27,2026-03-26T16:00:00+00:00,26.9,22.2,0.0
Hong Kong,2026-03-24T22:46:52.794743+00:00,2026-03-28,2026-03-27T16:00:00+00:00,26.3,22.0,0.0
Hong Kong,2026-03-24T22:46:52.794743+00:00,2026-03-29,2026-03-28T16:00:00+00:00,27.2,23.1,0.3
Hong Kong,2026-03-24T22:46:52.794743+00:00,2026-03-30,2026-03-29T16:00:00+00:00,26.9,22.7,0.0
Hong Kong,2026-03-24T22:46:52.794743+00:00,2026-03-31,2026-03-30T16:00:00+00:00,26.6,23.6,5.1
Hong Kong,2026-03-24T22:46:52.794743+00:00,2026-04-01,2026-03-31T16:00:00+00:00,26.3,23.8,0.0
Hong Kong,2026-03-24T22:46:52.794743+00:00,2026-04-02,2026-04-01T16:00:00+00:00,27.2,23.9,0.0
Hong Kong,2026-03-24T22:46:52.794743+00:00,2026-04-03,2026-04-02T16:00:00+00:00,25.1,21.8,0.3
Hong Kong,2026-03-24T22:46:52.794743+00:00,2026-04-04,2026-04-03T16:00:00+00:00,25.8,22.5,0.0
Hong Kong,2026-03-24T22:46:52.794743+00:00,2026-04-05,2026-04-04T16:00:00+00:00,26.7,23.5,0.0
Hong Kong,2026-03-24T22:46:52.794743+00:00,2026-04-06,2026-04-05T16:00:00+00:00,26.9,23.9,0.0
Hong Kong,2026-03-24T22:46:52.794743+00:00,2026-04-07,2026-04-06T16:00:00+00:00,26.9,23.8,0.0
Hong Kong,2026-03-24T22:46:52.794743+00:00,2026-04-08,2026-04-07T16:00:00+00:00,27.8,24.1,0.0
Hong Kong,2026-03-24T22:46:52.794743+00:00,2026-04-09,2026-04-08T16:00:00+00:00,,,
Hong Kong,2026-03-24T23:27:43.503980+00:00,2026-03-25,2026-03-24T16:00:00+00:00,26.9,21.6,0.0
Hong Kong,2026-03-24T23:27:43.503980+00:00,2026-03-26,2026-03-25T16:00:00+00:00,24.2,22.2,1.4
Hong Kong,2026-03-24T23:27:43.503980+00:00,2026-03-27,2026-03-26T16:00:00+00:00,24.9,22.5,0.6
Hong Kong,2026-03-24T23:27:43.503980+00:00,2026-03-28,2026-03-27T16:00:00+00:00,24.6,22.2,1.5
Hong Kong,2026-03-24T23:27:43.503980+00:00,2026-03-29,2026-03-28T16:00:00+00:00,25.5,22.8,0.9
Hong Kong,2026-03-24T23:27:43.503980+00:00,2026-03-30,2026-03-29T16:00:00+00:00,25.4,22.9,2.1
Hong Kong,2026-03-24T23:27:43.503980+00:00,2026-03-31,2026-03-30T16:00:00+00:00,25.5,23.3,2.7
Hong Kong,2026-03-24T23:27:43.503980+00:00,2026-04-01,2026-03-31T16:00:00+00:00,26.2,23.5,0.0
Hong Kong,2026-03-24T23:27:43.503980+00:00,2026-04-02,2026-04-01T16:00:00+00:00,27.1,23.8,0.0
Hong Kong,2026-03-24T23:27:43.503980+00:00,2026-04-03,2026-04-02T16:00:00+00:00,25.0,21.7,0.3
Hong Kong,2026-03-24T23:27:43.503980+00:00,2026-04-04,2026-04-03T16:00:00+00:00,25.7,22.4,0.0
Hong Kong,2026-03-24T23:27:43.503980+00:00,2026-04-05,2026-04-04T16:00:00+00:00,26.6,23.4,0.0
Hong Kong,2026-03-24T23:27:43.503980+00:00,2026-04-06,2026-04-05T16:00:00+00:00,26.8,23.8,0.0
Hong Kong,2026-03-24T23:27:43.503980+00:00,2026-04-07,2026-04-06T16:00:00+00:00,26.8,23.7,0.0
Hong Kong,2026-03-24T23:27:43.503980+00:00,2026-04-08,2026-04-07T16:00:00+00:00,27.7,24.0,0.0
Hong Kong,2026-03-24T23:27:43.503980+00:00,2026-04-09,2026-04-08T16:00:00+00:00,,,
Hong Kong,2026-03-24T23:35:40.370404+00:00,2026-03-25,2026-03-24T16:00:00+00:00,26.9,21.6,0.0
Hong Kong,2026-03-24T23:35:40.370404+00:00,2026-03-26,2026-03-25T16:00:00+00:00,24.2,22.2,1.4
Hong Kong,2026-03-24T23:35:40.370404+00:00,2026-03-27,2026-03-26T16:00:00+00:00,24.9,22.5,0.6
Hong Kong,2026-03-24T23:35:40.370404+00:00,2026-03-28,2026-03-27T16:00:00+00:00,24.6,22.2,1.5
Hong Kong,2026-03-24T23:35:40.370404+00:00,2026-03-29,2026-03-28T16:00:00+00:00,25.5,22.8,0.9
Hong Kong,2026-03-24T23:35:40.370404+00:00,2026-03-30,2026-03-29T16:00:00+00:00,25.4,22.9,2.1
Hong Kong,2026-03-24T23:35:40.370404+00:00,2026-03-31,2026-03-30T16:00:00+00:00,25.5,23.3,2.7
Hong Kong,2026-03-24T23:35:40.370404+00:00,2026-04-01,2026-03-31T16:00:00+00:00,25.4,23.3,0.3
Hong Kong,2026-03-24T23:35:40.370404+00:00,2026-04-02,2026-04-01T16:00:00+00:00,27.0,23.5,0.0
Hong Kong,2026-03-24T23:35:40.370404+00:00,2026-04-03,2026-04-02T16:00:00+00:00,24.3,21.7,1.2
Hong Kong,2026-03-24T23:35:40.370404+00:00,2026-04-04,2026-04-03T16:00:00+00:00,26.2,23.1,0.0
Hong Kong,2026-03-24T23:35:40.370404+00:00,2026-04-05,2026-04-04T16:00:00+00:00,26.0,23.1,0.0
Hong Kong,2026-03-24T23:35:40.370404+00:00,2026-04-06,2026-04-05T16:00:00+00:00,27.0,23.7,0.0
Hong Kong,2026-03-24T23:35:40.370404+00:00,2026-04-07,2026-04-06T16:00:00+00:00,26.9,24.5,0.0
Hong Kong,2026-03-24T23:35:40.370404+00:00,2026-04-08,2026-04-07T16:00:00+00:00,27.1,24.2,0.0
Hong Kong,2026-03-24T23:35:40.370404+00:00,2026-04-09,2026-04-08T16:00:00+00:00,26.7,24.3,0.0
Hong Kong,2026-03-24T23:42:07.759105+00:00,2026-03-25,2026-03-24T16:00:00+00:00,26.9,21.6,0.0
Hong Kong,2026-03-24T23:42:07.759105+00:00,2026-03-26,2026-03-25T16:00:00+00:00,24.2,22.2,1.4
Hong Kong,2026-03-24T23:42:07.759105+00:00,2026-03-27,2026-03-26T16:00:00+00:00,24.9,22.5,0.6
Hong Kong,2026-03-24T23:42:07.759105+00:00,2026-03-28,2026-03-27T16:00:00+00:00,24.6,22.2,1.5
Hong Kong,2026-03-24T23:42:07.759105+00:00,2026-03-29,2026-03-28T16:00:00+00:00,25.5,22.8,0.9
Hong Kong,2026-03-24T23:42:07.759105+00:00,2026-03-30,2026-03-29T16:00:00+00:00,25.4,22.9,2.1
Hong Kong,2026-03-24T23:42:07.759105+00:00,2026-03-31,2026-03-30T16:00:00+00:00,25.5,23.3,2.7
Hong Kong,2026-03-24T23:42:07.759105+00:00,2026-04-01,2026-03-31T16:00:00+00:00,25.4,23.3,0.3
Hong Kong,2026-03-24T23:42:07.759105+00:00,2026-04-02,2026-04-01T16:00:00+00:00,27.0,23.5,0.0
Hong Kong,2026-03-24T23:42:07.759105+00:00,2026-04-03,2026-04-02T16:00:00+00:00,24.3,21.7,1.2
Hong Kong,2026-03-24T23:42:07.759105+00:00,2026-04-04,2026-04-03T16:00:00+00:00,26.2,23.1,0.0
Hong Kong,2026-03-24T23:42:07.759105+00:00,2026-04-05,2026-04-04T16:00:00+00:00,26.0,23.1,0.0
Hong Kong,2026-03-24T23:42:07.759105+00:00,2026-04-06,2026-04-05T16:00:00+00:00,27.0,23.7,0.0
Hong Kong,2026-03-24T23:42:07.759105+00:00,2026-04-07,2026-04-06T16:00:00+00:00,26.9,24.5,0.0
Hong Kong,2026-03-24T23:42:07.759105+00:00,2026-04-08,2026-04-07T16:00:00+00:00,27.1,24.2,0.0
Hong Kong,2026-03-24T23:42:07.759105+00:00,2026-04-09,2026-04-08T16:00:00+00:00,26.7,24.3,0.0
Hong Kong,2026-03-25T06:05:30.826638+00:00,2026-03-25,2026-03-24T16:00:00+00:00,27.6,21.6,0.0
Hong Kong,2026-03-25T06:05:30.826638+00:00,2026-03-26,2026-03-25T16:00:00+00:00,24.4,22.3,0.4
Hong Kong,2026-03-25T06:05:30.826638+00:00,2026-03-27,2026-03-26T16:00:00+00:00,25.2,22.3,0.2
Hong Kong,2026-03-25T06:05:30.826638+00:00,2026-03-28,2026-03-27T16:00:00+00:00,25.3,22.2,0.9
Hong Kong,2026-03-25T06:05:30.826638+00:00,2026-03-29,2026-03-28T16:00:00+00:00,25.2,22.6,1.2
Hong Kong,2026-03-25T06:05:30.826638+00:00,2026-03-30,2026-03-29T16:00:00+00:00,25.9,23.4,1.8
Hong Kong,2026-03-25T06:05:30.826638+00:00,2026-03-31,2026-03-30T16:00:00+00:00,25.8,23.0,1.5
Hong Kong,2026-03-25T06:05:30.826638+00:00,2026-04-01,2026-03-31T16:00:00+00:00,25.5,21.6,0.9
Hong Kong,2026-03-25T06:05:30.826638+00:00,2026-04-02,2026-04-01T16:00:00+00:00,25.9,23.4,0.6
Hong Kong,2026-03-25T06:05:30.826638+00:00,2026-04-03,2026-04-02T16:00:00+00:00,25.0,21.3,1.5
Hong Kong,2026-03-25T06:05:30.826638+00:00,2026-04-04,2026-04-03T16:00:00+00:00,21.8,20.9,1.2
Hong Kong,2026-03-25T06:05:30.826638+00:00,2026-04-05,2026-04-04T16:00:00+00:00,22.8,21.2,0.0
Hong Kong,2026-03-25T06:05:30.826638+00:00,2026-04-06,2026-04-05T16:00:00+00:00,26.5,22.4,0.3
Hong Kong,2026-03-25T06:05:30.826638+00:00,2026-04-07,2026-04-06T16:00:00+00:00,26.9,23.7,0.0
Hong Kong,2026-03-25T06:05:30.826638+00:00,2026-04-08,2026-04-07T16:00:00+00:00,27.0,23.8,0.0
Hong Kong,2026-03-25T06:05:30.826638+00:00,2026-04-09,2026-04-08T16:00:00+00:00,24.5,23.2,0.0
Hong Kong,2026-05-14T17:16:29.935554+00:00,2026-05-15,2026-05-14T16:00:00+00:00,27.2,23.2,12.2
Hong Kong,2026-05-14T17:16:29.935554+00:00,2026-05-16,2026-05-15T16:00:00+00:00,25.4,23.0,46.6
Hong Kong,2026-05-14T17:16:29.935554+00:00,2026-05-17,2026-05-16T16:00:00+00:00,24.5,23.5,50.2
Hong Kong,2026-05-14T17:16:29.935554+00:00,2026-05-18,2026-05-17T16:00:00+00:00,26.2,23.6,10.1
Hong Kong,2026-05-14T17:16:29.935554+00:00,2026-05-19,2026-05-18T16:00:00+00:00,27.1,24.0,5.1
Hong Kong,2026-05-14T17:16:29.935554+00:00,2026-05-20,2026-05-19T16:00:00+00:00,29.3,24.5,1.2
Hong Kong,2026-05-14T17:16:29.935554+00:00,2026-05-21,2026-05-20T16:00:00+00:00,29.1,25.0,0.6
Hong Kong,2026-05-14T17:16:29.935554+00:00,2026-05-22,2026-05-21T16:00:00+00:00,29.4,25.4,1.8
Hong Kong,2026-05-14T17:16:29.935554+00:00,2026-05-23,2026-05-22T16:00:00+00:00,29.0,26.2,0.9
Hong Kong,2026-05-14T17:16:29.935554+00:00,2026-05-24,2026-05-23T16:00:00+00:00,29.5,26.4,0.3
Hong Kong,2026-05-14T17:16:29.935554+00:00,2026-05-25,2026-05-24T16:00:00+00:00,29.6,26.6,0.0
Hong Kong,2026-05-14T17:16:29.935554+00:00,2026-05-26,2026-05-25T16:00:00+00:00,30.0,26.4,0.6
Hong Kong,2026-05-14T17:16:29.935554+00:00,2026-05-27,2026-05-26T16:00:00+00:00,29.0,26.5,2.1
Hong Kong,2026-05-14T17:16:29.935554+00:00,2026-05-28,2026-05-27T16:00:00+00:00,30.0,26.0,5.7
Hong Kong,2026-05-14T17:16:29.935554+00:00,2026-05-29,2026-05-28T16:00:00+00:00,29.9,26.2,2.4
Hong Kong,2026-05-14T17:16:29.935554+00:00,2026-05-30,2026-05-29T16:00:00+00:00,,,
Hong Kong,2026-05-14T17:18:28.140527+00:00,2026-05-15,2026-05-14T16:00:00+00:00,27.2,23.2,12.2
Hong Kong,2026-05-14T17:18:28.140527+00:00,2026-05-16,2026-05-15T16:00:00+00:00,25.4,23.0,46.6
Hong Kong,2026-05-14T17:18:28.140527+00:00,2026-05-17,2026-05-16T16:00:00+00:00,24.5,23.5,50.2
Hong Kong,2026-05-14T17:18:28.140527+00:00,2026-05-18,2026-05-17T16:00:00+00:00,26.2,23.6,10.1
Hong Kong,2026-05-14T17:18:28.140527+00:00,2026-05-19,2026-05-18T16:00:00+00:00,27.1,24.0,5.1
Hong Kong,2026-05-14T17:18:28.140527+00:00,2026-05-20,2026-05-19T16:00:00+00:00,29.3,24.5,1.2
Hong Kong,2026-05-14T17:18:28.140527+00:00,2026-05-21,2026-05-20T16:00:00+00:00,29.1,25.0,0.6
Hong Kong,2026-05-14T17:18:28.140527+00:00,2026-05-22,2026-05-21T16:00:00+00:00,29.4,25.4,1.8
Hong Kong,2026-05-14T17:18:28.140527+00:00,2026-05-23,2026-05-22T16:00:00+00:00,29.0,26.2,0.9
Hong Kong,2026-05-14T17:18:28.140527+00:00,2026-05-24,2026-05-23T16:00:00+00:00,29.5,26.4,0.3
Hong Kong,2026-05-14T17:18:28.140527+00:00,2026-05-25,2026-05-24T16:00:00+00:00,29.6,26.6,0.0
Hong Kong,2026-05-14T17:18:28.140527+00:00,2026-05-26,2026-05-25T16:00:00+00:00,30.0,26.4,0.6
Hong Kong,2026-05-14T17:18:28.140527+00:00,2026-05-27,2026-05-26T16:00:00+00:00,29.0,26.5,2.1
Hong Kong,2026-05-14T17:18:28.140527+00:00,2026-05-28,2026-05-27T16:00:00+00:00,30.0,26.0,5.7
Hong Kong,2026-05-14T17:18:28.140527+00:00,2026-05-29,2026-05-28T16:00:00+00:00,29.9,26.2,2.4
Hong Kong,2026-05-14T17:18:28.140527+00:00,2026-05-30,2026-05-29T16:00:00+00:00,,,
Hong Kong,2026-05-14T17:36:15.292842+00:00,2026-05-15,2026-05-14T16:00:00+00:00,27.2,23.2,12.2
Hong Kong,2026-05-14T17:36:15.292842+00:00,2026-05-16,2026-05-15T16:00:00+00:00,25.4,23.0,46.6
Hong Kong,2026-05-14T17:36:15.292842+00:00,2026-05-17,2026-05-16T16:00:00+00:00,24.5,23.5,50.2
Hong Kong,2026-05-14T17:36:15.292842+00:00,2026-05-18,2026-05-17T16:00:00+00:00,26.2,23.6,10.1
Hong Kong,2026-05-14T17:36:15.292842+00:00,2026-05-19,2026-05-18T16:00:00+00:00,27.1,24.0,5.1
Hong Kong,2026-05-14T17:36:15.292842+00:00,2026-05-20,2026-05-19T16:00:00+00:00,29.3,24.5,1.2
Hong Kong,2026-05-14T17:36:15.292842+00:00,2026-05-21,2026-05-20T16:00:00+00:00,29.1,25.0,0.6
Hong Kong,2026-05-14T17:36:15.292842+00:00,2026-05-22,2026-05-21T16:00:00+00:00,29.4,25.4,1.8
Hong Kong,2026-05-14T17:36:15.292842+00:00,2026-05-23,2026-05-22T16:00:00+00:00,29.0,26.2,0.9
Hong Kong,2026-05-14T17:36:15.292842+00:00,2026-05-24,2026-05-23T16:00:00+00:00,29.5,26.4,0.3
Hong Kong,2026-05-14T17:36:15.292842+00:00,2026-05-25,2026-05-24T16:00:00+00:00,29.6,26.6,0.0
Hong Kong,2026-05-14T17:36:15.292842+00:00,2026-05-26,2026-05-25T16:00:00+00:00,30.0,26.4,0.6
Hong Kong,2026-05-14T17:36:15.292842+00:00,2026-05-27,2026-05-26T16:00:00+00:00,29.0,26.5,2.1
Hong Kong,2026-05-14T17:36:15.292842+00:00,2026-05-28,2026-05-27T16:00:00+00:00,30.0,26.0,5.7
Hong Kong,2026-05-14T17:36:15.292842+00:00,2026-05-29,2026-05-28T16:00:00+00:00,26.9,25.2,2.1
Hong Kong,2026-05-14T17:36:15.292842+00:00,2026-05-30,2026-05-29T16:00:00+00:00,,,
Hong Kong,2026-05-21T17:25:06.993752+00:00,2026-05-22,2026-05-21T16:00:00+00:00,29.1,25.8,2.5
Hong Kong,2026-05-21T17:25:06.993752+00:00,2026-05-23,2026-05-22T16:00:00+00:00,29.6,26.0,3.5
Hong Kong,2026-05-21T17:25:06.993752+00:00,2026-05-24,2026-05-23T16:00:00+00:00,29.9,26.2,3.5
Hong Kong,2026-05-21T17:25:06.993752+00:00,2026-05-25,2026-05-24T16:00:00+00:00,29.8,26.5,2.1
Hong Kong,2026-05-21T17:25:06.993752+00:00,2026-05-26,2026-05-25T16:00:00+00:00,29.9,26.5,1.8
Hong Kong,2026-05-21T17:25:06.993752+00:00,2026-05-27,2026-05-26T16:00:00+00:00,30.2,26.5,1.8
Hong Kong,2026-05-21T17:25:06.993752+00:00,2026-05-28,2026-05-27T16:00:00+00:00,31.2,26.5,0.0
Hong Kong,2026-05-21T17:25:06.993752+00:00,2026-05-29,2026-05-28T16:00:00+00:00,30.6,26.0,1.5
Hong Kong,2026-05-21T17:25:06.993752+00:00,2026-05-30,2026-05-29T16:00:00+00:00,29.1,25.9,0.9
Hong Kong,2026-05-21T17:25:06.993752+00:00,2026-05-31,2026-05-30T16:00:00+00:00,30.6,25.9,0.6
Hong Kong,2026-05-21T17:25:06.993752+00:00,2026-06-01,2026-05-31T16:00:00+00:00,31.5,26.9,1.2
Hong Kong,2026-05-21T17:25:06.993752+00:00,2026-06-02,2026-06-01T16:00:00+00:00,31.3,27.1,0.6
Hong Kong,2026-05-21T17:25:06.993752+00:00,2026-06-03,2026-06-02T16:00:00+00:00,30.7,26.8,0.9
Hong Kong,2026-05-21T17:25:06.993752+00:00,2026-06-04,2026-06-03T16:00:00+00:00,30.2,25.9,6.6
Hong Kong,2026-05-21T17:25:06.993752+00:00,2026-06-05,2026-06-04T16:00:00+00:00,26.4,24.7,3.6
Hong Kong,2026-05-21T17:25:06.993752+00:00,2026-06-06,2026-06-05T16:00:00+00:00,,,
Hong Kong,2026-05-22T13:53:14.597424+00:00,2026-05-22,2026-05-21T16:00:00+00:00,30.0,25.0,1.8
Hong Kong,2026-05-22T13:53:14.597424+00:00,2026-05-23,2026-05-22T16:00:00+00:00,28.6,26.0,3.7
Hong Kong,2026-05-22T13:53:14.597424+00:00,2026-05-24,2026-05-23T16:00:00+00:00,29.6,26.4,3.1
Hong Kong,2026-05-22T13:53:14.597424+00:00,2026-05-25,2026-05-24T16:00:00+00:00,29.8,26.5,3.8
Hong Kong,2026-05-22T13:53:14.597424+00:00,2026-05-26,2026-05-25T16:00:00+00:00,29.8,26.6,3.3
Hong Kong,2026-05-22T13:53:14.597424+00:00,2026-05-27,2026-05-26T16:00:00+00:00,30.4,26.6,1.2
Hong Kong,2026-05-22T13:53:14.597424+00:00,2026-05-28,2026-05-27T16:00:00+00:00,31.4,26.2,0.0
Hong Kong,2026-05-22T13:53:14.597424+00:00,2026-05-29,2026-05-28T16:00:00+00:00,32.2,26.3,2.1
Hong Kong,2026-05-22T13:53:14.597424+00:00,2026-05-30,2026-05-29T16:00:00+00:00,28.5,24.4,7.5
Hong Kong,2026-05-22T13:53:14.597424+00:00,2026-05-31,2026-05-30T16:00:00+00:00,28.1,25.2,4.2
Hong Kong,2026-05-22T13:53:14.597424+00:00,2026-06-01,2026-05-31T16:00:00+00:00,28.2,24.6,0.0
Hong Kong,2026-05-22T13:53:14.597424+00:00,2026-06-02,2026-06-01T16:00:00+00:00,29.8,24.5,0.0
Hong Kong,2026-05-22T13:53:14.597424+00:00,2026-06-03,2026-06-02T16:00:00+00:00,31.0,26.1,4.5
Hong Kong,2026-05-22T13:53:14.597424+00:00,2026-06-04,2026-06-03T16:00:00+00:00,29.0,25.0,11.7
Hong Kong,2026-05-22T13:53:14.597424+00:00,2026-06-05,2026-06-04T16:00:00+00:00,30.6,26.9,3.3
Hong Kong,2026-05-22T13:53:14.597424+00:00,2026-06-06,2026-06-05T16:00:00+00:00,28.1,26.3,1.8
Hong Kong,2026-05-22T14:17:19.964320+00:00,2026-05-22,2026-05-21T16:00:00+00:00,30.0,25.0,1.8
Hong Kong,2026-05-22T14:17:19.964320+00:00,2026-05-23,2026-05-22T16:00:00+00:00,28.6,26.0,3.7
Hong Kong,2026-05-22T14:17:19.964320+00:00,2026-05-24,2026-05-23T16:00:00+00:00,29.6,26.4,3.1
Hong Kong,2026-05-22T14:17:19.964320+00:00,2026-05-25,2026-05-24T16:00:00+00:00,29.8,26.5,3.8
Hong Kong,2026-05-22T14:17:19.964320+00:00,2026-05-26,2026-05-25T16:00:00+00:00,29.8,26.6,3.3
Hong Kong,2026-05-22T14:17:19.964320+00:00,2026-05-27,2026-05-26T16:00:00+00:00,30.4,26.6,1.2
Hong Kong,2026-05-22T14:17:19.964320+00:00,2026-05-28,2026-05-27T16:00:00+00:00,31.4,26.2,0.0
Hong Kong,2026-05-22T14:17:19.964320+00:00,2026-05-29,2026-05-28T16:00:00+00:00,32.2,26.3,2.1
Hong Kong,2026-05-22T14:17:19.964320+00:00,2026-05-30,2026-05-29T16:00:00+00:00,28.5,24.4,7.5
Hong Kong,2026-05-22T14:17:19.964320+00:00,2026-05-31,2026-05-30T16:00:00+00:00,28.1,25.2,4.2
Hong Kong,2026-05-22T14:17:19.964320+00:00,2026-06-01,2026-05-31T16:00:00+00:00,28.2,24.6,0.0
Hong Kong,2026-05-22T14:17:19.964320+00:00,2026-06-02,2026-06-01T16:00:00+00:00,29.8,24.5,0.0
Hong Kong,2026-05-22T14:17:19.964320+00:00,2026-06-03,2026-06-02T16:00:00+00:00,31.0,26.1,4.5
Hong Kong,2026-05-22T14:17:19.964320+00:00,2026-06-04,2026-06-03T16:00:00+00:00,29.0,25.0,11.7
Hong Kong,2026-05-22T14:17:19.964320+00:00,2026-06-05,2026-06-04T16:00:00+00:00,30.6,26.9,3.3
Hong Kong,2026-05-22T14:17:19.964320+00:00,2026-06-06,2026-06-05T16:00:00+00:00,28.1,26.3,1.8
Hong Kong,2026-05-22T14:37:04.088368+00:00,2026-05-22,2026-05-21T16:00:00+00:00,30.0,25.0,1.8
Hong Kong,2026-05-22T14:37:04.088368+00:00,2026-05-23,2026-05-22T16:00:00+00:00,28.6,26.0,3.7
Hong Kong,2026-05-22T14:37:04.088368+00:00,2026-05-24,2026-05-23T16:00:00+00:00,29.6,26.4,3.1
Hong Kong,2026-05-22T14:37:04.088368+00:00,2026-05-25,2026-05-24T16:00:00+00:00,29.8,26.5,3.8
Hong Kong,2026-05-22T14:37:04.088368+00:00,2026-05-26,2026-05-25T16:00:00+00:00,29.8,26.6,3.3
Hong Kong,2026-05-22T14:37:04.088368+00:00,2026-05-27,2026-05-26T16:00:00+00:00,30.4,26.6,1.2
Hong Kong,2026-05-22T14:37:04.088368+00:00,2026-05-28,2026-05-27T16:00:00+00:00,31.4,26.2,0.0
Hong Kong,2026-05-22T14:37:04.088368+00:00,2026-05-29,2026-05-28T16:00:00+00:00,32.2,26.3,2.1
Hong Kong,2026-05-22T14:37:04.088368+00:00,2026-05-30,2026-05-29T16:00:00+00:00,28.5,24.4,7.5
Hong Kong,2026-05-22T14:37:04.088368+00:00,2026-05-31,2026-05-30T16:00:00+00:00,28.1,25.2,4.2
Hong Kong,2026-05-22T14:37:04.088368+00:00,2026-06-01,2026-05-31T16:00:00+00:00,28.2,24.6,0.0
Hong Kong,2026-05-22T14:37:04.088368+00:00,2026-06-02,2026-06-01T16:00:00+00:00,29.8,24.5,0.0
Hong Kong,2026-05-22T14:37:04.088368+00:00,2026-06-03,2026-06-02T16:00:00+00:00,31.0,26.1,4.5
Hong Kong,2026-05-22T14:37:04.088368+00:00,2026-06-04,2026-06-03T16:00:00+00:00,29.0,25.0,11.7
Hong Kong,2026-05-22T14:37:04.088368+00:00,2026-06-05,2026-06-04T16:00:00+00:00,30.6,26.9,3.3
Hong Kong,2026-05-22T14:37:04.088368+00:00,2026-06-06,2026-06-05T16:00:00+00:00,28.1,26.3,1.8
Hong Kong,2026-05-29T10:09:58.520069+00:00,2026-05-29,2026-05-28T16:00:00+00:00,34.6,25.8,2.3
Hong Kong,2026-05-29T10:09:58.520069+00:00,2026-05-30,2026-05-29T16:00:00+00:00,29.6,24.5,4.2
Hong Kong,2026-05-29T10:09:58.520069+00:00,2026-05-31,2026-05-30T16:00:00+00:00,29.9,24.6,0.0
Hong Kong,2026-05-29T10:09:58.520069+00:00,2026-06-01,2026-05-31T16:00:00+00:00,31.7,25.5,1.1
Hong Kong,2026-05-29T10:09:58.520069+00:00,2026-06-02,2026-06-01T16:00:00+00:00,32.4,26.9,0.9
Hong Kong,2026-05-29T10:09:58.520069+00:00,2026-06-03,2026-06-02T16:00:00+00:00,31.5,27.0,1.5
Hong Kong,2026-05-29T10:09:58.520069+00:00,2026-06-04,2026-06-03T16:00:00+00:00,32.7,26.6,1.8
Hong Kong,2026-05-29T10:09:58.520069+00:00,2026-06-05,2026-06-04T16:00:00+00:00,32.1,28.0,2.1
Hong Kong,2026-05-29T10:09:58.520069+00:00,2026-06-06,2026-06-05T16:00:00+00:00,32.0,28.0,3.3
Hong Kong,2026-05-29T10:09:58.520069+00:00,2026-06-07,2026-06-06T16:00:00+00:00,30.4,28.4,7.5
Hong Kong,2026-05-29T10:09:58.520069+00:00,2026-06-08,2026-06-07T16:00:00+00:00,29.3,27.0,12.6
Hong Kong,2026-05-29T10:09:58.520069+00:00,2026-06-09,2026-06-08T16:00:00+00:00,27.2,24.5,41.1
Hong Kong,2026-05-29T10:09:58.520069+00:00,2026-06-10,2026-06-09T16:00:00+00:00,26.0,24.8,94.2
Hong Kong,2026-05-29T10:09:58.520069+00:00,2026-06-11,2026-06-10T16:00:00+00:00,25.2,23.0,27.3
Hong Kong,2026-05-29T10:09:58.520069+00:00,2026-06-12,2026-06-11T16:00:00+00:00,27.8,23.4,1.5
Hong Kong,2026-05-29T10:09:58.520069+00:00,2026-06-13,2026-06-12T16:00:00+00:00,30.1,26.0,4.5
Hong Kong,2026-05-29T10:42:18.430609+00:00,2026-05-29,2026-05-28T16:00:00+00:00,34.6,25.8,2.3
Hong Kong,2026-05-29T10:42:18.430609+00:00,2026-05-30,2026-05-29T16:00:00+00:00,29.6,24.5,4.2
Hong Kong,2026-05-29T10:42:18.430609+00:00,2026-05-31,2026-05-30T16:00:00+00:00,29.9,24.6,0.0
Hong Kong,2026-05-29T10:42:18.430609+00:00,2026-06-01,2026-05-31T16:00:00+00:00,31.7,25.5,1.1
Hong Kong,2026-05-29T10:42:18.430609+00:00,2026-06-02,2026-06-01T16:00:00+00:00,32.4,26.9,0.9
Hong Kong,2026-05-29T10:42:18.430609+00:00,2026-06-03,2026-06-02T16:00:00+00:00,31.5,27.0,1.5
Hong Kong,2026-05-29T10:42:18.430609+00:00,2026-06-04,2026-06-03T16:00:00+00:00,32.7,26.6,1.8
Hong Kong,2026-05-29T10:42:18.430609+00:00,2026-06-05,2026-06-04T16:00:00+00:00,32.1,28.0,2.1
Hong Kong,2026-05-29T10:42:18.430609+00:00,2026-06-06,2026-06-05T16:00:00+00:00,32.0,28.0,3.3
Hong Kong,2026-05-29T10:42:18.430609+00:00,2026-06-07,2026-06-06T16:00:00+00:00,30.4,28.4,7.5
Hong Kong,2026-05-29T10:42:18.430609+00:00,2026-06-08,2026-06-07T16:00:00+00:00,29.3,27.0,12.6
Hong Kong,2026-05-29T10:42:18.430609+00:00,2026-06-09,2026-06-08T16:00:00+00:00,27.2,24.5,41.1
Hong Kong,2026-05-29T10:42:18.430609+00:00,2026-06-10,2026-06-09T16:00:00+00:00,26.0,24.8,94.2
Hong Kong,2026-05-29T10:42:18.430609+00:00,2026-06-11,2026-06-10T16:00:00+00:00,25.2,23.0,27.3
Hong Kong,2026-05-29T10:42:18.430609+00:00,2026-06-12,2026-06-11T16:00:00+00:00,27.8,23.4,1.5
Hong Kong,2026-05-29T10:42:18.430609+00:00,2026-06-13,2026-06-12T16:00:00+00:00,30.1,26.0,4.5
Hong Kong,2026-05-29T18:37:54.733933+00:00,2026-05-30,2026-05-29T16:00:00+00:00,30.3,25.4,0.8
Hong Kong,2026-05-29T18:37:54.733933+00:00,2026-05-31,2026-05-30T16:00:00+00:00,30.2,25.5,0.0
Hong Kong,2026-05-29T18:37:54.733933+00:00,2026-06-01,2026-05-31T16:00:00+00:00,31.1,25.4,0.1
Hong Kong,2026-05-29T18:37:54.733933+00:00,2026-06-02,2026-06-01T16:00:00+00:00,30.8,27.0,5.1
Hong Kong,2026-05-29T18:37:54.733933+00:00,2026-06-03,2026-06-02T16:00:00+00:00,31.2,26.7,0.3
Hong Kong,2026-05-29T18:37:54.733933+00:00,2026-06-04,2026-06-03T16:00:00+00:00,32.5,26.1,3.3
Hong Kong,2026-05-29T18:37:54.733933+00:00,2026-06-05,2026-06-04T16:00:00+00:00,32.1,28.0,2.1
Hong Kong,2026-05-29T18:37:54.733933+00:00,2026-06-06,2026-06-05T16:00:00+00:00,32.0,28.0,3.3
Hong Kong,2026-05-29T18:37:54.733933+00:00,2026-06-07,2026-06-06T16:00:00+00:00,30.4,28.4,7.5
Hong Kong,2026-05-29T18:37:54.733933+00:00,2026-06-08,2026-06-07T16:00:00+00:00,29.3,27.0,12.6
Hong Kong,2026-05-29T18:37:54.733933+00:00,2026-06-09,2026-06-08T16:00:00+00:00,27.2,24.5,41.1
Hong Kong,2026-05-29T18:37:54.733933+00:00,2026-06-10,2026-06-09T16:00:00+00:00,26.0,24.8,94.2
Hong Kong,2026-05-29T18:37:54.733933+00:00,2026-06-11,2026-06-10T16:00:00+00:00,25.2,23.0,27.3
Hong Kong,2026-05-29T18:37:54.733933+00:00,2026-06-12,2026-06-11T16:00:00+00:00,27.8,23.4,1.5
Hong Kong,2026-05-29T18:37:54.733933+00:00,2026-06-13,2026-06-12T16:00:00+00:00,28.6,26.0,4.5
Hong Kong,2026-05-29T18:37:54.733933+00:00,2026-06-14,2026-06-13T16:00:00+00:00,,,
Hong Kong,2026-05-29T18:45:59.824785+00:00,2026-05-30,2026-05-29T16:00:00+00:00,30.3,25.4,0.8
Hong Kong,2026-05-29T18:45:59.824785+00:00,2026-05-31,2026-05-30T16:00:00+00:00,30.2,25.5,0.0
Hong Kong,2026-05-29T18:45:59.824785+00:00,2026-06-01,2026-05-31T16:00:00+00:00,31.1,25.4,0.1
Hong Kong,2026-05-29T18:45:59.824785+00:00,2026-06-02,2026-06-01T16:00:00+00:00,30.8,27.0,5.1
Hong Kong,2026-05-29T18:45:59.824785+00:00,2026-06-03,2026-06-02T16:00:00+00:00,31.2,26.7,0.3
Hong Kong,2026-05-29T18:45:59.824785+00:00,2026-06-04,2026-06-03T16:00:00+00:00,32.5,26.1,3.3
Hong Kong,2026-05-29T18:45:59.824785+00:00,2026-06-05,2026-06-04T16:00:00+00:00,32.1,28.0,2.1
Hong Kong,2026-05-29T18:45:59.824785+00:00,2026-06-06,2026-06-05T16:00:00+00:00,32.0,28.0,3.3
Hong Kong,2026-05-29T18:45:59.824785+00:00,2026-06-07,2026-06-06T16:00:00+00:00,30.4,28.4,7.5
Hong Kong,2026-05-29T18:45:59.824785+00:00,2026-06-08,2026-06-07T16:00:00+00:00,29.3,27.0,12.6
Hong Kong,2026-05-29T18:45:59.824785+00:00,2026-06-09,2026-06-08T16:00:00+00:00,27.2,24.5,41.1
Hong Kong,2026-05-29T18:45:59.824785+00:00,2026-06-10,2026-06-09T16:00:00+00:00,26.0,24.8,94.2
Hong Kong,2026-05-29T18:45:59.824785+00:00,2026-06-11,2026-06-10T16:00:00+00:00,25.2,23.0,27.3
Hong Kong,2026-05-29T18:45:59.824785+00:00,2026-06-12,2026-06-11T16:00:00+00:00,27.8,23.4,1.5
Hong Kong,2026-05-29T18:45:59.824785+00:00,2026-06-13,2026-06-12T16:00:00+00:00,28.6,26.0,4.5
Hong Kong,2026-05-29T18:45:59.824785+00:00,2026-06-14,2026-06-13T16:00:00+00:00,,,
