city,fetched_at_utc,datetime_local,datetime_utc,temp_c,precip_prob_pct
London,2026-06-24T17:07:16.328464+00:00,2026-06-24T00:00,2026-06-23T23:00:00+00:00,24.2,0.0
London,2026-06-24T17:07:16.328464+00:00,2026-06-24T01:00,2026-06-24T00:00:00+00:00,23.6,0.0
London,2026-06-24T17:07:16.328464+00:00,2026-06-24T02:00,2026-06-24T01:00:00+00:00,22.8,0.0
London,2026-06-24T17:07:16.328464+00:00,2026-06-24T03:00,2026-06-24T02:00:00+00:00,22.1,0.0
London,2026-06-24T17:07:16.328464+00:00,2026-06-24T04:00,2026-06-24T03:00:00+00:00,21.9,0.0
London,2026-06-24T17:07:16.328464+00:00,2026-06-24T05:00,2026-06-24T04:00:00+00:00,21.9,0.0
London,2026-06-24T17:07:16.328464+00:00,2026-06-24T06:00,2026-06-24T05:00:00+00:00,22.1,0.0
London,2026-06-24T17:07:16.328464+00:00,2026-06-24T07:00,2026-06-24T06:00:00+00:00,23.6,0.0
London,2026-06-24T17:07:16.328464+00:00,2026-06-24T08:00,2026-06-24T07:00:00+00:00,25.0,0.0
London,2026-06-24T17:07:16.328464+00:00,2026-06-24T09:00,2026-06-24T08:00:00+00:00,26.6,0.0
London,2026-06-24T17:07:16.328464+00:00,2026-06-24T10:00,2026-06-24T09:00:00+00:00,28.6,0.0
London,2026-06-24T17:07:16.328464+00:00,2026-06-24T11:00,2026-06-24T10:00:00+00:00,30.1,0.0
London,2026-06-24T17:07:16.328464+00:00,2026-06-24T12:00,2026-06-24T11:00:00+00:00,31.6,0.0
London,2026-06-24T17:07:16.328464+00:00,2026-06-24T13:00,2026-06-24T12:00:00+00:00,33.0,0.0
London,2026-06-24T17:07:16.328464+00:00,2026-06-24T14:00,2026-06-24T13:00:00+00:00,34.2,0.0
London,2026-06-24T17:07:16.328464+00:00,2026-06-24T15:00,2026-06-24T14:00:00+00:00,35.2,0.0
London,2026-06-24T17:07:16.328464+00:00,2026-06-24T16:00,2026-06-24T15:00:00+00:00,35.7,0.0
London,2026-06-24T17:07:16.328464+00:00,2026-06-24T17:00,2026-06-24T16:00:00+00:00,36.0,0.0
London,2026-06-24T17:07:16.328464+00:00,2026-06-24T18:00,2026-06-24T17:00:00+00:00,35.0,0.0
London,2026-06-24T17:07:16.328464+00:00,2026-06-24T19:00,2026-06-24T18:00:00+00:00,31.7,0.0
London,2026-06-24T17:07:16.328464+00:00,2026-06-24T20:00,2026-06-24T19:00:00+00:00,29.8,0.0
London,2026-06-24T17:07:16.328464+00:00,2026-06-24T21:00,2026-06-24T20:00:00+00:00,28.0,0.0
London,2026-06-24T17:07:16.328464+00:00,2026-06-24T22:00,2026-06-24T21:00:00+00:00,26.6,0.0
London,2026-06-24T17:07:16.328464+00:00,2026-06-24T23:00,2026-06-24T22:00:00+00:00,25.7,0.0
London,2026-06-24T17:07:16.328464+00:00,2026-06-25T00:00,2026-06-24T23:00:00+00:00,24.9,0.0
London,2026-06-24T17:07:16.328464+00:00,2026-06-25T01:00,2026-06-25T00:00:00+00:00,23.7,0.0
London,2026-06-24T17:07:16.328464+00:00,2026-06-25T02:00,2026-06-25T01:00:00+00:00,22.7,0.0
London,2026-06-24T17:07:16.328464+00:00,2026-06-25T03:00,2026-06-25T02:00:00+00:00,21.9,0.0
London,2026-06-24T17:07:16.328464+00:00,2026-06-25T04:00,2026-06-25T03:00:00+00:00,21.6,0.0
London,2026-06-24T17:07:16.328464+00:00,2026-06-25T05:00,2026-06-25T04:00:00+00:00,21.3,0.0
London,2026-06-24T17:07:16.328464+00:00,2026-06-25T06:00,2026-06-25T05:00:00+00:00,21.4,0.0
London,2026-06-24T17:07:16.328464+00:00,2026-06-25T07:00,2026-06-25T06:00:00+00:00,22.1,0.0
London,2026-06-24T17:07:16.328464+00:00,2026-06-25T08:00,2026-06-25T07:00:00+00:00,23.5,0.0
London,2026-06-24T17:07:16.328464+00:00,2026-06-25T09:00,2026-06-25T08:00:00+00:00,25.1,0.0
London,2026-06-24T17:07:16.328464+00:00,2026-06-25T10:00,2026-06-25T09:00:00+00:00,26.8,0.0
London,2026-06-24T17:07:16.328464+00:00,2026-06-25T11:00,2026-06-25T10:00:00+00:00,27.6,0.0
London,2026-06-24T17:07:16.328464+00:00,2026-06-25T12:00,2026-06-25T11:00:00+00:00,28.6,0.0
London,2026-06-24T17:07:16.328464+00:00,2026-06-25T13:00,2026-06-25T12:00:00+00:00,29.3,0.0
London,2026-06-24T17:07:16.328464+00:00,2026-06-25T14:00,2026-06-25T13:00:00+00:00,29.8,0.0
London,2026-06-24T17:07:16.328464+00:00,2026-06-25T15:00,2026-06-25T14:00:00+00:00,29.8,0.0
London,2026-06-24T17:07:16.328464+00:00,2026-06-25T16:00,2026-06-25T15:00:00+00:00,29.6,0.0
London,2026-06-24T17:07:16.328464+00:00,2026-06-25T17:00,2026-06-25T16:00:00+00:00,29.5,0.0
London,2026-06-24T17:07:16.328464+00:00,2026-06-25T18:00,2026-06-25T17:00:00+00:00,29.1,0.0
London,2026-06-24T17:07:16.328464+00:00,2026-06-25T19:00,2026-06-25T18:00:00+00:00,28.0,0.0
London,2026-06-24T17:07:16.328464+00:00,2026-06-25T20:00,2026-06-25T19:00:00+00:00,26.7,0.0
London,2026-06-24T17:07:16.328464+00:00,2026-06-25T21:00,2026-06-25T20:00:00+00:00,25.8,0.0
London,2026-06-24T17:07:16.328464+00:00,2026-06-25T22:00,2026-06-25T21:00:00+00:00,24.9,0.0
London,2026-06-24T17:07:16.328464+00:00,2026-06-25T23:00,2026-06-25T22:00:00+00:00,24.4,0.0
London,2026-06-24T17:07:16.328464+00:00,2026-06-26T00:00,2026-06-25T23:00:00+00:00,24.4,0.0
London,2026-06-24T17:07:16.328464+00:00,2026-06-26T01:00,2026-06-26T00:00:00+00:00,24.4,0.0
London,2026-06-24T17:07:16.328464+00:00,2026-06-26T02:00,2026-06-26T01:00:00+00:00,24.2,1.0
London,2026-06-24T17:07:16.328464+00:00,2026-06-26T03:00,2026-06-26T02:00:00+00:00,24.6,3.0
London,2026-06-24T17:07:16.328464+00:00,2026-06-26T04:00,2026-06-26T03:00:00+00:00,24.7,8.0
London,2026-06-24T17:07:16.328464+00:00,2026-06-26T05:00,2026-06-26T04:00:00+00:00,24.5,20.0
London,2026-06-24T17:07:16.328464+00:00,2026-06-26T06:00,2026-06-26T05:00:00+00:00,24.0,35.0
London,2026-06-24T17:07:16.328464+00:00,2026-06-26T07:00,2026-06-26T06:00:00+00:00,24.5,43.0
London,2026-06-24T17:07:16.328464+00:00,2026-06-26T08:00,2026-06-26T07:00:00+00:00,25.5,37.0
London,2026-06-24T17:07:16.328464+00:00,2026-06-26T09:00,2026-06-26T08:00:00+00:00,27.4,25.0
London,2026-06-24T17:07:16.328464+00:00,2026-06-26T10:00,2026-06-26T09:00:00+00:00,30.0,14.0
London,2026-06-24T17:07:16.328464+00:00,2026-06-26T11:00,2026-06-26T10:00:00+00:00,31.3,8.0
London,2026-06-24T17:07:16.328464+00:00,2026-06-26T12:00,2026-06-26T11:00:00+00:00,33.4,4.0
London,2026-06-24T17:07:16.328464+00:00,2026-06-26T13:00,2026-06-26T12:00:00+00:00,35.1,2.0
London,2026-06-24T17:07:16.328464+00:00,2026-06-26T14:00,2026-06-26T13:00:00+00:00,35.7,3.0
London,2026-06-24T17:07:16.328464+00:00,2026-06-26T15:00,2026-06-26T14:00:00+00:00,35.1,5.0
London,2026-06-24T17:07:16.328464+00:00,2026-06-26T16:00,2026-06-26T15:00:00+00:00,34.3,6.0
London,2026-06-24T17:07:16.328464+00:00,2026-06-26T17:00,2026-06-26T16:00:00+00:00,33.3,5.0
London,2026-06-24T17:07:16.328464+00:00,2026-06-26T18:00,2026-06-26T17:00:00+00:00,32.7,2.0
London,2026-06-24T17:07:16.328464+00:00,2026-06-26T19:00,2026-06-26T18:00:00+00:00,32.3,0.0
London,2026-06-24T17:07:16.328464+00:00,2026-06-26T20:00,2026-06-26T19:00:00+00:00,30.6,0.0
London,2026-06-24T17:07:16.328464+00:00,2026-06-26T21:00,2026-06-26T20:00:00+00:00,29.8,0.0
London,2026-06-24T17:07:16.328464+00:00,2026-06-26T22:00,2026-06-26T21:00:00+00:00,29.0,0.0
London,2026-06-24T17:07:16.328464+00:00,2026-06-26T23:00,2026-06-26T22:00:00+00:00,28.3,0.0
London,2026-06-24T17:07:16.328464+00:00,2026-06-27T00:00,2026-06-26T23:00:00+00:00,27.5,1.0
London,2026-06-24T17:07:16.328464+00:00,2026-06-27T01:00,2026-06-27T00:00:00+00:00,26.8,2.0
London,2026-06-24T17:07:16.328464+00:00,2026-06-27T02:00,2026-06-27T01:00:00+00:00,26.1,4.0
London,2026-06-24T17:07:16.328464+00:00,2026-06-27T03:00,2026-06-27T02:00:00+00:00,25.4,7.0
London,2026-06-24T17:07:16.328464+00:00,2026-06-27T04:00,2026-06-27T03:00:00+00:00,24.7,12.0
London,2026-06-24T17:07:16.328464+00:00,2026-06-27T05:00,2026-06-27T04:00:00+00:00,23.7,22.0
London,2026-06-24T17:07:16.328464+00:00,2026-06-27T06:00,2026-06-27T05:00:00+00:00,22.7,35.0
London,2026-06-24T17:07:16.328464+00:00,2026-06-27T07:00,2026-06-27T06:00:00+00:00,22.1,45.0
London,2026-06-24T17:07:16.328464+00:00,2026-06-27T08:00,2026-06-27T07:00:00+00:00,22.3,51.0
London,2026-06-24T17:07:16.328464+00:00,2026-06-27T09:00,2026-06-27T08:00:00+00:00,23.1,55.0
London,2026-06-24T17:07:16.328464+00:00,2026-06-27T10:00,2026-06-27T09:00:00+00:00,23.9,57.0
London,2026-06-24T17:07:16.328464+00:00,2026-06-27T11:00,2026-06-27T10:00:00+00:00,24.9,56.0
London,2026-06-24T17:07:16.328464+00:00,2026-06-27T12:00,2026-06-27T11:00:00+00:00,26.0,53.0
London,2026-06-24T17:07:16.328464+00:00,2026-06-27T13:00,2026-06-27T12:00:00+00:00,27.1,47.0
London,2026-06-24T17:07:16.328464+00:00,2026-06-27T14:00,2026-06-27T13:00:00+00:00,27.9,38.0
London,2026-06-24T17:07:16.328464+00:00,2026-06-27T15:00,2026-06-27T14:00:00+00:00,28.7,27.0
London,2026-06-24T17:07:16.328464+00:00,2026-06-27T16:00,2026-06-27T15:00:00+00:00,29.3,18.0
London,2026-06-24T17:07:16.328464+00:00,2026-06-27T17:00,2026-06-27T16:00:00+00:00,29.9,15.0
London,2026-06-24T17:07:16.328464+00:00,2026-06-27T18:00,2026-06-27T17:00:00+00:00,30.3,15.0
London,2026-06-24T17:07:16.328464+00:00,2026-06-27T19:00,2026-06-27T18:00:00+00:00,30.5,14.0
London,2026-06-24T17:07:16.328464+00:00,2026-06-27T20:00,2026-06-27T19:00:00+00:00,30.1,11.0
London,2026-06-24T17:07:16.328464+00:00,2026-06-27T21:00,2026-06-27T20:00:00+00:00,29.4,7.0
London,2026-06-24T17:07:16.328464+00:00,2026-06-27T22:00,2026-06-27T21:00:00+00:00,28.6,4.0
London,2026-06-24T17:07:16.328464+00:00,2026-06-27T23:00,2026-06-27T22:00:00+00:00,27.5,3.0
London,2026-06-24T17:07:16.328464+00:00,2026-06-28T00:00,2026-06-27T23:00:00+00:00,26.2,3.0
London,2026-06-24T17:07:16.328464+00:00,2026-06-28T01:00,2026-06-28T00:00:00+00:00,25.0,4.0
London,2026-06-24T17:07:16.328464+00:00,2026-06-28T02:00,2026-06-28T01:00:00+00:00,24.2,5.0
London,2026-06-24T17:07:16.328464+00:00,2026-06-28T03:00,2026-06-28T02:00:00+00:00,23.4,5.0
London,2026-06-24T17:07:16.328464+00:00,2026-06-28T04:00,2026-06-28T03:00:00+00:00,22.7,6.0
London,2026-06-24T17:07:16.328464+00:00,2026-06-28T05:00,2026-06-28T04:00:00+00:00,21.9,6.0
London,2026-06-24T17:07:16.328464+00:00,2026-06-28T06:00,2026-06-28T05:00:00+00:00,21.1,6.0
London,2026-06-24T17:07:16.328464+00:00,2026-06-28T07:00,2026-06-28T06:00:00+00:00,20.7,6.0
London,2026-06-24T17:07:16.328464+00:00,2026-06-28T08:00,2026-06-28T07:00:00+00:00,20.8,5.0
London,2026-06-24T17:07:16.328464+00:00,2026-06-28T09:00,2026-06-28T08:00:00+00:00,21.3,5.0
London,2026-06-24T17:07:16.328464+00:00,2026-06-28T10:00,2026-06-28T09:00:00+00:00,21.8,8.0
London,2026-06-24T17:07:16.328464+00:00,2026-06-28T11:00,2026-06-28T10:00:00+00:00,21.9,20.0
London,2026-06-24T17:07:16.328464+00:00,2026-06-28T12:00,2026-06-28T11:00:00+00:00,22.0,36.0
London,2026-06-24T17:07:16.328464+00:00,2026-06-28T13:00,2026-06-28T12:00:00+00:00,22.2,47.0
London,2026-06-24T17:07:16.328464+00:00,2026-06-28T14:00,2026-06-28T13:00:00+00:00,22.6,50.0
London,2026-06-24T17:07:16.328464+00:00,2026-06-28T15:00,2026-06-28T14:00:00+00:00,23.2,47.0
London,2026-06-24T17:07:16.328464+00:00,2026-06-28T16:00,2026-06-28T15:00:00+00:00,23.6,43.0
London,2026-06-24T17:07:16.328464+00:00,2026-06-28T17:00,2026-06-28T16:00:00+00:00,24.1,36.0
London,2026-06-24T17:07:16.328464+00:00,2026-06-28T18:00,2026-06-28T17:00:00+00:00,24.4,28.0
London,2026-06-24T17:07:16.328464+00:00,2026-06-28T19:00,2026-06-28T18:00:00+00:00,24.1,20.0
London,2026-06-24T17:07:16.328464+00:00,2026-06-28T20:00,2026-06-28T19:00:00+00:00,22.9,15.0
London,2026-06-24T17:07:16.328464+00:00,2026-06-28T21:00,2026-06-28T20:00:00+00:00,21.1,11.0
London,2026-06-24T17:07:16.328464+00:00,2026-06-28T22:00,2026-06-28T21:00:00+00:00,19.5,8.0
London,2026-06-24T17:07:16.328464+00:00,2026-06-28T23:00,2026-06-28T22:00:00+00:00,18.2,5.0
London,2026-06-24T17:07:16.328464+00:00,2026-06-29T00:00,2026-06-28T23:00:00+00:00,17.1,3.0
London,2026-06-24T17:07:16.328464+00:00,2026-06-29T01:00,2026-06-29T00:00:00+00:00,16.3,2.0
London,2026-06-24T17:07:16.328464+00:00,2026-06-29T02:00,2026-06-29T01:00:00+00:00,15.9,1.0
London,2026-06-24T17:07:16.328464+00:00,2026-06-29T03:00,2026-06-29T02:00:00+00:00,15.9,0.0
London,2026-06-24T17:07:16.328464+00:00,2026-06-29T04:00,2026-06-29T03:00:00+00:00,15.8,0.0
London,2026-06-24T17:07:16.328464+00:00,2026-06-29T05:00,2026-06-29T04:00:00+00:00,15.6,0.0
London,2026-06-24T17:07:16.328464+00:00,2026-06-29T06:00,2026-06-29T05:00:00+00:00,15.3,0.0
London,2026-06-24T17:07:16.328464+00:00,2026-06-29T07:00,2026-06-29T06:00:00+00:00,15.3,0.0
London,2026-06-24T17:07:16.328464+00:00,2026-06-29T08:00,2026-06-29T07:00:00+00:00,15.8,0.0
London,2026-06-24T17:07:16.328464+00:00,2026-06-29T09:00,2026-06-29T08:00:00+00:00,16.5,0.0
London,2026-06-24T17:07:16.328464+00:00,2026-06-29T10:00,2026-06-29T09:00:00+00:00,17.3,0.0
London,2026-06-24T17:07:16.328464+00:00,2026-06-29T11:00,2026-06-29T10:00:00+00:00,18.2,0.0
London,2026-06-24T17:07:16.328464+00:00,2026-06-29T12:00,2026-06-29T11:00:00+00:00,19.2,0.0
London,2026-06-24T17:07:16.328464+00:00,2026-06-29T13:00,2026-06-29T12:00:00+00:00,20.2,0.0
London,2026-06-24T17:07:16.328464+00:00,2026-06-29T14:00,2026-06-29T13:00:00+00:00,21.3,1.0
London,2026-06-24T17:07:16.328464+00:00,2026-06-29T15:00,2026-06-29T14:00:00+00:00,22.3,1.0
London,2026-06-24T17:07:16.328464+00:00,2026-06-29T16:00,2026-06-29T15:00:00+00:00,23.1,2.0
London,2026-06-24T17:07:16.328464+00:00,2026-06-29T17:00,2026-06-29T16:00:00+00:00,23.6,3.0
London,2026-06-24T17:07:16.328464+00:00,2026-06-29T18:00,2026-06-29T17:00:00+00:00,23.9,3.0
London,2026-06-24T17:07:16.328464+00:00,2026-06-29T19:00,2026-06-29T18:00:00+00:00,23.9,4.0
London,2026-06-24T17:07:16.328464+00:00,2026-06-29T20:00,2026-06-29T19:00:00+00:00,23.6,4.0
London,2026-06-24T17:07:16.328464+00:00,2026-06-29T21:00,2026-06-29T20:00:00+00:00,23.0,4.0
London,2026-06-24T17:07:16.328464+00:00,2026-06-29T22:00,2026-06-29T21:00:00+00:00,22.4,4.0
London,2026-06-24T17:07:16.328464+00:00,2026-06-29T23:00,2026-06-29T22:00:00+00:00,21.9,3.0
London,2026-06-24T17:07:16.328464+00:00,2026-06-30T00:00,2026-06-29T23:00:00+00:00,21.1,2.0
London,2026-06-24T17:07:16.328464+00:00,2026-06-30T01:00,2026-06-30T00:00:00+00:00,20.5,2.0
London,2026-06-24T17:07:16.328464+00:00,2026-06-30T02:00,2026-06-30T01:00:00+00:00,19.9,2.0
London,2026-06-24T17:07:16.328464+00:00,2026-06-30T03:00,2026-06-30T02:00:00+00:00,19.3,3.0
London,2026-06-24T17:07:16.328464+00:00,2026-06-30T04:00,2026-06-30T03:00:00+00:00,18.7,4.0
London,2026-06-24T17:07:16.328464+00:00,2026-06-30T05:00,2026-06-30T04:00:00+00:00,18.1,6.0
London,2026-06-24T17:07:16.328464+00:00,2026-06-30T06:00,2026-06-30T05:00:00+00:00,17.8,8.0
London,2026-06-24T17:07:16.328464+00:00,2026-06-30T07:00,2026-06-30T06:00:00+00:00,17.7,10.0
London,2026-06-24T17:07:16.328464+00:00,2026-06-30T08:00,2026-06-30T07:00:00+00:00,18.0,11.0
London,2026-06-24T17:07:16.328464+00:00,2026-06-30T09:00,2026-06-30T08:00:00+00:00,18.6,11.0
London,2026-06-24T17:07:16.328464+00:00,2026-06-30T10:00,2026-06-30T09:00:00+00:00,19.4,11.0
London,2026-06-24T17:07:16.328464+00:00,2026-06-30T11:00,2026-06-30T10:00:00+00:00,20.3,11.0
London,2026-06-24T17:07:16.328464+00:00,2026-06-30T12:00,2026-06-30T11:00:00+00:00,21.1,11.0
London,2026-06-24T17:07:16.328464+00:00,2026-06-30T13:00,2026-06-30T12:00:00+00:00,21.7,12.0
London,2026-06-24T17:07:16.328464+00:00,2026-06-30T14:00,2026-06-30T13:00:00+00:00,22.1,14.0
London,2026-06-24T17:07:16.328464+00:00,2026-06-30T15:00,2026-06-30T14:00:00+00:00,22.5,17.0
London,2026-06-24T17:07:16.328464+00:00,2026-06-30T16:00,2026-06-30T15:00:00+00:00,22.8,19.0
London,2026-06-24T17:07:16.328464+00:00,2026-06-30T17:00,2026-06-30T16:00:00+00:00,23.0,21.0
London,2026-06-24T17:07:16.328464+00:00,2026-06-30T18:00,2026-06-30T17:00:00+00:00,23.1,23.0
London,2026-06-24T17:07:16.328464+00:00,2026-06-30T19:00,2026-06-30T18:00:00+00:00,23.1,25.0
London,2026-06-24T17:07:16.328464+00:00,2026-06-30T20:00,2026-06-30T19:00:00+00:00,22.8,26.0
London,2026-06-24T17:07:16.328464+00:00,2026-06-30T21:00,2026-06-30T20:00:00+00:00,22.4,26.0
London,2026-06-24T17:07:16.328464+00:00,2026-06-30T22:00,2026-06-30T21:00:00+00:00,21.9,26.0
London,2026-06-24T17:07:16.328464+00:00,2026-06-30T23:00,2026-06-30T22:00:00+00:00,19.9,26.0
London,2026-06-24T17:07:16.328464+00:00,2026-07-01T00:00,2026-06-30T23:00:00+00:00,18.2,26.0
London,2026-06-24T17:07:16.328464+00:00,2026-07-01T01:00,2026-07-01T00:00:00+00:00,16.6,25.0
London,2026-06-24T17:07:16.328464+00:00,2026-07-01T02:00,2026-07-01T01:00:00+00:00,15.0,24.0
London,2026-06-24T17:07:16.328464+00:00,2026-07-01T03:00,2026-07-01T02:00:00+00:00,14.7,22.0
London,2026-06-24T17:07:16.328464+00:00,2026-07-01T04:00,2026-07-01T03:00:00+00:00,14.5,20.0
London,2026-06-24T17:07:16.328464+00:00,2026-07-01T05:00,2026-07-01T04:00:00+00:00,14.4,18.0
London,2026-06-24T17:07:16.328464+00:00,2026-07-01T06:00,2026-07-01T05:00:00+00:00,14.4,17.0
London,2026-06-24T17:07:16.328464+00:00,2026-07-01T07:00,2026-07-01T06:00:00+00:00,14.7,16.0
London,2026-06-24T17:07:16.328464+00:00,2026-07-01T08:00,2026-07-01T07:00:00+00:00,15.4,16.0
London,2026-06-24T17:07:16.328464+00:00,2026-07-01T09:00,2026-07-01T08:00:00+00:00,16.4,16.0
London,2026-06-24T17:07:16.328464+00:00,2026-07-01T10:00,2026-07-01T09:00:00+00:00,17.6,16.0
London,2026-06-24T17:07:16.328464+00:00,2026-07-01T11:00,2026-07-01T10:00:00+00:00,18.8,17.0
London,2026-06-24T17:07:16.328464+00:00,2026-07-01T12:00,2026-07-01T11:00:00+00:00,19.8,17.0
London,2026-06-24T17:07:16.328464+00:00,2026-07-01T13:00,2026-07-01T12:00:00+00:00,20.6,18.0
London,2026-06-24T17:07:16.328464+00:00,2026-07-01T14:00,2026-07-01T13:00:00+00:00,21.2,19.0
London,2026-06-24T17:07:16.328464+00:00,2026-07-01T15:00,2026-07-01T14:00:00+00:00,21.7,19.0
London,2026-06-24T17:07:16.328464+00:00,2026-07-01T16:00,2026-07-01T15:00:00+00:00,22.1,20.0
London,2026-06-24T17:07:16.328464+00:00,2026-07-01T17:00,2026-07-01T16:00:00+00:00,22.3,20.0
London,2026-06-24T17:07:16.328464+00:00,2026-07-01T18:00,2026-07-01T17:00:00+00:00,22.3,21.0
London,2026-06-24T17:07:16.328464+00:00,2026-07-01T19:00,2026-07-01T18:00:00+00:00,22.0,20.0
London,2026-06-24T17:07:16.328464+00:00,2026-07-01T20:00,2026-07-01T19:00:00+00:00,21.4,18.0
London,2026-06-24T17:07:16.328464+00:00,2026-07-01T21:00,2026-07-01T20:00:00+00:00,20.4,16.0
London,2026-06-24T17:07:16.328464+00:00,2026-07-01T22:00,2026-07-01T21:00:00+00:00,19.1,13.0
London,2026-06-24T17:07:16.328464+00:00,2026-07-01T23:00,2026-07-01T22:00:00+00:00,17.9,11.0
London,2026-06-24T17:07:16.328464+00:00,2026-07-02T00:00,2026-07-01T23:00:00+00:00,16.8,8.0
London,2026-06-24T17:07:16.328464+00:00,2026-07-02T01:00,2026-07-02T00:00:00+00:00,16.1,6.0
London,2026-06-24T17:07:16.328464+00:00,2026-07-02T02:00,2026-07-02T01:00:00+00:00,15.8,5.0
London,2026-06-24T17:07:16.328464+00:00,2026-07-02T03:00,2026-07-02T02:00:00+00:00,15.7,4.0
London,2026-06-24T17:07:16.328464+00:00,2026-07-02T04:00,2026-07-02T03:00:00+00:00,15.7,3.0
London,2026-06-24T17:07:16.328464+00:00,2026-07-02T05:00,2026-07-02T04:00:00+00:00,15.9,3.0
London,2026-06-24T17:07:16.328464+00:00,2026-07-02T06:00,2026-07-02T05:00:00+00:00,16.3,2.0
London,2026-06-24T17:07:16.328464+00:00,2026-07-02T07:00,2026-07-02T06:00:00+00:00,16.8,2.0
London,2026-06-24T17:07:16.328464+00:00,2026-07-02T08:00,2026-07-02T07:00:00+00:00,17.6,2.0
London,2026-06-24T17:07:16.328464+00:00,2026-07-02T09:00,2026-07-02T08:00:00+00:00,18.7,1.0
London,2026-06-24T17:07:16.328464+00:00,2026-07-02T10:00,2026-07-02T09:00:00+00:00,20.0,1.0
London,2026-06-24T17:07:16.328464+00:00,2026-07-02T11:00,2026-07-02T10:00:00+00:00,21.3,1.0
London,2026-06-24T17:07:16.328464+00:00,2026-07-02T12:00,2026-07-02T11:00:00+00:00,22.3,1.0
London,2026-06-24T17:07:16.328464+00:00,2026-07-02T13:00,2026-07-02T12:00:00+00:00,22.8,2.0
London,2026-06-24T17:07:16.328464+00:00,2026-07-02T14:00,2026-07-02T13:00:00+00:00,22.7,3.0
London,2026-06-24T17:07:16.328464+00:00,2026-07-02T15:00,2026-07-02T14:00:00+00:00,22.2,4.0
London,2026-06-24T17:07:16.328464+00:00,2026-07-02T16:00,2026-07-02T15:00:00+00:00,21.4,5.0
London,2026-06-24T17:07:16.328464+00:00,2026-07-02T17:00,2026-07-02T16:00:00+00:00,20.6,6.0
London,2026-06-24T17:07:16.328464+00:00,2026-07-02T18:00,2026-07-02T17:00:00+00:00,19.8,7.0
London,2026-06-24T17:07:16.328464+00:00,2026-07-02T19:00,2026-07-02T18:00:00+00:00,19.2,8.0
London,2026-06-24T17:07:16.328464+00:00,2026-07-02T20:00,2026-07-02T19:00:00+00:00,18.9,7.0
London,2026-06-24T17:07:16.328464+00:00,2026-07-02T21:00,2026-07-02T20:00:00+00:00,18.8,6.0
London,2026-06-24T17:07:16.328464+00:00,2026-07-02T22:00,2026-07-02T21:00:00+00:00,18.6,5.0
London,2026-06-24T17:07:16.328464+00:00,2026-07-02T23:00,2026-07-02T22:00:00+00:00,18.6,4.0
London,2026-06-24T17:07:16.328464+00:00,2026-07-03T00:00,2026-07-02T23:00:00+00:00,18.5,3.0
London,2026-06-24T17:07:16.328464+00:00,2026-07-03T01:00,2026-07-03T00:00:00+00:00,18.4,2.0
London,2026-06-24T17:07:16.328464+00:00,2026-07-03T02:00,2026-07-03T01:00:00+00:00,18.3,2.0
London,2026-06-24T17:07:16.328464+00:00,2026-07-03T03:00,2026-07-03T02:00:00+00:00,18.0,2.0
London,2026-06-24T17:07:16.328464+00:00,2026-07-03T04:00,2026-07-03T03:00:00+00:00,17.8,2.0
London,2026-06-24T17:07:16.328464+00:00,2026-07-03T05:00,2026-07-03T04:00:00+00:00,17.7,3.0
London,2026-06-24T17:07:16.328464+00:00,2026-07-03T06:00,2026-07-03T05:00:00+00:00,17.6,3.0
London,2026-06-24T17:07:16.328464+00:00,2026-07-03T07:00,2026-07-03T06:00:00+00:00,17.7,4.0
London,2026-06-24T17:07:16.328464+00:00,2026-07-03T08:00,2026-07-03T07:00:00+00:00,18.1,5.0
London,2026-06-24T17:07:16.328464+00:00,2026-07-03T09:00,2026-07-03T08:00:00+00:00,18.7,5.0
London,2026-06-24T17:07:16.328464+00:00,2026-07-03T10:00,2026-07-03T09:00:00+00:00,19.3,6.0
London,2026-06-24T17:07:16.328464+00:00,2026-07-03T11:00,2026-07-03T10:00:00+00:00,20.0,7.0
London,2026-06-24T17:07:16.328464+00:00,2026-07-03T12:00,2026-07-03T11:00:00+00:00,20.6,8.0
London,2026-06-24T17:07:16.328464+00:00,2026-07-03T13:00,2026-07-03T12:00:00+00:00,20.9,8.0
London,2026-06-24T17:07:16.328464+00:00,2026-07-03T14:00,2026-07-03T13:00:00+00:00,21.1,8.0
London,2026-06-24T17:07:16.328464+00:00,2026-07-03T15:00,2026-07-03T14:00:00+00:00,21.1,7.0
London,2026-06-24T17:07:16.328464+00:00,2026-07-03T16:00,2026-07-03T15:00:00+00:00,21.0,7.0
London,2026-06-24T17:07:16.328464+00:00,2026-07-03T17:00,2026-07-03T16:00:00+00:00,20.9,7.0
London,2026-06-24T17:07:16.328464+00:00,2026-07-03T18:00,2026-07-03T17:00:00+00:00,20.5,6.0
London,2026-06-24T17:07:16.328464+00:00,2026-07-03T19:00,2026-07-03T18:00:00+00:00,20.1,6.0
London,2026-06-24T17:07:16.328464+00:00,2026-07-03T20:00,2026-07-03T19:00:00+00:00,19.4,6.0
London,2026-06-24T17:07:16.328464+00:00,2026-07-03T21:00,2026-07-03T20:00:00+00:00,18.4,6.0
London,2026-06-24T17:07:16.328464+00:00,2026-07-03T22:00,2026-07-03T21:00:00+00:00,17.3,6.0
London,2026-06-24T17:07:16.328464+00:00,2026-07-03T23:00,2026-07-03T22:00:00+00:00,16.2,6.0
London,2026-06-24T17:07:16.328464+00:00,2026-07-04T00:00,2026-07-03T23:00:00+00:00,15.2,6.0
London,2026-06-24T17:07:16.328464+00:00,2026-07-04T01:00,2026-07-04T00:00:00+00:00,14.6,6.0
London,2026-06-24T17:07:16.328464+00:00,2026-07-04T02:00,2026-07-04T01:00:00+00:00,14.2,6.0
London,2026-06-24T17:07:16.328464+00:00,2026-07-04T03:00,2026-07-04T02:00:00+00:00,13.9,5.0
London,2026-06-24T17:07:16.328464+00:00,2026-07-04T04:00,2026-07-04T03:00:00+00:00,13.7,5.0
London,2026-06-24T17:07:16.328464+00:00,2026-07-04T05:00,2026-07-04T04:00:00+00:00,13.8,5.0
London,2026-06-24T17:07:16.328464+00:00,2026-07-04T06:00,2026-07-04T05:00:00+00:00,14.0,4.0
London,2026-06-24T17:07:16.328464+00:00,2026-07-04T07:00,2026-07-04T06:00:00+00:00,14.5,4.0
London,2026-06-24T17:07:16.328464+00:00,2026-07-04T08:00,2026-07-04T07:00:00+00:00,15.4,5.0
London,2026-06-24T17:07:16.328464+00:00,2026-07-04T09:00,2026-07-04T08:00:00+00:00,16.7,6.0
London,2026-06-24T17:07:16.328464+00:00,2026-07-04T10:00,2026-07-04T09:00:00+00:00,18.2,7.0
London,2026-06-24T17:07:16.328464+00:00,2026-07-04T11:00,2026-07-04T10:00:00+00:00,19.7,8.0
London,2026-06-24T17:07:16.328464+00:00,2026-07-04T12:00,2026-07-04T11:00:00+00:00,21.0,9.0
London,2026-06-24T17:07:16.328464+00:00,2026-07-04T13:00,2026-07-04T12:00:00+00:00,21.9,10.0
London,2026-06-24T17:07:16.328464+00:00,2026-07-04T14:00,2026-07-04T13:00:00+00:00,22.4,11.0
London,2026-06-24T17:07:16.328464+00:00,2026-07-04T15:00,2026-07-04T14:00:00+00:00,22.7,13.0
London,2026-06-24T17:07:16.328464+00:00,2026-07-04T16:00,2026-07-04T15:00:00+00:00,22.7,14.0
London,2026-06-24T17:07:16.328464+00:00,2026-07-04T17:00,2026-07-04T16:00:00+00:00,22.6,15.0
London,2026-06-24T17:07:16.328464+00:00,2026-07-04T18:00,2026-07-04T17:00:00+00:00,22.3,16.0
London,2026-06-24T17:07:16.328464+00:00,2026-07-04T19:00,2026-07-04T18:00:00+00:00,21.9,16.0
London,2026-06-24T17:07:16.328464+00:00,2026-07-04T20:00,2026-07-04T19:00:00+00:00,21.1,15.0
London,2026-06-24T17:07:16.328464+00:00,2026-07-04T21:00,2026-07-04T20:00:00+00:00,20.0,12.0
London,2026-06-24T17:07:16.328464+00:00,2026-07-04T22:00,2026-07-04T21:00:00+00:00,18.6,10.0
London,2026-06-24T17:07:16.328464+00:00,2026-07-04T23:00,2026-07-04T22:00:00+00:00,17.3,8.0
London,2026-06-24T17:07:16.328464+00:00,2026-07-05T00:00,2026-07-04T23:00:00+00:00,16.2,6.0
London,2026-06-24T17:07:16.328464+00:00,2026-07-05T01:00,2026-07-05T00:00:00+00:00,15.4,4.0
London,2026-06-24T17:07:16.328464+00:00,2026-07-05T02:00,2026-07-05T01:00:00+00:00,15.0,3.0
London,2026-06-24T17:07:16.328464+00:00,2026-07-05T03:00,2026-07-05T02:00:00+00:00,14.9,3.0
London,2026-06-24T17:07:16.328464+00:00,2026-07-05T04:00,2026-07-05T03:00:00+00:00,14.9,3.0
London,2026-06-24T17:07:16.328464+00:00,2026-07-05T05:00,2026-07-05T04:00:00+00:00,15.1,3.0
London,2026-06-24T17:07:16.328464+00:00,2026-07-05T06:00,2026-07-05T05:00:00+00:00,15.4,3.0
London,2026-06-24T17:07:16.328464+00:00,2026-07-05T07:00,2026-07-05T06:00:00+00:00,15.8,4.0
London,2026-06-24T17:07:16.328464+00:00,2026-07-05T08:00,2026-07-05T07:00:00+00:00,16.4,5.0
London,2026-06-24T17:07:16.328464+00:00,2026-07-05T09:00,2026-07-05T08:00:00+00:00,17.3,7.0
London,2026-06-24T17:07:16.328464+00:00,2026-07-05T10:00,2026-07-05T09:00:00+00:00,18.4,9.0
London,2026-06-24T17:07:16.328464+00:00,2026-07-05T11:00,2026-07-05T10:00:00+00:00,19.4,11.0
London,2026-06-24T17:07:16.328464+00:00,2026-07-05T12:00,2026-07-05T11:00:00+00:00,20.2,12.0
London,2026-06-24T17:07:16.328464+00:00,2026-07-05T13:00,2026-07-05T12:00:00+00:00,20.7,14.0
London,2026-06-24T17:07:16.328464+00:00,2026-07-05T14:00,2026-07-05T13:00:00+00:00,20.7,15.0
London,2026-06-24T17:07:16.328464+00:00,2026-07-05T15:00,2026-07-05T14:00:00+00:00,20.4,16.0
London,2026-06-24T17:07:16.328464+00:00,2026-07-05T16:00,2026-07-05T15:00:00+00:00,19.9,17.0
London,2026-06-24T17:07:16.328464+00:00,2026-07-05T17:00,2026-07-05T16:00:00+00:00,19.3,17.0
London,2026-06-24T17:07:16.328464+00:00,2026-07-05T18:00,2026-07-05T17:00:00+00:00,18.7,17.0
London,2026-06-24T17:07:16.328464+00:00,2026-07-05T19:00,2026-07-05T18:00:00+00:00,18.1,16.0
London,2026-06-24T17:07:16.328464+00:00,2026-07-05T20:00,2026-07-05T19:00:00+00:00,17.5,14.0
London,2026-06-24T17:07:16.328464+00:00,2026-07-05T21:00,2026-07-05T20:00:00+00:00,16.8,12.0
London,2026-06-24T17:07:16.328464+00:00,2026-07-05T22:00,2026-07-05T21:00:00+00:00,16.1,9.0
London,2026-06-24T17:07:16.328464+00:00,2026-07-05T23:00,2026-07-05T22:00:00+00:00,15.4,6.0
London,2026-06-24T17:07:16.328464+00:00,2026-07-06T00:00,2026-07-05T23:00:00+00:00,14.8,4.0
London,2026-06-24T17:07:16.328464+00:00,2026-07-06T01:00,2026-07-06T00:00:00+00:00,14.3,2.0
London,2026-06-24T17:07:16.328464+00:00,2026-07-06T02:00,2026-07-06T01:00:00+00:00,13.9,2.0
London,2026-06-24T17:07:16.328464+00:00,2026-07-06T03:00,2026-07-06T02:00:00+00:00,13.5,2.0
London,2026-06-24T17:07:16.328464+00:00,2026-07-06T04:00,2026-07-06T03:00:00+00:00,13.1,3.0
London,2026-06-24T17:07:16.328464+00:00,2026-07-06T05:00,2026-07-06T04:00:00+00:00,12.9,4.0
London,2026-06-24T17:07:16.328464+00:00,2026-07-06T06:00,2026-07-06T05:00:00+00:00,13.0,5.0
London,2026-06-24T17:07:16.328464+00:00,2026-07-06T07:00,2026-07-06T06:00:00+00:00,13.3,6.0
London,2026-06-24T17:07:16.328464+00:00,2026-07-06T08:00,2026-07-06T07:00:00+00:00,14.1,7.0
London,2026-06-24T17:07:16.328464+00:00,2026-07-06T09:00,2026-07-06T08:00:00+00:00,15.3,8.0
London,2026-06-24T17:07:16.328464+00:00,2026-07-06T10:00,2026-07-06T09:00:00+00:00,16.8,8.0
London,2026-06-24T17:07:16.328464+00:00,2026-07-06T11:00,2026-07-06T10:00:00+00:00,18.3,8.0
London,2026-06-24T17:07:16.328464+00:00,2026-07-06T12:00,2026-07-06T11:00:00+00:00,19.6,8.0
London,2026-06-24T17:07:16.328464+00:00,2026-07-06T13:00,2026-07-06T12:00:00+00:00,20.5,8.0
London,2026-06-24T17:07:16.328464+00:00,2026-07-06T14:00,2026-07-06T13:00:00+00:00,21.1,7.0
London,2026-06-24T17:07:16.328464+00:00,2026-07-06T15:00,2026-07-06T14:00:00+00:00,21.6,7.0
London,2026-06-24T17:07:16.328464+00:00,2026-07-06T16:00,2026-07-06T15:00:00+00:00,21.9,6.0
London,2026-06-24T17:07:16.328464+00:00,2026-07-06T17:00,2026-07-06T16:00:00+00:00,22.0,5.0
London,2026-06-24T17:07:16.328464+00:00,2026-07-06T18:00,2026-07-06T17:00:00+00:00,21.8,5.0
London,2026-06-24T17:07:16.328464+00:00,2026-07-06T19:00,2026-07-06T18:00:00+00:00,21.5,4.0
London,2026-06-24T17:07:16.328464+00:00,2026-07-06T20:00,2026-07-06T19:00:00+00:00,20.8,3.0
London,2026-06-24T17:07:16.328464+00:00,2026-07-06T21:00,2026-07-06T20:00:00+00:00,19.8,3.0
London,2026-06-24T17:07:16.328464+00:00,2026-07-06T22:00,2026-07-06T21:00:00+00:00,18.5,2.0
London,2026-06-24T17:07:16.328464+00:00,2026-07-06T23:00,2026-07-06T22:00:00+00:00,17.3,1.0
London,2026-06-24T17:07:16.328464+00:00,2026-07-07T00:00,2026-07-06T23:00:00+00:00,16.1,0.0
London,2026-06-24T17:07:16.328464+00:00,2026-07-07T01:00,2026-07-07T00:00:00+00:00,15.4,0.0
London,2026-06-24T17:07:16.328464+00:00,2026-07-07T02:00,2026-07-07T01:00:00+00:00,14.9,0.0
London,2026-06-24T17:07:16.328464+00:00,2026-07-07T03:00,2026-07-07T02:00:00+00:00,14.7,1.0
London,2026-06-24T17:07:16.328464+00:00,2026-07-07T04:00,2026-07-07T03:00:00+00:00,14.6,1.0
London,2026-06-24T17:07:16.328464+00:00,2026-07-07T05:00,2026-07-07T04:00:00+00:00,14.6,1.0
London,2026-06-24T17:07:16.328464+00:00,2026-07-07T06:00,2026-07-07T05:00:00+00:00,14.8,2.0
London,2026-06-24T17:07:16.328464+00:00,2026-07-07T07:00,2026-07-07T06:00:00+00:00,15.1,2.0
London,2026-06-24T17:07:16.328464+00:00,2026-07-07T08:00,2026-07-07T07:00:00+00:00,15.6,2.0
London,2026-06-24T17:07:16.328464+00:00,2026-07-07T09:00,2026-07-07T08:00:00+00:00,16.2,2.0
London,2026-06-24T17:07:16.328464+00:00,2026-07-07T10:00,2026-07-07T09:00:00+00:00,17.1,2.0
London,2026-06-24T17:07:16.328464+00:00,2026-07-07T11:00,2026-07-07T10:00:00+00:00,17.9,2.0
London,2026-06-24T17:07:16.328464+00:00,2026-07-07T12:00,2026-07-07T11:00:00+00:00,18.7,2.0
London,2026-06-24T17:07:16.328464+00:00,2026-07-07T13:00,2026-07-07T12:00:00+00:00,19.4,2.0
London,2026-06-24T17:07:16.328464+00:00,2026-07-07T14:00,2026-07-07T13:00:00+00:00,20.1,3.0
London,2026-06-24T17:07:16.328464+00:00,2026-07-07T15:00,2026-07-07T14:00:00+00:00,20.7,3.0
London,2026-06-24T17:07:16.328464+00:00,2026-07-07T16:00,2026-07-07T15:00:00+00:00,21.3,4.0
London,2026-06-24T17:07:16.328464+00:00,2026-07-07T17:00,2026-07-07T16:00:00+00:00,21.8,5.0
London,2026-06-24T17:07:16.328464+00:00,2026-07-07T18:00,2026-07-07T17:00:00+00:00,22.1,6.0
London,2026-06-24T17:07:16.328464+00:00,2026-07-07T19:00,2026-07-07T18:00:00+00:00,22.1,6.0
London,2026-06-24T17:07:16.328464+00:00,2026-07-07T20:00,2026-07-07T19:00:00+00:00,21.7,5.0
London,2026-06-24T17:07:16.328464+00:00,2026-07-07T21:00,2026-07-07T20:00:00+00:00,20.9,4.0
London,2026-06-24T17:07:16.328464+00:00,2026-07-07T22:00,2026-07-07T21:00:00+00:00,19.9,3.0
London,2026-06-24T17:07:16.328464+00:00,2026-07-07T23:00,2026-07-07T22:00:00+00:00,18.9,2.0
London,2026-06-24T17:07:16.328464+00:00,2026-07-08T00:00,2026-07-07T23:00:00+00:00,18.0,1.0
London,2026-06-24T17:07:16.328464+00:00,2026-07-08T01:00,2026-07-08T00:00:00+00:00,17.3,0.0
London,2026-06-24T17:07:16.328464+00:00,2026-07-08T02:00,2026-07-08T01:00:00+00:00,16.9,0.0
London,2026-06-24T17:07:16.328464+00:00,2026-07-08T03:00,2026-07-08T02:00:00+00:00,16.5,0.0
London,2026-06-24T17:07:16.328464+00:00,2026-07-08T04:00,2026-07-08T03:00:00+00:00,16.2,1.0
London,2026-06-24T17:07:16.328464+00:00,2026-07-08T05:00,2026-07-08T04:00:00+00:00,16.0,2.0
London,2026-06-24T17:07:16.328464+00:00,2026-07-08T06:00,2026-07-08T05:00:00+00:00,16.0,3.0
London,2026-06-24T17:07:16.328464+00:00,2026-07-08T07:00,2026-07-08T06:00:00+00:00,16.2,4.0
London,2026-06-24T17:07:16.328464+00:00,2026-07-08T08:00,2026-07-08T07:00:00+00:00,16.8,6.0
London,2026-06-24T17:07:16.328464+00:00,2026-07-08T09:00,2026-07-08T08:00:00+00:00,17.6,8.0
London,2026-06-24T17:07:16.328464+00:00,2026-07-08T10:00,2026-07-08T09:00:00+00:00,18.6,10.0
London,2026-06-24T17:07:16.328464+00:00,2026-07-08T11:00,2026-07-08T10:00:00+00:00,19.6,12.0
London,2026-06-24T17:07:16.328464+00:00,2026-07-08T12:00,2026-07-08T11:00:00+00:00,20.5,13.0
London,2026-06-24T17:07:16.328464+00:00,2026-07-08T13:00,2026-07-08T12:00:00+00:00,21.2,14.0
London,2026-06-24T17:07:16.328464+00:00,2026-07-08T14:00,2026-07-08T13:00:00+00:00,21.6,14.0
London,2026-06-24T17:07:16.328464+00:00,2026-07-08T15:00,2026-07-08T14:00:00+00:00,21.9,14.0
London,2026-06-24T17:07:16.328464+00:00,2026-07-08T16:00,2026-07-08T15:00:00+00:00,22.1,13.0
London,2026-06-24T17:07:16.328464+00:00,2026-07-08T17:00,2026-07-08T16:00:00+00:00,22.1,12.0
London,2026-06-24T17:07:16.328464+00:00,2026-07-08T18:00,2026-07-08T17:00:00+00:00,21.9,11.0
London,2026-06-24T17:07:16.328464+00:00,2026-07-08T19:00,2026-07-08T18:00:00+00:00,21.6,10.0
London,2026-06-24T17:07:16.328464+00:00,2026-07-08T20:00,2026-07-08T19:00:00+00:00,20.9,10.0
London,2026-06-24T17:07:16.328464+00:00,2026-07-08T21:00,2026-07-08T20:00:00+00:00,19.8,10.0
London,2026-06-24T17:07:16.328464+00:00,2026-07-08T22:00,2026-07-08T21:00:00+00:00,18.6,10.0
London,2026-06-24T17:07:16.328464+00:00,2026-07-08T23:00,2026-07-08T22:00:00+00:00,17.3,10.0
London,2026-06-24T17:07:16.328464+00:00,2026-07-09T00:00,2026-07-08T23:00:00+00:00,16.2,10.0
London,2026-06-24T17:07:16.328464+00:00,2026-07-09T01:00,2026-07-09T00:00:00+00:00,15.5,10.0
London,2026-06-24T17:07:16.328464+00:00,2026-07-09T02:00,2026-07-09T01:00:00+00:00,15.3,10.0
London,2026-06-24T17:07:16.328464+00:00,2026-07-09T03:00,2026-07-09T02:00:00+00:00,15.4,10.0
London,2026-06-24T17:07:16.328464+00:00,2026-07-09T04:00,2026-07-09T03:00:00+00:00,,
London,2026-06-24T17:07:16.328464+00:00,2026-07-09T05:00,2026-07-09T04:00:00+00:00,,
London,2026-06-24T17:07:16.328464+00:00,2026-07-09T06:00,2026-07-09T05:00:00+00:00,,
London,2026-06-24T17:07:16.328464+00:00,2026-07-09T07:00,2026-07-09T06:00:00+00:00,,
London,2026-06-24T17:07:16.328464+00:00,2026-07-09T08:00,2026-07-09T07:00:00+00:00,,
London,2026-06-24T17:07:16.328464+00:00,2026-07-09T09:00,2026-07-09T08:00:00+00:00,,
London,2026-06-24T17:07:16.328464+00:00,2026-07-09T10:00,2026-07-09T09:00:00+00:00,,
London,2026-06-24T17:07:16.328464+00:00,2026-07-09T11:00,2026-07-09T10:00:00+00:00,,
London,2026-06-24T17:07:16.328464+00:00,2026-07-09T12:00,2026-07-09T11:00:00+00:00,,
London,2026-06-24T17:07:16.328464+00:00,2026-07-09T13:00,2026-07-09T12:00:00+00:00,,
London,2026-06-24T17:07:16.328464+00:00,2026-07-09T14:00,2026-07-09T13:00:00+00:00,,
London,2026-06-24T17:07:16.328464+00:00,2026-07-09T15:00,2026-07-09T14:00:00+00:00,,
London,2026-06-24T17:07:16.328464+00:00,2026-07-09T16:00,2026-07-09T15:00:00+00:00,,
London,2026-06-24T17:07:16.328464+00:00,2026-07-09T17:00,2026-07-09T16:00:00+00:00,,
London,2026-06-24T17:07:16.328464+00:00,2026-07-09T18:00,2026-07-09T17:00:00+00:00,,
London,2026-06-24T17:07:16.328464+00:00,2026-07-09T19:00,2026-07-09T18:00:00+00:00,,
London,2026-06-24T17:07:16.328464+00:00,2026-07-09T20:00,2026-07-09T19:00:00+00:00,,
London,2026-06-24T17:07:16.328464+00:00,2026-07-09T21:00,2026-07-09T20:00:00+00:00,,
London,2026-06-24T17:07:16.328464+00:00,2026-07-09T22:00,2026-07-09T21:00:00+00:00,,
London,2026-06-24T17:07:16.328464+00:00,2026-07-09T23:00,2026-07-09T22:00:00+00:00,,
London,2026-06-24T17:16:41.755945+00:00,2026-06-24T00:00,2026-06-23T23:00:00+00:00,24.2,0.0
London,2026-06-24T17:16:41.755945+00:00,2026-06-24T01:00,2026-06-24T00:00:00+00:00,23.6,0.0
London,2026-06-24T17:16:41.755945+00:00,2026-06-24T02:00,2026-06-24T01:00:00+00:00,22.8,0.0
London,2026-06-24T17:16:41.755945+00:00,2026-06-24T03:00,2026-06-24T02:00:00+00:00,22.1,0.0
London,2026-06-24T17:16:41.755945+00:00,2026-06-24T04:00,2026-06-24T03:00:00+00:00,21.9,0.0
London,2026-06-24T17:16:41.755945+00:00,2026-06-24T05:00,2026-06-24T04:00:00+00:00,21.9,0.0
London,2026-06-24T17:16:41.755945+00:00,2026-06-24T06:00,2026-06-24T05:00:00+00:00,22.1,0.0
London,2026-06-24T17:16:41.755945+00:00,2026-06-24T07:00,2026-06-24T06:00:00+00:00,23.6,0.0
London,2026-06-24T17:16:41.755945+00:00,2026-06-24T08:00,2026-06-24T07:00:00+00:00,25.0,0.0
London,2026-06-24T17:16:41.755945+00:00,2026-06-24T09:00,2026-06-24T08:00:00+00:00,26.6,0.0
London,2026-06-24T17:16:41.755945+00:00,2026-06-24T10:00,2026-06-24T09:00:00+00:00,28.6,0.0
London,2026-06-24T17:16:41.755945+00:00,2026-06-24T11:00,2026-06-24T10:00:00+00:00,30.1,0.0
London,2026-06-24T17:16:41.755945+00:00,2026-06-24T12:00,2026-06-24T11:00:00+00:00,31.6,0.0
London,2026-06-24T17:16:41.755945+00:00,2026-06-24T13:00,2026-06-24T12:00:00+00:00,32.7,0.0
London,2026-06-24T17:16:41.755945+00:00,2026-06-24T14:00,2026-06-24T13:00:00+00:00,34.0,0.0
London,2026-06-24T17:16:41.755945+00:00,2026-06-24T15:00,2026-06-24T14:00:00+00:00,35.2,0.0
London,2026-06-24T17:16:41.755945+00:00,2026-06-24T16:00,2026-06-24T15:00:00+00:00,35.7,0.0
London,2026-06-24T17:16:41.755945+00:00,2026-06-24T17:00,2026-06-24T16:00:00+00:00,35.9,0.0
London,2026-06-24T17:16:41.755945+00:00,2026-06-24T18:00,2026-06-24T17:00:00+00:00,34.0,0.0
London,2026-06-24T17:16:41.755945+00:00,2026-06-24T19:00,2026-06-24T18:00:00+00:00,30.7,0.0
London,2026-06-24T17:16:41.755945+00:00,2026-06-24T20:00,2026-06-24T19:00:00+00:00,28.8,0.0
London,2026-06-24T17:16:41.755945+00:00,2026-06-24T21:00,2026-06-24T20:00:00+00:00,27.7,0.0
London,2026-06-24T17:16:41.755945+00:00,2026-06-24T22:00,2026-06-24T21:00:00+00:00,26.7,0.0
London,2026-06-24T17:16:41.755945+00:00,2026-06-24T23:00,2026-06-24T22:00:00+00:00,25.9,0.0
London,2026-06-24T17:16:41.755945+00:00,2026-06-25T00:00,2026-06-24T23:00:00+00:00,25.0,0.0
London,2026-06-24T17:16:41.755945+00:00,2026-06-25T01:00,2026-06-25T00:00:00+00:00,23.8,0.0
London,2026-06-24T17:16:41.755945+00:00,2026-06-25T02:00,2026-06-25T01:00:00+00:00,22.7,0.0
London,2026-06-24T17:16:41.755945+00:00,2026-06-25T03:00,2026-06-25T02:00:00+00:00,21.9,0.0
London,2026-06-24T17:16:41.755945+00:00,2026-06-25T04:00,2026-06-25T03:00:00+00:00,21.6,0.0
London,2026-06-24T17:16:41.755945+00:00,2026-06-25T05:00,2026-06-25T04:00:00+00:00,21.2,0.0
London,2026-06-24T17:16:41.755945+00:00,2026-06-25T06:00,2026-06-25T05:00:00+00:00,21.4,0.0
London,2026-06-24T17:16:41.755945+00:00,2026-06-25T07:00,2026-06-25T06:00:00+00:00,22.0,0.0
London,2026-06-24T17:16:41.755945+00:00,2026-06-25T08:00,2026-06-25T07:00:00+00:00,23.3,0.0
London,2026-06-24T17:16:41.755945+00:00,2026-06-25T09:00,2026-06-25T08:00:00+00:00,25.1,0.0
London,2026-06-24T17:16:41.755945+00:00,2026-06-25T10:00,2026-06-25T09:00:00+00:00,26.6,0.0
London,2026-06-24T17:16:41.755945+00:00,2026-06-25T11:00,2026-06-25T10:00:00+00:00,27.8,0.0
London,2026-06-24T17:16:41.755945+00:00,2026-06-25T12:00,2026-06-25T11:00:00+00:00,28.5,0.0
London,2026-06-24T17:16:41.755945+00:00,2026-06-25T13:00,2026-06-25T12:00:00+00:00,29.3,0.0
London,2026-06-24T17:16:41.755945+00:00,2026-06-25T14:00,2026-06-25T13:00:00+00:00,29.6,0.0
London,2026-06-24T17:16:41.755945+00:00,2026-06-25T15:00,2026-06-25T14:00:00+00:00,29.6,0.0
London,2026-06-24T17:16:41.755945+00:00,2026-06-25T16:00,2026-06-25T15:00:00+00:00,29.6,0.0
London,2026-06-24T17:16:41.755945+00:00,2026-06-25T17:00,2026-06-25T16:00:00+00:00,29.6,0.0
London,2026-06-24T17:16:41.755945+00:00,2026-06-25T18:00,2026-06-25T17:00:00+00:00,29.1,0.0
London,2026-06-24T17:16:41.755945+00:00,2026-06-25T19:00,2026-06-25T18:00:00+00:00,28.1,0.0
London,2026-06-24T17:16:41.755945+00:00,2026-06-25T20:00,2026-06-25T19:00:00+00:00,27.0,0.0
London,2026-06-24T17:16:41.755945+00:00,2026-06-25T21:00,2026-06-25T20:00:00+00:00,25.9,0.0
London,2026-06-24T17:16:41.755945+00:00,2026-06-25T22:00,2026-06-25T21:00:00+00:00,25.1,0.0
London,2026-06-24T17:16:41.755945+00:00,2026-06-25T23:00,2026-06-25T22:00:00+00:00,25.0,0.0
London,2026-06-24T17:16:41.755945+00:00,2026-06-26T00:00,2026-06-25T23:00:00+00:00,25.5,0.0
London,2026-06-24T17:16:41.755945+00:00,2026-06-26T01:00,2026-06-26T00:00:00+00:00,25.7,0.0
London,2026-06-24T17:16:41.755945+00:00,2026-06-26T02:00,2026-06-26T01:00:00+00:00,25.6,1.0
London,2026-06-24T17:16:41.755945+00:00,2026-06-26T03:00,2026-06-26T02:00:00+00:00,25.5,3.0
London,2026-06-24T17:16:41.755945+00:00,2026-06-26T04:00,2026-06-26T03:00:00+00:00,24.9,8.0
London,2026-06-24T17:16:41.755945+00:00,2026-06-26T05:00,2026-06-26T04:00:00+00:00,24.8,20.0
London,2026-06-24T17:16:41.755945+00:00,2026-06-26T06:00,2026-06-26T05:00:00+00:00,24.9,35.0
London,2026-06-24T17:16:41.755945+00:00,2026-06-26T07:00,2026-06-26T06:00:00+00:00,25.2,43.0
London,2026-06-24T17:16:41.755945+00:00,2026-06-26T08:00,2026-06-26T07:00:00+00:00,26.1,37.0
London,2026-06-24T17:16:41.755945+00:00,2026-06-26T09:00,2026-06-26T08:00:00+00:00,27.4,25.0
London,2026-06-24T17:16:41.755945+00:00,2026-06-26T10:00,2026-06-26T09:00:00+00:00,28.9,14.0
London,2026-06-24T17:16:41.755945+00:00,2026-06-26T11:00,2026-06-26T10:00:00+00:00,30.6,8.0
London,2026-06-24T17:16:41.755945+00:00,2026-06-26T12:00,2026-06-26T11:00:00+00:00,32.0,4.0
London,2026-06-24T17:16:41.755945+00:00,2026-06-26T13:00,2026-06-26T12:00:00+00:00,33.4,2.0
London,2026-06-24T17:16:41.755945+00:00,2026-06-26T14:00,2026-06-26T13:00:00+00:00,35.0,3.0
London,2026-06-24T17:16:41.755945+00:00,2026-06-26T15:00,2026-06-26T14:00:00+00:00,36.0,5.0
London,2026-06-24T17:16:41.755945+00:00,2026-06-26T16:00,2026-06-26T15:00:00+00:00,36.5,6.0
London,2026-06-24T17:16:41.755945+00:00,2026-06-26T17:00,2026-06-26T16:00:00+00:00,35.3,5.0
London,2026-06-24T17:16:41.755945+00:00,2026-06-26T18:00,2026-06-26T17:00:00+00:00,33.9,2.0
London,2026-06-24T17:16:41.755945+00:00,2026-06-26T19:00,2026-06-26T18:00:00+00:00,32.8,0.0
London,2026-06-24T17:16:41.755945+00:00,2026-06-26T20:00,2026-06-26T19:00:00+00:00,30.6,0.0
London,2026-06-24T17:16:41.755945+00:00,2026-06-26T21:00,2026-06-26T20:00:00+00:00,29.8,0.0
London,2026-06-24T17:16:41.755945+00:00,2026-06-26T22:00,2026-06-26T21:00:00+00:00,29.0,0.0
London,2026-06-24T17:16:41.755945+00:00,2026-06-26T23:00,2026-06-26T22:00:00+00:00,28.3,0.0
London,2026-06-24T17:16:41.755945+00:00,2026-06-27T00:00,2026-06-26T23:00:00+00:00,27.5,1.0
London,2026-06-24T17:16:41.755945+00:00,2026-06-27T01:00,2026-06-27T00:00:00+00:00,26.8,2.0
London,2026-06-24T17:16:41.755945+00:00,2026-06-27T02:00,2026-06-27T01:00:00+00:00,26.1,4.0
London,2026-06-24T17:16:41.755945+00:00,2026-06-27T03:00,2026-06-27T02:00:00+00:00,25.4,7.0
London,2026-06-24T17:16:41.755945+00:00,2026-06-27T04:00,2026-06-27T03:00:00+00:00,24.7,12.0
London,2026-06-24T17:16:41.755945+00:00,2026-06-27T05:00,2026-06-27T04:00:00+00:00,23.7,22.0
London,2026-06-24T17:16:41.755945+00:00,2026-06-27T06:00,2026-06-27T05:00:00+00:00,22.7,35.0
London,2026-06-24T17:16:41.755945+00:00,2026-06-27T07:00,2026-06-27T06:00:00+00:00,22.1,45.0
London,2026-06-24T17:16:41.755945+00:00,2026-06-27T08:00,2026-06-27T07:00:00+00:00,22.3,51.0
London,2026-06-24T17:16:41.755945+00:00,2026-06-27T09:00,2026-06-27T08:00:00+00:00,23.1,55.0
London,2026-06-24T17:16:41.755945+00:00,2026-06-27T10:00,2026-06-27T09:00:00+00:00,23.9,57.0
London,2026-06-24T17:16:41.755945+00:00,2026-06-27T11:00,2026-06-27T10:00:00+00:00,24.9,56.0
London,2026-06-24T17:16:41.755945+00:00,2026-06-27T12:00,2026-06-27T11:00:00+00:00,26.0,53.0
London,2026-06-24T17:16:41.755945+00:00,2026-06-27T13:00,2026-06-27T12:00:00+00:00,27.1,47.0
London,2026-06-24T17:16:41.755945+00:00,2026-06-27T14:00,2026-06-27T13:00:00+00:00,27.9,38.0
London,2026-06-24T17:16:41.755945+00:00,2026-06-27T15:00,2026-06-27T14:00:00+00:00,28.7,27.0
London,2026-06-24T17:16:41.755945+00:00,2026-06-27T16:00,2026-06-27T15:00:00+00:00,29.3,18.0
London,2026-06-24T17:16:41.755945+00:00,2026-06-27T17:00,2026-06-27T16:00:00+00:00,29.9,15.0
London,2026-06-24T17:16:41.755945+00:00,2026-06-27T18:00,2026-06-27T17:00:00+00:00,30.3,15.0
London,2026-06-24T17:16:41.755945+00:00,2026-06-27T19:00,2026-06-27T18:00:00+00:00,30.5,14.0
London,2026-06-24T17:16:41.755945+00:00,2026-06-27T20:00,2026-06-27T19:00:00+00:00,30.1,11.0
London,2026-06-24T17:16:41.755945+00:00,2026-06-27T21:00,2026-06-27T20:00:00+00:00,29.4,7.0
London,2026-06-24T17:16:41.755945+00:00,2026-06-27T22:00,2026-06-27T21:00:00+00:00,28.6,4.0
London,2026-06-24T17:16:41.755945+00:00,2026-06-27T23:00,2026-06-27T22:00:00+00:00,27.5,3.0
London,2026-06-24T17:16:41.755945+00:00,2026-06-28T00:00,2026-06-27T23:00:00+00:00,26.2,3.0
London,2026-06-24T17:16:41.755945+00:00,2026-06-28T01:00,2026-06-28T00:00:00+00:00,25.0,4.0
London,2026-06-24T17:16:41.755945+00:00,2026-06-28T02:00,2026-06-28T01:00:00+00:00,24.2,5.0
London,2026-06-24T17:16:41.755945+00:00,2026-06-28T03:00,2026-06-28T02:00:00+00:00,23.4,5.0
London,2026-06-24T17:16:41.755945+00:00,2026-06-28T04:00,2026-06-28T03:00:00+00:00,22.7,6.0
London,2026-06-24T17:16:41.755945+00:00,2026-06-28T05:00,2026-06-28T04:00:00+00:00,21.9,6.0
London,2026-06-24T17:16:41.755945+00:00,2026-06-28T06:00,2026-06-28T05:00:00+00:00,21.1,6.0
London,2026-06-24T17:16:41.755945+00:00,2026-06-28T07:00,2026-06-28T06:00:00+00:00,20.7,6.0
London,2026-06-24T17:16:41.755945+00:00,2026-06-28T08:00,2026-06-28T07:00:00+00:00,20.8,5.0
London,2026-06-24T17:16:41.755945+00:00,2026-06-28T09:00,2026-06-28T08:00:00+00:00,21.3,5.0
London,2026-06-24T17:16:41.755945+00:00,2026-06-28T10:00,2026-06-28T09:00:00+00:00,21.8,8.0
London,2026-06-24T17:16:41.755945+00:00,2026-06-28T11:00,2026-06-28T10:00:00+00:00,21.9,20.0
London,2026-06-24T17:16:41.755945+00:00,2026-06-28T12:00,2026-06-28T11:00:00+00:00,22.0,36.0
London,2026-06-24T17:16:41.755945+00:00,2026-06-28T13:00,2026-06-28T12:00:00+00:00,22.2,47.0
London,2026-06-24T17:16:41.755945+00:00,2026-06-28T14:00,2026-06-28T13:00:00+00:00,22.6,50.0
London,2026-06-24T17:16:41.755945+00:00,2026-06-28T15:00,2026-06-28T14:00:00+00:00,23.2,47.0
London,2026-06-24T17:16:41.755945+00:00,2026-06-28T16:00,2026-06-28T15:00:00+00:00,23.6,43.0
London,2026-06-24T17:16:41.755945+00:00,2026-06-28T17:00,2026-06-28T16:00:00+00:00,24.1,36.0
London,2026-06-24T17:16:41.755945+00:00,2026-06-28T18:00,2026-06-28T17:00:00+00:00,24.4,28.0
London,2026-06-24T17:16:41.755945+00:00,2026-06-28T19:00,2026-06-28T18:00:00+00:00,24.1,20.0
London,2026-06-24T17:16:41.755945+00:00,2026-06-28T20:00,2026-06-28T19:00:00+00:00,22.9,15.0
London,2026-06-24T17:16:41.755945+00:00,2026-06-28T21:00,2026-06-28T20:00:00+00:00,21.1,11.0
London,2026-06-24T17:16:41.755945+00:00,2026-06-28T22:00,2026-06-28T21:00:00+00:00,19.5,8.0
London,2026-06-24T17:16:41.755945+00:00,2026-06-28T23:00,2026-06-28T22:00:00+00:00,18.2,5.0
London,2026-06-24T17:16:41.755945+00:00,2026-06-29T00:00,2026-06-28T23:00:00+00:00,17.1,3.0
London,2026-06-24T17:16:41.755945+00:00,2026-06-29T01:00,2026-06-29T00:00:00+00:00,16.3,2.0
London,2026-06-24T17:16:41.755945+00:00,2026-06-29T02:00,2026-06-29T01:00:00+00:00,15.9,1.0
London,2026-06-24T17:16:41.755945+00:00,2026-06-29T03:00,2026-06-29T02:00:00+00:00,15.9,0.0
London,2026-06-24T17:16:41.755945+00:00,2026-06-29T04:00,2026-06-29T03:00:00+00:00,15.8,0.0
London,2026-06-24T17:16:41.755945+00:00,2026-06-29T05:00,2026-06-29T04:00:00+00:00,15.6,0.0
London,2026-06-24T17:16:41.755945+00:00,2026-06-29T06:00,2026-06-29T05:00:00+00:00,15.3,0.0
London,2026-06-24T17:16:41.755945+00:00,2026-06-29T07:00,2026-06-29T06:00:00+00:00,15.3,0.0
London,2026-06-24T17:16:41.755945+00:00,2026-06-29T08:00,2026-06-29T07:00:00+00:00,15.8,0.0
London,2026-06-24T17:16:41.755945+00:00,2026-06-29T09:00,2026-06-29T08:00:00+00:00,16.5,0.0
London,2026-06-24T17:16:41.755945+00:00,2026-06-29T10:00,2026-06-29T09:00:00+00:00,17.3,0.0
London,2026-06-24T17:16:41.755945+00:00,2026-06-29T11:00,2026-06-29T10:00:00+00:00,18.2,0.0
London,2026-06-24T17:16:41.755945+00:00,2026-06-29T12:00,2026-06-29T11:00:00+00:00,19.2,0.0
London,2026-06-24T17:16:41.755945+00:00,2026-06-29T13:00,2026-06-29T12:00:00+00:00,20.2,0.0
London,2026-06-24T17:16:41.755945+00:00,2026-06-29T14:00,2026-06-29T13:00:00+00:00,21.3,1.0
London,2026-06-24T17:16:41.755945+00:00,2026-06-29T15:00,2026-06-29T14:00:00+00:00,22.3,1.0
London,2026-06-24T17:16:41.755945+00:00,2026-06-29T16:00,2026-06-29T15:00:00+00:00,23.1,2.0
London,2026-06-24T17:16:41.755945+00:00,2026-06-29T17:00,2026-06-29T16:00:00+00:00,23.6,3.0
London,2026-06-24T17:16:41.755945+00:00,2026-06-29T18:00,2026-06-29T17:00:00+00:00,23.9,3.0
London,2026-06-24T17:16:41.755945+00:00,2026-06-29T19:00,2026-06-29T18:00:00+00:00,23.9,4.0
London,2026-06-24T17:16:41.755945+00:00,2026-06-29T20:00,2026-06-29T19:00:00+00:00,23.6,4.0
London,2026-06-24T17:16:41.755945+00:00,2026-06-29T21:00,2026-06-29T20:00:00+00:00,23.0,4.0
London,2026-06-24T17:16:41.755945+00:00,2026-06-29T22:00,2026-06-29T21:00:00+00:00,22.4,4.0
London,2026-06-24T17:16:41.755945+00:00,2026-06-29T23:00,2026-06-29T22:00:00+00:00,21.9,3.0
London,2026-06-24T17:16:41.755945+00:00,2026-06-30T00:00,2026-06-29T23:00:00+00:00,21.1,2.0
London,2026-06-24T17:16:41.755945+00:00,2026-06-30T01:00,2026-06-30T00:00:00+00:00,20.5,2.0
London,2026-06-24T17:16:41.755945+00:00,2026-06-30T02:00,2026-06-30T01:00:00+00:00,19.9,2.0
London,2026-06-24T17:16:41.755945+00:00,2026-06-30T03:00,2026-06-30T02:00:00+00:00,19.3,3.0
London,2026-06-24T17:16:41.755945+00:00,2026-06-30T04:00,2026-06-30T03:00:00+00:00,18.7,4.0
London,2026-06-24T17:16:41.755945+00:00,2026-06-30T05:00,2026-06-30T04:00:00+00:00,18.1,6.0
London,2026-06-24T17:16:41.755945+00:00,2026-06-30T06:00,2026-06-30T05:00:00+00:00,17.8,8.0
London,2026-06-24T17:16:41.755945+00:00,2026-06-30T07:00,2026-06-30T06:00:00+00:00,17.7,10.0
London,2026-06-24T17:16:41.755945+00:00,2026-06-30T08:00,2026-06-30T07:00:00+00:00,18.0,11.0
London,2026-06-24T17:16:41.755945+00:00,2026-06-30T09:00,2026-06-30T08:00:00+00:00,18.6,11.0
London,2026-06-24T17:16:41.755945+00:00,2026-06-30T10:00,2026-06-30T09:00:00+00:00,19.4,11.0
London,2026-06-24T17:16:41.755945+00:00,2026-06-30T11:00,2026-06-30T10:00:00+00:00,20.3,11.0
London,2026-06-24T17:16:41.755945+00:00,2026-06-30T12:00,2026-06-30T11:00:00+00:00,21.1,11.0
London,2026-06-24T17:16:41.755945+00:00,2026-06-30T13:00,2026-06-30T12:00:00+00:00,21.7,12.0
London,2026-06-24T17:16:41.755945+00:00,2026-06-30T14:00,2026-06-30T13:00:00+00:00,22.1,14.0
London,2026-06-24T17:16:41.755945+00:00,2026-06-30T15:00,2026-06-30T14:00:00+00:00,22.5,17.0
London,2026-06-24T17:16:41.755945+00:00,2026-06-30T16:00,2026-06-30T15:00:00+00:00,22.8,19.0
London,2026-06-24T17:16:41.755945+00:00,2026-06-30T17:00,2026-06-30T16:00:00+00:00,23.0,21.0
London,2026-06-24T17:16:41.755945+00:00,2026-06-30T18:00,2026-06-30T17:00:00+00:00,23.1,23.0
London,2026-06-24T17:16:41.755945+00:00,2026-06-30T19:00,2026-06-30T18:00:00+00:00,23.1,25.0
London,2026-06-24T17:16:41.755945+00:00,2026-06-30T20:00,2026-06-30T19:00:00+00:00,22.8,26.0
London,2026-06-24T17:16:41.755945+00:00,2026-06-30T21:00,2026-06-30T20:00:00+00:00,22.4,26.0
London,2026-06-24T17:16:41.755945+00:00,2026-06-30T22:00,2026-06-30T21:00:00+00:00,21.9,26.0
London,2026-06-24T17:16:41.755945+00:00,2026-06-30T23:00,2026-06-30T22:00:00+00:00,19.9,26.0
London,2026-06-24T17:16:41.755945+00:00,2026-07-01T00:00,2026-06-30T23:00:00+00:00,18.2,26.0
London,2026-06-24T17:16:41.755945+00:00,2026-07-01T01:00,2026-07-01T00:00:00+00:00,16.6,25.0
London,2026-06-24T17:16:41.755945+00:00,2026-07-01T02:00,2026-07-01T01:00:00+00:00,15.0,24.0
London,2026-06-24T17:16:41.755945+00:00,2026-07-01T03:00,2026-07-01T02:00:00+00:00,14.7,22.0
London,2026-06-24T17:16:41.755945+00:00,2026-07-01T04:00,2026-07-01T03:00:00+00:00,14.5,20.0
London,2026-06-24T17:16:41.755945+00:00,2026-07-01T05:00,2026-07-01T04:00:00+00:00,14.4,18.0
London,2026-06-24T17:16:41.755945+00:00,2026-07-01T06:00,2026-07-01T05:00:00+00:00,14.4,17.0
London,2026-06-24T17:16:41.755945+00:00,2026-07-01T07:00,2026-07-01T06:00:00+00:00,14.7,16.0
London,2026-06-24T17:16:41.755945+00:00,2026-07-01T08:00,2026-07-01T07:00:00+00:00,15.4,16.0
London,2026-06-24T17:16:41.755945+00:00,2026-07-01T09:00,2026-07-01T08:00:00+00:00,16.4,16.0
London,2026-06-24T17:16:41.755945+00:00,2026-07-01T10:00,2026-07-01T09:00:00+00:00,17.6,16.0
London,2026-06-24T17:16:41.755945+00:00,2026-07-01T11:00,2026-07-01T10:00:00+00:00,18.8,17.0
London,2026-06-24T17:16:41.755945+00:00,2026-07-01T12:00,2026-07-01T11:00:00+00:00,19.8,17.0
London,2026-06-24T17:16:41.755945+00:00,2026-07-01T13:00,2026-07-01T12:00:00+00:00,20.6,18.0
London,2026-06-24T17:16:41.755945+00:00,2026-07-01T14:00,2026-07-01T13:00:00+00:00,21.2,19.0
London,2026-06-24T17:16:41.755945+00:00,2026-07-01T15:00,2026-07-01T14:00:00+00:00,21.7,19.0
London,2026-06-24T17:16:41.755945+00:00,2026-07-01T16:00,2026-07-01T15:00:00+00:00,22.1,20.0
London,2026-06-24T17:16:41.755945+00:00,2026-07-01T17:00,2026-07-01T16:00:00+00:00,22.3,20.0
London,2026-06-24T17:16:41.755945+00:00,2026-07-01T18:00,2026-07-01T17:00:00+00:00,22.3,21.0
London,2026-06-24T17:16:41.755945+00:00,2026-07-01T19:00,2026-07-01T18:00:00+00:00,22.0,20.0
London,2026-06-24T17:16:41.755945+00:00,2026-07-01T20:00,2026-07-01T19:00:00+00:00,21.4,18.0
London,2026-06-24T17:16:41.755945+00:00,2026-07-01T21:00,2026-07-01T20:00:00+00:00,20.4,16.0
London,2026-06-24T17:16:41.755945+00:00,2026-07-01T22:00,2026-07-01T21:00:00+00:00,19.1,13.0
London,2026-06-24T17:16:41.755945+00:00,2026-07-01T23:00,2026-07-01T22:00:00+00:00,17.9,11.0
London,2026-06-24T17:16:41.755945+00:00,2026-07-02T00:00,2026-07-01T23:00:00+00:00,16.8,8.0
London,2026-06-24T17:16:41.755945+00:00,2026-07-02T01:00,2026-07-02T00:00:00+00:00,16.1,6.0
London,2026-06-24T17:16:41.755945+00:00,2026-07-02T02:00,2026-07-02T01:00:00+00:00,15.8,5.0
London,2026-06-24T17:16:41.755945+00:00,2026-07-02T03:00,2026-07-02T02:00:00+00:00,15.7,4.0
London,2026-06-24T17:16:41.755945+00:00,2026-07-02T04:00,2026-07-02T03:00:00+00:00,15.7,3.0
London,2026-06-24T17:16:41.755945+00:00,2026-07-02T05:00,2026-07-02T04:00:00+00:00,15.9,3.0
London,2026-06-24T17:16:41.755945+00:00,2026-07-02T06:00,2026-07-02T05:00:00+00:00,16.3,2.0
London,2026-06-24T17:16:41.755945+00:00,2026-07-02T07:00,2026-07-02T06:00:00+00:00,16.8,2.0
London,2026-06-24T17:16:41.755945+00:00,2026-07-02T08:00,2026-07-02T07:00:00+00:00,17.6,2.0
London,2026-06-24T17:16:41.755945+00:00,2026-07-02T09:00,2026-07-02T08:00:00+00:00,18.7,1.0
London,2026-06-24T17:16:41.755945+00:00,2026-07-02T10:00,2026-07-02T09:00:00+00:00,20.0,1.0
London,2026-06-24T17:16:41.755945+00:00,2026-07-02T11:00,2026-07-02T10:00:00+00:00,21.3,1.0
London,2026-06-24T17:16:41.755945+00:00,2026-07-02T12:00,2026-07-02T11:00:00+00:00,22.3,1.0
London,2026-06-24T17:16:41.755945+00:00,2026-07-02T13:00,2026-07-02T12:00:00+00:00,22.8,2.0
London,2026-06-24T17:16:41.755945+00:00,2026-07-02T14:00,2026-07-02T13:00:00+00:00,22.7,3.0
London,2026-06-24T17:16:41.755945+00:00,2026-07-02T15:00,2026-07-02T14:00:00+00:00,22.2,4.0
London,2026-06-24T17:16:41.755945+00:00,2026-07-02T16:00,2026-07-02T15:00:00+00:00,21.4,5.0
London,2026-06-24T17:16:41.755945+00:00,2026-07-02T17:00,2026-07-02T16:00:00+00:00,20.6,6.0
London,2026-06-24T17:16:41.755945+00:00,2026-07-02T18:00,2026-07-02T17:00:00+00:00,19.8,7.0
London,2026-06-24T17:16:41.755945+00:00,2026-07-02T19:00,2026-07-02T18:00:00+00:00,19.2,8.0
London,2026-06-24T17:16:41.755945+00:00,2026-07-02T20:00,2026-07-02T19:00:00+00:00,18.9,7.0
London,2026-06-24T17:16:41.755945+00:00,2026-07-02T21:00,2026-07-02T20:00:00+00:00,18.8,6.0
London,2026-06-24T17:16:41.755945+00:00,2026-07-02T22:00,2026-07-02T21:00:00+00:00,18.6,5.0
London,2026-06-24T17:16:41.755945+00:00,2026-07-02T23:00,2026-07-02T22:00:00+00:00,18.6,4.0
London,2026-06-24T17:16:41.755945+00:00,2026-07-03T00:00,2026-07-02T23:00:00+00:00,18.5,3.0
London,2026-06-24T17:16:41.755945+00:00,2026-07-03T01:00,2026-07-03T00:00:00+00:00,18.4,2.0
London,2026-06-24T17:16:41.755945+00:00,2026-07-03T02:00,2026-07-03T01:00:00+00:00,18.3,2.0
London,2026-06-24T17:16:41.755945+00:00,2026-07-03T03:00,2026-07-03T02:00:00+00:00,18.0,2.0
London,2026-06-24T17:16:41.755945+00:00,2026-07-03T04:00,2026-07-03T03:00:00+00:00,17.8,2.0
London,2026-06-24T17:16:41.755945+00:00,2026-07-03T05:00,2026-07-03T04:00:00+00:00,17.7,3.0
London,2026-06-24T17:16:41.755945+00:00,2026-07-03T06:00,2026-07-03T05:00:00+00:00,17.6,3.0
London,2026-06-24T17:16:41.755945+00:00,2026-07-03T07:00,2026-07-03T06:00:00+00:00,17.7,4.0
London,2026-06-24T17:16:41.755945+00:00,2026-07-03T08:00,2026-07-03T07:00:00+00:00,18.1,5.0
London,2026-06-24T17:16:41.755945+00:00,2026-07-03T09:00,2026-07-03T08:00:00+00:00,18.7,5.0
London,2026-06-24T17:16:41.755945+00:00,2026-07-03T10:00,2026-07-03T09:00:00+00:00,19.3,6.0
London,2026-06-24T17:16:41.755945+00:00,2026-07-03T11:00,2026-07-03T10:00:00+00:00,20.0,7.0
London,2026-06-24T17:16:41.755945+00:00,2026-07-03T12:00,2026-07-03T11:00:00+00:00,20.6,8.0
London,2026-06-24T17:16:41.755945+00:00,2026-07-03T13:00,2026-07-03T12:00:00+00:00,20.9,8.0
London,2026-06-24T17:16:41.755945+00:00,2026-07-03T14:00,2026-07-03T13:00:00+00:00,21.1,8.0
London,2026-06-24T17:16:41.755945+00:00,2026-07-03T15:00,2026-07-03T14:00:00+00:00,21.1,7.0
London,2026-06-24T17:16:41.755945+00:00,2026-07-03T16:00,2026-07-03T15:00:00+00:00,21.0,7.0
London,2026-06-24T17:16:41.755945+00:00,2026-07-03T17:00,2026-07-03T16:00:00+00:00,20.9,7.0
London,2026-06-24T17:16:41.755945+00:00,2026-07-03T18:00,2026-07-03T17:00:00+00:00,20.5,6.0
London,2026-06-24T17:16:41.755945+00:00,2026-07-03T19:00,2026-07-03T18:00:00+00:00,20.1,6.0
London,2026-06-24T17:16:41.755945+00:00,2026-07-03T20:00,2026-07-03T19:00:00+00:00,19.4,6.0
London,2026-06-24T17:16:41.755945+00:00,2026-07-03T21:00,2026-07-03T20:00:00+00:00,18.4,6.0
London,2026-06-24T17:16:41.755945+00:00,2026-07-03T22:00,2026-07-03T21:00:00+00:00,17.3,6.0
London,2026-06-24T17:16:41.755945+00:00,2026-07-03T23:00,2026-07-03T22:00:00+00:00,16.2,6.0
London,2026-06-24T17:16:41.755945+00:00,2026-07-04T00:00,2026-07-03T23:00:00+00:00,15.2,6.0
London,2026-06-24T17:16:41.755945+00:00,2026-07-04T01:00,2026-07-04T00:00:00+00:00,14.6,6.0
London,2026-06-24T17:16:41.755945+00:00,2026-07-04T02:00,2026-07-04T01:00:00+00:00,14.2,6.0
London,2026-06-24T17:16:41.755945+00:00,2026-07-04T03:00,2026-07-04T02:00:00+00:00,13.9,5.0
London,2026-06-24T17:16:41.755945+00:00,2026-07-04T04:00,2026-07-04T03:00:00+00:00,13.7,5.0
London,2026-06-24T17:16:41.755945+00:00,2026-07-04T05:00,2026-07-04T04:00:00+00:00,13.8,5.0
London,2026-06-24T17:16:41.755945+00:00,2026-07-04T06:00,2026-07-04T05:00:00+00:00,14.0,4.0
London,2026-06-24T17:16:41.755945+00:00,2026-07-04T07:00,2026-07-04T06:00:00+00:00,14.5,4.0
London,2026-06-24T17:16:41.755945+00:00,2026-07-04T08:00,2026-07-04T07:00:00+00:00,15.4,5.0
London,2026-06-24T17:16:41.755945+00:00,2026-07-04T09:00,2026-07-04T08:00:00+00:00,16.7,6.0
London,2026-06-24T17:16:41.755945+00:00,2026-07-04T10:00,2026-07-04T09:00:00+00:00,18.2,7.0
London,2026-06-24T17:16:41.755945+00:00,2026-07-04T11:00,2026-07-04T10:00:00+00:00,19.7,8.0
London,2026-06-24T17:16:41.755945+00:00,2026-07-04T12:00,2026-07-04T11:00:00+00:00,21.0,9.0
London,2026-06-24T17:16:41.755945+00:00,2026-07-04T13:00,2026-07-04T12:00:00+00:00,21.9,10.0
London,2026-06-24T17:16:41.755945+00:00,2026-07-04T14:00,2026-07-04T13:00:00+00:00,22.4,11.0
London,2026-06-24T17:16:41.755945+00:00,2026-07-04T15:00,2026-07-04T14:00:00+00:00,22.7,13.0
London,2026-06-24T17:16:41.755945+00:00,2026-07-04T16:00,2026-07-04T15:00:00+00:00,22.7,14.0
London,2026-06-24T17:16:41.755945+00:00,2026-07-04T17:00,2026-07-04T16:00:00+00:00,22.6,15.0
London,2026-06-24T17:16:41.755945+00:00,2026-07-04T18:00,2026-07-04T17:00:00+00:00,22.3,16.0
London,2026-06-24T17:16:41.755945+00:00,2026-07-04T19:00,2026-07-04T18:00:00+00:00,21.9,16.0
London,2026-06-24T17:16:41.755945+00:00,2026-07-04T20:00,2026-07-04T19:00:00+00:00,21.1,15.0
London,2026-06-24T17:16:41.755945+00:00,2026-07-04T21:00,2026-07-04T20:00:00+00:00,20.0,12.0
London,2026-06-24T17:16:41.755945+00:00,2026-07-04T22:00,2026-07-04T21:00:00+00:00,18.6,10.0
London,2026-06-24T17:16:41.755945+00:00,2026-07-04T23:00,2026-07-04T22:00:00+00:00,17.3,8.0
London,2026-06-24T17:16:41.755945+00:00,2026-07-05T00:00,2026-07-04T23:00:00+00:00,16.2,6.0
London,2026-06-24T17:16:41.755945+00:00,2026-07-05T01:00,2026-07-05T00:00:00+00:00,15.4,4.0
London,2026-06-24T17:16:41.755945+00:00,2026-07-05T02:00,2026-07-05T01:00:00+00:00,15.0,3.0
London,2026-06-24T17:16:41.755945+00:00,2026-07-05T03:00,2026-07-05T02:00:00+00:00,14.9,3.0
London,2026-06-24T17:16:41.755945+00:00,2026-07-05T04:00,2026-07-05T03:00:00+00:00,14.9,3.0
London,2026-06-24T17:16:41.755945+00:00,2026-07-05T05:00,2026-07-05T04:00:00+00:00,15.1,3.0
London,2026-06-24T17:16:41.755945+00:00,2026-07-05T06:00,2026-07-05T05:00:00+00:00,15.4,3.0
London,2026-06-24T17:16:41.755945+00:00,2026-07-05T07:00,2026-07-05T06:00:00+00:00,15.8,4.0
London,2026-06-24T17:16:41.755945+00:00,2026-07-05T08:00,2026-07-05T07:00:00+00:00,16.4,5.0
London,2026-06-24T17:16:41.755945+00:00,2026-07-05T09:00,2026-07-05T08:00:00+00:00,17.3,7.0
London,2026-06-24T17:16:41.755945+00:00,2026-07-05T10:00,2026-07-05T09:00:00+00:00,18.4,9.0
London,2026-06-24T17:16:41.755945+00:00,2026-07-05T11:00,2026-07-05T10:00:00+00:00,19.4,11.0
London,2026-06-24T17:16:41.755945+00:00,2026-07-05T12:00,2026-07-05T11:00:00+00:00,20.2,12.0
London,2026-06-24T17:16:41.755945+00:00,2026-07-05T13:00,2026-07-05T12:00:00+00:00,20.7,14.0
London,2026-06-24T17:16:41.755945+00:00,2026-07-05T14:00,2026-07-05T13:00:00+00:00,20.7,15.0
London,2026-06-24T17:16:41.755945+00:00,2026-07-05T15:00,2026-07-05T14:00:00+00:00,20.4,16.0
London,2026-06-24T17:16:41.755945+00:00,2026-07-05T16:00,2026-07-05T15:00:00+00:00,19.9,17.0
London,2026-06-24T17:16:41.755945+00:00,2026-07-05T17:00,2026-07-05T16:00:00+00:00,19.3,17.0
London,2026-06-24T17:16:41.755945+00:00,2026-07-05T18:00,2026-07-05T17:00:00+00:00,18.7,17.0
London,2026-06-24T17:16:41.755945+00:00,2026-07-05T19:00,2026-07-05T18:00:00+00:00,18.1,16.0
London,2026-06-24T17:16:41.755945+00:00,2026-07-05T20:00,2026-07-05T19:00:00+00:00,17.5,14.0
London,2026-06-24T17:16:41.755945+00:00,2026-07-05T21:00,2026-07-05T20:00:00+00:00,16.8,12.0
London,2026-06-24T17:16:41.755945+00:00,2026-07-05T22:00,2026-07-05T21:00:00+00:00,16.1,9.0
London,2026-06-24T17:16:41.755945+00:00,2026-07-05T23:00,2026-07-05T22:00:00+00:00,15.4,6.0
London,2026-06-24T17:16:41.755945+00:00,2026-07-06T00:00,2026-07-05T23:00:00+00:00,14.8,4.0
London,2026-06-24T17:16:41.755945+00:00,2026-07-06T01:00,2026-07-06T00:00:00+00:00,14.3,2.0
London,2026-06-24T17:16:41.755945+00:00,2026-07-06T02:00,2026-07-06T01:00:00+00:00,13.9,2.0
London,2026-06-24T17:16:41.755945+00:00,2026-07-06T03:00,2026-07-06T02:00:00+00:00,13.5,2.0
London,2026-06-24T17:16:41.755945+00:00,2026-07-06T04:00,2026-07-06T03:00:00+00:00,13.1,3.0
London,2026-06-24T17:16:41.755945+00:00,2026-07-06T05:00,2026-07-06T04:00:00+00:00,12.9,4.0
London,2026-06-24T17:16:41.755945+00:00,2026-07-06T06:00,2026-07-06T05:00:00+00:00,13.0,5.0
London,2026-06-24T17:16:41.755945+00:00,2026-07-06T07:00,2026-07-06T06:00:00+00:00,13.3,6.0
London,2026-06-24T17:16:41.755945+00:00,2026-07-06T08:00,2026-07-06T07:00:00+00:00,14.1,7.0
London,2026-06-24T17:16:41.755945+00:00,2026-07-06T09:00,2026-07-06T08:00:00+00:00,15.3,8.0
London,2026-06-24T17:16:41.755945+00:00,2026-07-06T10:00,2026-07-06T09:00:00+00:00,16.8,8.0
London,2026-06-24T17:16:41.755945+00:00,2026-07-06T11:00,2026-07-06T10:00:00+00:00,18.3,8.0
London,2026-06-24T17:16:41.755945+00:00,2026-07-06T12:00,2026-07-06T11:00:00+00:00,19.6,8.0
London,2026-06-24T17:16:41.755945+00:00,2026-07-06T13:00,2026-07-06T12:00:00+00:00,20.5,8.0
London,2026-06-24T17:16:41.755945+00:00,2026-07-06T14:00,2026-07-06T13:00:00+00:00,21.1,7.0
London,2026-06-24T17:16:41.755945+00:00,2026-07-06T15:00,2026-07-06T14:00:00+00:00,21.6,7.0
London,2026-06-24T17:16:41.755945+00:00,2026-07-06T16:00,2026-07-06T15:00:00+00:00,21.9,6.0
London,2026-06-24T17:16:41.755945+00:00,2026-07-06T17:00,2026-07-06T16:00:00+00:00,22.0,5.0
London,2026-06-24T17:16:41.755945+00:00,2026-07-06T18:00,2026-07-06T17:00:00+00:00,21.8,5.0
London,2026-06-24T17:16:41.755945+00:00,2026-07-06T19:00,2026-07-06T18:00:00+00:00,21.5,4.0
London,2026-06-24T17:16:41.755945+00:00,2026-07-06T20:00,2026-07-06T19:00:00+00:00,20.8,3.0
London,2026-06-24T17:16:41.755945+00:00,2026-07-06T21:00,2026-07-06T20:00:00+00:00,19.8,3.0
London,2026-06-24T17:16:41.755945+00:00,2026-07-06T22:00,2026-07-06T21:00:00+00:00,18.5,2.0
London,2026-06-24T17:16:41.755945+00:00,2026-07-06T23:00,2026-07-06T22:00:00+00:00,17.3,1.0
London,2026-06-24T17:16:41.755945+00:00,2026-07-07T00:00,2026-07-06T23:00:00+00:00,16.1,0.0
London,2026-06-24T17:16:41.755945+00:00,2026-07-07T01:00,2026-07-07T00:00:00+00:00,15.4,0.0
London,2026-06-24T17:16:41.755945+00:00,2026-07-07T02:00,2026-07-07T01:00:00+00:00,14.9,0.0
London,2026-06-24T17:16:41.755945+00:00,2026-07-07T03:00,2026-07-07T02:00:00+00:00,14.7,1.0
London,2026-06-24T17:16:41.755945+00:00,2026-07-07T04:00,2026-07-07T03:00:00+00:00,14.6,1.0
London,2026-06-24T17:16:41.755945+00:00,2026-07-07T05:00,2026-07-07T04:00:00+00:00,14.6,1.0
London,2026-06-24T17:16:41.755945+00:00,2026-07-07T06:00,2026-07-07T05:00:00+00:00,14.8,2.0
London,2026-06-24T17:16:41.755945+00:00,2026-07-07T07:00,2026-07-07T06:00:00+00:00,15.1,2.0
London,2026-06-24T17:16:41.755945+00:00,2026-07-07T08:00,2026-07-07T07:00:00+00:00,15.6,2.0
London,2026-06-24T17:16:41.755945+00:00,2026-07-07T09:00,2026-07-07T08:00:00+00:00,16.2,2.0
London,2026-06-24T17:16:41.755945+00:00,2026-07-07T10:00,2026-07-07T09:00:00+00:00,17.1,2.0
London,2026-06-24T17:16:41.755945+00:00,2026-07-07T11:00,2026-07-07T10:00:00+00:00,17.9,2.0
London,2026-06-24T17:16:41.755945+00:00,2026-07-07T12:00,2026-07-07T11:00:00+00:00,18.7,2.0
London,2026-06-24T17:16:41.755945+00:00,2026-07-07T13:00,2026-07-07T12:00:00+00:00,19.4,2.0
London,2026-06-24T17:16:41.755945+00:00,2026-07-07T14:00,2026-07-07T13:00:00+00:00,20.1,3.0
London,2026-06-24T17:16:41.755945+00:00,2026-07-07T15:00,2026-07-07T14:00:00+00:00,20.7,3.0
London,2026-06-24T17:16:41.755945+00:00,2026-07-07T16:00,2026-07-07T15:00:00+00:00,21.3,4.0
London,2026-06-24T17:16:41.755945+00:00,2026-07-07T17:00,2026-07-07T16:00:00+00:00,21.8,5.0
London,2026-06-24T17:16:41.755945+00:00,2026-07-07T18:00,2026-07-07T17:00:00+00:00,22.1,6.0
London,2026-06-24T17:16:41.755945+00:00,2026-07-07T19:00,2026-07-07T18:00:00+00:00,22.1,6.0
London,2026-06-24T17:16:41.755945+00:00,2026-07-07T20:00,2026-07-07T19:00:00+00:00,21.7,5.0
London,2026-06-24T17:16:41.755945+00:00,2026-07-07T21:00,2026-07-07T20:00:00+00:00,20.9,4.0
London,2026-06-24T17:16:41.755945+00:00,2026-07-07T22:00,2026-07-07T21:00:00+00:00,19.9,3.0
London,2026-06-24T17:16:41.755945+00:00,2026-07-07T23:00,2026-07-07T22:00:00+00:00,18.9,2.0
London,2026-06-24T17:16:41.755945+00:00,2026-07-08T00:00,2026-07-07T23:00:00+00:00,18.0,1.0
London,2026-06-24T17:16:41.755945+00:00,2026-07-08T01:00,2026-07-08T00:00:00+00:00,17.3,0.0
London,2026-06-24T17:16:41.755945+00:00,2026-07-08T02:00,2026-07-08T01:00:00+00:00,16.9,0.0
London,2026-06-24T17:16:41.755945+00:00,2026-07-08T03:00,2026-07-08T02:00:00+00:00,16.5,0.0
London,2026-06-24T17:16:41.755945+00:00,2026-07-08T04:00,2026-07-08T03:00:00+00:00,16.2,1.0
London,2026-06-24T17:16:41.755945+00:00,2026-07-08T05:00,2026-07-08T04:00:00+00:00,16.0,2.0
London,2026-06-24T17:16:41.755945+00:00,2026-07-08T06:00,2026-07-08T05:00:00+00:00,16.0,3.0
London,2026-06-24T17:16:41.755945+00:00,2026-07-08T07:00,2026-07-08T06:00:00+00:00,16.2,4.0
London,2026-06-24T17:16:41.755945+00:00,2026-07-08T08:00,2026-07-08T07:00:00+00:00,16.8,6.0
London,2026-06-24T17:16:41.755945+00:00,2026-07-08T09:00,2026-07-08T08:00:00+00:00,17.6,8.0
London,2026-06-24T17:16:41.755945+00:00,2026-07-08T10:00,2026-07-08T09:00:00+00:00,18.6,10.0
London,2026-06-24T17:16:41.755945+00:00,2026-07-08T11:00,2026-07-08T10:00:00+00:00,19.6,12.0
London,2026-06-24T17:16:41.755945+00:00,2026-07-08T12:00,2026-07-08T11:00:00+00:00,20.5,13.0
London,2026-06-24T17:16:41.755945+00:00,2026-07-08T13:00,2026-07-08T12:00:00+00:00,21.2,14.0
London,2026-06-24T17:16:41.755945+00:00,2026-07-08T14:00,2026-07-08T13:00:00+00:00,21.6,14.0
London,2026-06-24T17:16:41.755945+00:00,2026-07-08T15:00,2026-07-08T14:00:00+00:00,21.9,14.0
London,2026-06-24T17:16:41.755945+00:00,2026-07-08T16:00,2026-07-08T15:00:00+00:00,22.1,13.0
London,2026-06-24T17:16:41.755945+00:00,2026-07-08T17:00,2026-07-08T16:00:00+00:00,22.1,12.0
London,2026-06-24T17:16:41.755945+00:00,2026-07-08T18:00,2026-07-08T17:00:00+00:00,21.9,11.0
London,2026-06-24T17:16:41.755945+00:00,2026-07-08T19:00,2026-07-08T18:00:00+00:00,21.6,10.0
London,2026-06-24T17:16:41.755945+00:00,2026-07-08T20:00,2026-07-08T19:00:00+00:00,20.9,10.0
London,2026-06-24T17:16:41.755945+00:00,2026-07-08T21:00,2026-07-08T20:00:00+00:00,19.8,10.0
London,2026-06-24T17:16:41.755945+00:00,2026-07-08T22:00,2026-07-08T21:00:00+00:00,18.6,10.0
London,2026-06-24T17:16:41.755945+00:00,2026-07-08T23:00,2026-07-08T22:00:00+00:00,17.3,10.0
London,2026-06-24T17:16:41.755945+00:00,2026-07-09T00:00,2026-07-08T23:00:00+00:00,16.2,10.0
London,2026-06-24T17:16:41.755945+00:00,2026-07-09T01:00,2026-07-09T00:00:00+00:00,15.5,10.0
London,2026-06-24T17:16:41.755945+00:00,2026-07-09T02:00,2026-07-09T01:00:00+00:00,15.3,10.0
London,2026-06-24T17:16:41.755945+00:00,2026-07-09T03:00,2026-07-09T02:00:00+00:00,15.4,10.0
London,2026-06-24T17:16:41.755945+00:00,2026-07-09T04:00,2026-07-09T03:00:00+00:00,,
London,2026-06-24T17:16:41.755945+00:00,2026-07-09T05:00,2026-07-09T04:00:00+00:00,,
London,2026-06-24T17:16:41.755945+00:00,2026-07-09T06:00,2026-07-09T05:00:00+00:00,,
London,2026-06-24T17:16:41.755945+00:00,2026-07-09T07:00,2026-07-09T06:00:00+00:00,,
London,2026-06-24T17:16:41.755945+00:00,2026-07-09T08:00,2026-07-09T07:00:00+00:00,,
London,2026-06-24T17:16:41.755945+00:00,2026-07-09T09:00,2026-07-09T08:00:00+00:00,,
London,2026-06-24T17:16:41.755945+00:00,2026-07-09T10:00,2026-07-09T09:00:00+00:00,,
London,2026-06-24T17:16:41.755945+00:00,2026-07-09T11:00,2026-07-09T10:00:00+00:00,,
London,2026-06-24T17:16:41.755945+00:00,2026-07-09T12:00,2026-07-09T11:00:00+00:00,,
London,2026-06-24T17:16:41.755945+00:00,2026-07-09T13:00,2026-07-09T12:00:00+00:00,,
London,2026-06-24T17:16:41.755945+00:00,2026-07-09T14:00,2026-07-09T13:00:00+00:00,,
London,2026-06-24T17:16:41.755945+00:00,2026-07-09T15:00,2026-07-09T14:00:00+00:00,,
London,2026-06-24T17:16:41.755945+00:00,2026-07-09T16:00,2026-07-09T15:00:00+00:00,,
London,2026-06-24T17:16:41.755945+00:00,2026-07-09T17:00,2026-07-09T16:00:00+00:00,,
London,2026-06-24T17:16:41.755945+00:00,2026-07-09T18:00,2026-07-09T17:00:00+00:00,,
London,2026-06-24T17:16:41.755945+00:00,2026-07-09T19:00,2026-07-09T18:00:00+00:00,,
London,2026-06-24T17:16:41.755945+00:00,2026-07-09T20:00,2026-07-09T19:00:00+00:00,,
London,2026-06-24T17:16:41.755945+00:00,2026-07-09T21:00,2026-07-09T20:00:00+00:00,,
London,2026-06-24T17:16:41.755945+00:00,2026-07-09T22:00,2026-07-09T21:00:00+00:00,,
London,2026-06-24T17:16:41.755945+00:00,2026-07-09T23:00,2026-07-09T22:00:00+00:00,,
